Time_[s],PtfmSurge_[m],PtfmSway_[m],PtfmHeave_[m],PtfmRoll_[deg],PtfmPitch_[deg],PtfmYaw_[deg]
0.0,5.000001115446384,1.4069317804195216e-06,2.0436526121390655e-06,1.0210112807255724e-07,1.899995401133846,0.0
0.1,4.998858898349114,-1.497701572704652e-06,0.00019284867767020524,4.893291100958853e-07,1.8987488378845576,0.0
0.2,4.995344384203666,1.4069317804195216e-06,0.0008021937576943521,-4.157406674184052e-06,1.8949629791274598,0.0
0.30000000000000004,4.989677230144132,7.216198486667869e-06,0.0018177688910679302,-1.3450878242743929e-05,1.8887994163948676,-7.076583673083064e-06
0.4,4.98212102473142,4.311565133543695e-06,0.0032334190769826147,-2.995722728114068e-06,1.880558248246795,-1.4153167346166128e-05
0.5,4.973027219380074,-4.402334925828826e-06,0.005030679313013432,2.7595287851728858e-05,1.870816587298653,-2.8306334692332256e-05
0.6000000000000001,4.962703334077823,-2.1830135044573867e-05,0.007203394598352056,7.832215349678485e-05,1.8600592081473875,-5.661266938466451e-05
0.7000000000000001,4.951632614519663,-3.925793516331891e-05,0.009751564932998488,0.00012904901914184084,1.848955561426875,-9.199558775007984e-05
0.8,4.940210443546958,-4.2162568516443084e-05,0.012687500318569378,0.0001449253664047973,1.838244351284842,-0.00013445508978857822
0.9,4.92887613542789,-2.7639401750822216e-05,0.0160050457542564,0.00011394712784293104,1.8284796058320836,-0.0001556848408078274
1.0,4.918069004430639,7.216198486667869e-06,0.019691891238442904,3.0305883725892153e-05,1.8202615221886274,-0.00016276142448091047
1.1,4.908008707689295,6.530886554915135e-05,0.02372341676789559,-0.00010909618980250599,1.813982536932953,-0.00014860825713474435
1.2000000000000002,4.899090628045222,0.00013211543267100734,0.028062692337764518,-0.00027211917023432715,1.8099427486250743,-0.00012737850611549515
1.3,4.891490491205692,0.000193112733086615,0.032678942944008055,-0.00041810411945712185,1.8082575797880733,-0.00010614875509624596
1.4000000000000001,4.885384022877977,0.00023377760003035343,0.03752908358096793,-0.000507941011286534,1.8088577769081011,-0.00010614875509624596
1.5,4.880815154488896,0.00024539613344285013,0.04259464924621917,-0.0005191706227652105,1.8114894104343764,-0.00011322533876932902
1.6,4.877783886038447,0.00023958686673660175,0.0478325549341035,-0.0004769627727246677,1.8157831282930361,-0.00013445508978857822
1.7000000000000002,4.876290217526631,0.00023087296667722925,0.053224335642195954,-0.000434754922684125,1.821161817868669,-0.00016983800815399355
1.8,4.876290217526631,0.00024539613344285013,0.05872690636483825,-0.0004428867103066149,1.8271407045643295,-0.00020522092651940885
1.9000000000000001,4.8776081603311745,0.0002889656337397127,0.06430333709718045,-0.000533885286082097,1.8330734222507572,-0.00023352726121174112
2.0,4.8801122516598054,0.00036158146756781707,0.06991669783437258,-0.0006957465825678481,1.8383597738079243,-0.00026183359590407337
2.1,4.883758560085708,0.00044291120145529395,0.07553621357237304,-0.0008823904699030923,1.8425380691435018,-0.00028306334692332255
2.2,4.888459222755244,0.0005155270352833983,0.08113726430794854,-0.0010469623622630067,1.8451235336605443,-0.00030429309794257177
2.3000000000000003,4.8940824453879594,0.0005678104356396334,0.08668292003624911,-0.0011495777774991887,1.8458391533036542,-0.0003538291836541532
2.4000000000000004,4.900628227983855,0.000593952135817751,0.09215471575484978,-0.0011770709642228451,1.8446156745589823,-0.0004316716040580669
2.5,4.90814050196975,0.0005968567691708751,0.09750341145728396,-0.0011356375701463489,1.8414530974265286,-0.0005236671918081467
2.6,4.916707130199278,0.0005823336024052542,0.10269823213951002,-0.0010384433466584936,1.8365822669524576,-0.0006227393632313096
2.7,4.92632811267244,0.0005532872688740125,0.10767762779344471,-0.0008998157290941421,1.8303263662013998,-0.0007218115346544725
2.8000000000000003,4.937135243669692,0.0005155270352833983,0.11240466841423809,-0.0007352438367342276,1.8231009162564509,-0.0008138071224045524
2.9000000000000004,4.9493042488983034,0.00047486216833965986,0.11684857899784853,-0.0005559572810574267,1.8154137762191729,-0.0008987261264815492
3.0,4.962835128358277,0.0004371019347490456,0.1209970495426594,-0.0003720239895963458,1.8077035516772786,-0.0009765685468854628
3.1,4.977859676330064,0.00039934170115843133,0.12483777004705401,-0.00018731624217121828,1.8004088482184804,-0.0010402577999432104
3.2,4.9944218242404865,0.00036158146756781707,0.1283707405110324,-1.0595828179974273e-06,1.7939451869258745,-0.0010897938856547918
3.3000000000000003,5.012433709235904,0.0003238212339772028,0.1315836509329779,0.00018403539258915344,1.788589581854858,-0.0011464065550394564
3.4000000000000004,5.031983194169957,0.0002918702670928369,0.1344518813096572,0.00036293472028393106,1.7845497935469792,-0.0011888660570779548
3.5,5.052938484762187,0.00026572856691471934,0.13695081163783707,0.0005286682965899155,1.781918160020704,-0.0012384021427895363
3.6,5.075167786732143,0.00024539613344285013,0.13905582191428412,0.0006769766137048502,1.7806715967714155,-0.0012879382285011177
3.7,5.098539305799369,0.00023087296667722925,0.14074844713657342,0.0008082468996107585,1.7806715967714155,-0.0013445508978857821
3.8000000000000003,5.122789453402957,0.0002250636999709809,0.14203484230551328,0.0009228663822896635,1.78161806146069,-0.0014153167346166128
3.9000000000000004,5.147654640981997,0.00022796833332410508,0.14292116242191202,0.0010065076264067024,1.7831185542607593,-0.0015002357386936095
4.0,5.17295914282922,0.0002512054001490985,0.14342587248819466,0.0010320646732202422,1.7847113850792944,-0.0015993079101167724
4.1000000000000005,5.198351507530078,0.0003034888005053336,0.1435612825059778,0.0009701081960965096,1.7858886948147332,-0.0016913034978668522
4.2,5.223524215096846,0.00039643706780530713,0.1433397024768781,0.0008074724436467118,1.7861426243655143,-0.001783299085616932
4.3,5.2483015398222514,0.0005184316686365224,0.14276113240089558,0.0005654549548821317,1.7850807371531576,-0.001868218089693929
4.4,5.272463824572203,0.0006491401695271102,0.14183172727883855,0.00029478259544782527,1.7823105965991837,-0.0019602136774440086
4.5,5.295835343639428,0.0007682301370052014,0.14055764211151534,5.70246144855018e-05,1.777670611171277,-0.0020592858488671715
4.6000000000000005,5.318284302743475,0.0008582737709520508,0.13893887689892595,-9.82538063058528e-05,1.7709761048325066,-0.0021795877713095837
4.7,5.339766770457523,0.0009105571713082859,0.13700005164430365,-0.00014975512791495543,1.7622501620874884,-0.002321119444771245
4.800000000000001,5.360282746781572,0.0009279849714270309,0.1347411663476485,-0.00010638559392834268,1.7516312899639215,-0.0024838808692521554
4.9,5.379876163142442,0.0009221757047207826,0.13217453101057708,7.072204804492464e-06,1.7393272490033536,-0.002653718877406149
5.0,5.398634882393768,0.0009018432712489134,0.12930630063389775,0.00016622290541608035,1.7257304757842644,-0.0028164803018870593
5.1000000000000005,5.416602835962369,0.0008727969377176716,0.12612416521599387,0.00035480293266144117,1.7111641533712845,-0.002972165142694887
5.2,5.4339996809823345,0.0008350367041270574,0.12264043475848209,0.0005697144626843883,1.696066887352126,-0.003113696816156548
5.300000000000001,5.450869348880482,0.0007914672038301948,0.11887357426378738,0.000813668091359085,1.6808311143052692,-0.0032481519059451265
5.4,5.467343633937268,0.0007333745367677113,0.1148235837319097,0.0010916977824518346,1.6658031017999602,-0.0033826069957337045
5.5,5.483510399006326,0.0006665679696458553,0.11052123816689073,0.0014045779919266838,1.651282948396213,-0.003517062085522283
5.6000000000000005,5.49954536979493,0.0005881428691115026,0.10597884757034709,0.0017430152482150725,1.637524583644809,-0.003651517175310861
5.7,5.51544854630308,0.00050971776857715,0.10119641194227878,0.0020895842921259513,1.624712683582679,-0.003793048848772522
5.800000000000001,5.531263859957594,0.0004371019347490456,0.09616777628187749,0.0024198897607918502,1.612916501723673,-0.003941657105907267
5.9,5.54703524218529,0.0003819139010396863,0.09089294058914321,0.0027060512395070896,1.6021129535631744,-0.004097341946715094
6.0,5.562762692986167,0.00034996293415532037,0.08537190486407595,0.0029275456452244335,1.5922327855873337,-0.004267179954869088
6.1000000000000005,5.578402280933409,0.000344153667449072,0.07961697910829234,0.003071981682519135,1.5830220682453702,-0.004444094546696164
6.2,5.593866143173378,0.00037029536762718957,0.07364047332340903,0.003131227563768704,1.5742499564911192,-0.004635162305869407
6.300000000000001,5.609066416852438,0.00042838803468967304,0.06746085251185102,0.003100636553188861,1.565570182755334,-0.004833306648715733
6.4,5.623959170543772,0.0005155270352833983,0.06110889167765991,0.002977885282887466,1.5566595639733842,-0.005038527575235142
6.5,5.638456541393744,0.0006375216361146136,0.05459074582164404,0.002768782172594869,1.5472872550991055,-0.005243748501754551
6.6000000000000005,5.652558529402351,0.0007798486704176981,0.0479064149438034,0.0024981098131605624,1.5372454955909498,-0.005448969428273959
6.7,5.666221203142778,0.0009279849714270309,0.04106205404494632,0.002209624966553183,1.5263726939166018,-0.005668343522139534
6.800000000000001,5.679488494041843,0.001064502739023867,0.03405150812426447,0.0019579267782380196,1.5146688500760617,-0.005901870783351275
6.9,5.692404333526363,0.0011690695397363374,0.02688093218256617,0.0017914187459679887,1.5022032175831785,-0.0061495512119091825
7.0,5.705100515876792,0.0012329714735050692,0.019562636221468085,0.0017344962326105594,1.489091218961035,-0.006411384807813256
7.1000000000000005,5.717577041093131,0.0012591131736831868,0.01210277524177853,0.001785997554219662,1.4755636992557952,-0.006701524738409662
7.2,5.730009634882651,0.0012533039069769383,0.004513659245114155,0.0019242379438019902,1.4618745880182404,-0.0069845880853329845
7.300000000000001,5.742530091525808,0.001230066840151945,-0.0032047117685250377,0.0021232731265619807,1.4483701528176172,-0.007267651432256307
7.4,5.755226273876237,0.0011894019732082066,-0.011033872796714075,0.0023672267552366775,1.435396661223172,-0.007536561611833463
7.5,5.768317839068029,0.0011371185728519715,-0.018979978840261282,0.00265609882982608,1.4233465498133853,-0.007791318624064453
7.6000000000000005,5.781848718528002,0.001064502739023867,-0.02703071989755001,0.003000344505844819,1.4125430016528866,-0.008038999052622361
7.7,5.795906775109792,0.0009715544717238936,-0.03516147596534696,0.0034077083429333603,1.4033091998063065,-0.008286679481180267
7.800000000000001,5.810623803093853,0.0008582737709520508,-0.04336609204284381,0.0038727691493433774,1.3958529048151933,-0.008541436493411258
7.9,5.8259558710533685,0.0007304699034145871,-0.051613793125998925,0.0043738421580815645,1.3903357082118617,-0.008817423256661497
8.0,5.841946910415155,0.0006055706692302477,-0.05991073421562064,0.004876464078747844,1.3868268635101613,-0.00910048660358482
8.1,5.858596921179212,0.0004922899684584049,-0.06823845030928398,0.005338427061301674,1.3853725397193248,-0.009397703117854308
8.200000000000001,5.875774109065087,0.00041096023457092804,-0.07659694140698894,0.005721008307540723,1.3859034833255033,-0.009701996215796881
8.3,5.89343454264596,0.0003673907342740654,-0.08498005250792721,0.0059959401747772855,1.3882811873009977,-0.010006289313739453
8.4,5.911490359068197,0.0003673907342740654,-0.09336316360886547,0.0061485079996944775,1.3923209756088764,-0.010317658995355108
8.5,5.929765832624525,0.00041096023457092804,-0.10172780970737876,0.0061775500983462265,1.397745834193742,-0.010629028676970763
8.6,5.9481291690344875,0.000495194601811529,-0.11003706079861712,0.006090811030373002,1.4042787490001976,-0.010954551525932584
8.700000000000001,5.966404642590815,0.000611379935936496,-0.11826014187853895,0.005903779915055734,1.4116657904774614,-0.011287150958567487
8.8,5.984504390439869,0.0007595162369458289,-0.12637858794471923,0.005638141519387731,1.4196761135793696,-0.011626826974875474
8.9,6.002340549728015,0.0009192710713676585,-0.13438008899554138,0.0053256485378949045,1.4281019577643739,-0.011973579574856544
9.0,6.019737394747981,0.0010819305391426121,-0.1422523350293887,0.005006959908689706,1.436827900509392,-0.012320332174837615
9.1,6.036694925499765,0.001230066840151945,-0.14998917104545284,0.004726219621722792,1.4458308573098075,-0.012674161358491767
9.200000000000001,6.05316921055655,0.0013491568076300362,-0.1575721320413089,0.004524861071070662,1.4551569971748535,-0.013035067125819004
9.3,6.069160249918337,0.001430486541517513,-0.16498275301453186,0.004430764671438993,1.4648524891137624,-0.013410126060492406
9.4,6.084668043585124,0.0014682467751081273,-0.17220256896269676,0.004449738842558136,1.4750558401542333,-0.013792261578838892
9.5,6.099692591556912,0.0014711514084612513,-0.17919464988095363,0.004568617833039299,1.4859055573239648,-0.014174397097185378
9.600000000000001,6.114321756687337,0.0014450097082831339,-0.18595284076849417,0.004766878559835242,1.497563232155272,-0.014556532615531862
9.700000000000001,6.128555538976399,0.001398535574633147,-0.19245252162208507,0.005027095763754918,1.5101904561804704,-0.014924514966532182
9.8,6.142437869850917,0.001331729007511291,-0.1986813824401097,0.005343461025067978,1.5239949899411074,-0.015278344150186335
9.9,6.1560126807377085,0.00124749464027069,-0.20463326822175967,0.0057175232557025125,1.5390691714556493,-0.01563217333384049
10.0,6.169279971636772,0.0011429278395582198,-0.21028355896380177,0.006148895227676501,1.5555284232471782,-0.01598600251749464
10.100000000000001,6.18223974254811,0.0010180286053738804,-0.21561994466461928,0.006624798417583171,1.573372745315694,-0.016346908284821878
10.200000000000001,6.194891993471721,0.0008902247378364166,-0.2206239603217873,0.007117352410716845,1.592602137661197,-0.01672196721949528
10.3,6.207236724407606,0.0007711347703583256,-0.2252771409328808,0.007583574901072932,1.6131011777606046,-0.01711117932151485
10.4,6.2191860725021275,0.000678186503058352,-0.22957948649789975,0.007977385758790655,1.6347313585862184,-0.0175074680072075
10.5,6.230696106328468,0.0006259031027021169,-0.23351253201441924,0.008260062185667686,1.65728491959649,-0.017903756692900154
10.600000000000001,6.241678963032991,0.0006200938359958685,-0.23707012248163092,0.008407596046818573,1.6805079312406388,-0.018307121962265888
10.700000000000001,6.252090711188879,0.0006636633362927312,-0.24024610289872647,0.008411081098656783,1.7041233794632673,-0.018703410647958538
10.8,6.261799556515679,0.0007566116035927047,-0.2430158532624726,0.00827555130494862,1.727808081199745,-0.01910677591732427
10.9,6.270717636159752,0.0008931293711895409,-0.24536706357125265,0.008018044696903105,1.7512619378900582,-0.01951014118669001
11.0,6.27880101869428,0.001061598105670743,-0.24727511382183331,0.007662956637387713,1.7742079354788096,-0.019913506456055743
11.100000000000001,6.286049704119266,0.0012533039069769383,-0.24872769401259795,0.0072397164530362155,1.7963690599106017,-0.020331024892767644
11.200000000000001,6.292331898154254,0.0014537236083425064,-0.24971864914273822,0.006783561890212736,1.8175837196531193,-0.020748543329479542
11.3,6.297691532226061,0.0016541433097080744,-0.25024797921225417,0.006332828519137581,1.8377134076786636,-0.021173138349864527
11.4,6.302216469188325,0.0018342305776017731,-0.25032183922195406,0.0059281752779232035,1.856711954978002,-0.021597733370249513
11.5,6.305862777614227,0.0019852715119642304,-0.24993407417102959,0.005606776052843841,1.8745793615511344,-0.022036481557980662
11.600000000000001,6.308762251784221,0.0020956475793829487,-0.24908468405948078,0.005392251750802917,1.8913617964072935,-0.02248938291305798
11.700000000000001,6.310958823125126,0.002165358779857929,-0.24776135888569095,0.005291572475476852,1.907082344051096,-0.022942284268135292
11.8,6.312584285917395,0.002197309746742295,-0.24595794364885182,0.005295057527315062,1.9218333425010077,-0.02339518562321261
11.9,6.313726503014665,0.002197309746742295,-0.24367443834896335,0.005385281647126497,1.935753298784727,-0.023848086978289926
12.0,6.314517268697391,0.0021740726799173013,-0.2409169979868339,0.005543657891774039,1.94893455092072,-0.02429391174969416
12.100000000000001,6.3150444458192085,0.002133407812973563,-0.2376794675616551,0.005760118333725079,1.9614925214320689,-0.024732659937425308
12.200000000000001,6.315351965806935,0.0020724105125579555,-0.2339741570750436,0.006030403465177362,1.9735195483372394,-0.025171408125156457
12.3,6.3156594857946615,0.0019939854120236025,-0.22980106652699944,0.006349092094382561,1.9850156316362315,-0.02561015631288761
12.4,6.3159670057823885,0.0019039417780767533,-0.22516635091833093,0.00670030787407772,1.9960269403382782,-0.02604890450061876
12.5,6.316362388623751,0.001813898144129904,-0.22007001024903808,0.007052685337718949,2.006576558947996,-0.026501805855696076
12.600000000000001,6.316889565745568,0.0017383776769486754,-0.21451819951992918,0.0073659527751758205,2.016549064942302,-0.026968860378119557
12.700000000000001,6.317680331428294,0.0016948081766518129,-0.20852938373342922,0.007594417284569584,2.0258982893119644,-0.027450068067889206
12.8,6.31869075424511,0.0016919035432986886,-0.20211587289115487,0.0077028411195361165,2.0345088095339006,-0.02792419917398577
12.9,6.319964765622835,0.0017412823103017995,-0.19528997699472275,0.0076707011970281805,2.042219034075795,-0.02840540686375542
13.0,6.321546296988286,0.0018400398443080214,-0.18806400604574955,0.007494512465207566,2.0489135404145653,-0.02889369113719815
13.100000000000001,6.323435348341464,0.0019852715119642304,-0.18044411504504354,0.00718666621949902,2.054453821522513,-0.029389051994313964
13.200000000000001,6.325675851109187,0.002168263413211053,-0.1724364589934131,0.006767298314967756,2.0586782858673236,-0.02988441285142978
13.3,6.328311736718272,0.002383206281342242,-0.16405334789247483,0.006263514710355406,2.061517679935147,-0.03039392687589176
13.4,6.331343005168721,0.002612672316239052,-0.1553070917438454,0.005707455328169906,2.062902750212134,-0.030910517484026824
13.5,6.334857519314169,0.00284794761784211,-0.14622231055075813,0.005135132370739428,2.0628334966982846,-0.03143418467583497
13.600000000000001,6.338943142008252,0.0030745090193857955,-0.13682977931725462,0.004584881408284278,2.0614022574120647,-0.0319649284513162
13.700000000000001,6.3435998732509695,0.0032778333541044874,-0.12716027304737648,0.0040954252390067915,2.05870137037194,-0.0325098253941436
13.8,6.349003438749595,0.0034492067219388137,-0.11723841174435705,0.003700065469360973,2.054846258100993,-0.033054722336970994
13.9,6.355197769930946,0.003574105956123153,-0.10708881541142959,0.003420099638358107,2.050021596636155,-0.03361377244714456
14.0,6.362270729648659,0.003658340323363754,-0.09673610405182742,0.0032617233937105657,2.0444120620143575,-0.034172822557318114
14.100000000000001,6.370310180756371,0.003701909823660617,-0.08620489766878382,0.003218353859723953,2.038248499281765,-0.03473187266749168
14.200000000000001,6.379403986107716,0.003707719090366865,-0.07551981626553211,0.0032760508290454286,2.0317386689799264,-0.035297999361338324
14.3,6.3895960771295135,0.003684482023541872,-0.06471163484611392,0.00341700181450192,2.025044162641156,-0.0358499728878388
14.4,6.4009743166754,0.003640912523245009,-0.05382959341699582,0.003626879380758564,2.018372740807002,-0.03640194641433928
14.5,6.413538704745375,0.003574105956123153,-0.0428921569806028,0.003894453916336684,2.0118859950097794,-0.036960996524512846
14.600000000000001,6.427333172766256,0.0034927762222356764,-0.031942410542593135,0.004206172441865463,2.0056993477725706,-0.03752004663468641
14.700000000000001,6.442357720738045,0.0034056372216419513,-0.02101112910700844,0.004539962962369572,1.9999051371138419,-0.03809324991220613
14.8,6.458568417233921,0.0033214028544013502,-0.010135242678698668,0.004862136643412981,1.9945726165474418,-0.03868768294074511
14.9,6.4759213308270684,0.0032575009206326183,0.0006544737382945589,0.005131260090919194,1.9897017860733708,-0.039289192552957174
15.0,6.494372530090668,0.0032284545871013766,0.011321090139121292,0.0053062871387937385,1.9852926456916289,-0.039897778748842316
15.100000000000001,6.513878083597901,0.0032429777538669972,0.02182767651893158,0.005355465092510701,1.9813221108975996,-0.04051344152840054
15.200000000000001,6.534306197068315,0.003309784320988853,0.03212499287125883,0.005262143148843079,1.977767097186666,-0.04113618089163185
15.3,6.555569007648272,0.0034259696551138205,0.04218841919286974,0.005028257447700989,1.9745352665403633,-0.04176599683853625
15.4,6.577622583910956,0.00358572448953565,0.05199333548053101,0.004666973740473223,1.9715804499494576,-0.042395812785440634
15.5,6.600291200149092,0.0037832395575480935,0.061502811729392697,0.004200751250117136,1.9688564784047164,-0.04303270531601811
15.600000000000001,6.623530924935864,0.004006896325738655,0.0706922279362215,0.0036590193032665004,1.966317182896907,-0.04366959784659559
15.700000000000001,6.647253895417634,0.004242171627341713,0.07953080909697578,0.0030758539623393683,1.9639856479306455,-0.04432064354451923
15.8,6.671416180167586,0.004480351562297895,0.08798778020761394,0.0024884291136099794,1.9618849580105486,-0.044971689242442874
15.9,6.6958859849052645,0.004704008330488457,0.09603236626409435,0.0019366292392267368,1.9600843666504655,-0.04562273494036651
16.0,6.7206193782038515,0.004898618765147776,0.10362148226075872,0.0014584026814279264,1.9586992963734784,-0.04628085722196324
16.1,6.745616360063347,0.005055468966216481,0.11074281819599043,0.001085114906757438,1.9577759161888204,-0.04695313267090613
16.2,6.770789067630115,0.0051658450336352,0.11735328906413117,0.0008353528583523914,1.9574758176288065,-0.04762540811984902
16.3,6.796093569477337,0.005232651600757057,0.12345289486518096,0.0007122143600689731,1.9578682542072863,-0.04831183673613808
16.400000000000002,6.821442002751377,0.00525588866758205,0.1290170155959065,0.0007040825724464832,1.9590686484473416,-0.048998265352427135
16.5,6.846834367452235,0.005244270134169553,0.13402718625388282,0.000793532236293872,1.9611462538628222,-0.04968469396871619
16.6,6.872138869299458,0.0052065099005789385,0.13847109683749326,0.0009608147245279497,1.9641934084721935,-0.05037112258500525
16.7,6.897355508293043,0.005148417233516455,0.1423364373451212,0.0011873430940115967,1.9682331967800724,-0.05105047461762122
16.8,6.922396421579357,0.0050728967663352265,0.1456047427743416,0.0014576282254638799,1.9733117877956914,-0.0517298266502372
16.900000000000002,6.947129814877944,0.004988662399094626,0.14828216812596287,0.0017542448596937492,1.9793599280052012,-0.052416255266526254
17.0,6.971511756761986,0.004904428031854024,0.15035640339836828,0.002051248721905642,1.986331448399369,-0.053109760466488395
17.1,6.995410452951029,0.004831812198025921,0.15183975859317456,0.0023176615735376917,1.9942032644735785,-0.05381034225012362
17.2,7.018825903445073,0.0047824334310228095,0.1527260787095733,0.002517471212261729,2.0028599537047476,-0.05451800061743192
17.3,7.041582382536846,0.004770814897610312,0.1530215187483729,0.0026150526637316075,2.012186093569793,-0.0552398121520864
17.400000000000002,7.063592027372711,0.004802765864494679,0.15273223371038164,0.002584848881133788,2.0220431770410174,-0.05596162368674087
17.5,7.084766975099033,0.004884095598382155,0.15186437859640783,0.0024167919369356638,2.0323157815953374,-0.056683435221395344
17.6,7.105063294288992,0.005011899465919619,0.15044257340968484,0.0021143668829754444,2.042842315700439,-0.0574123233397229
17.7,7.124349190662135,0.005183272833753945,0.14847912815182926,0.00169383729449811,2.0535304413378555,-0.05814828804172354
17.8,7.142624664218462,0.005383692535119514,0.14601097282769104,0.001179211306389107,2.0642416514798883,-0.05889132932739726
17.900000000000002,7.159801852104337,0.005610253936663199,0.14306888244131183,0.0005983693333541146,2.0748374390988387,-0.05963437061307098
18.0,7.175836822892941,0.005845529238266257,0.1396713219951166,-1.538701815286057e-05,2.0852947196900904,-0.06039156506609087
18.1,7.190685645157457,0.0060778999065161906,0.13584906649314693,-0.0006241094058935324,2.0955442397397945,-0.061141682935437675
18.2,7.204392250324702,0.006295747408000504,0.13162058093782786,-0.0011883005757015216,2.10558599924795,-0.061905953972130646
18.3,7.216956638394677,0.006481643942600451,0.12702895033481762,-0.0016703994133205652,2.1153969137099415,-0.06267022500882362
18.400000000000002,7.228378809367381,0.006626875610256659,0.1220926396865412,-0.0020413638200989137,2.1250000676303844,-0.06344864921286275
18.5,7.238658763242816,0.006725633144262882,0.11686088899946519,-0.002286091904737657,2.1344416300185127,-0.0642199968332288
18.6,7.247840431447797,0.0067779165446191164,0.11136447327763122,-0.002403034755308702,2.143744685378942,-0.06500549762094103
18.7,7.255923813982326,0.0067895350780316135,0.1056587875283142,-0.002403034755308702,2.152932318216289,-0.06578392182498016
18.8,7.262952842273221,0.00676629801120662,0.09976845175474745,-0.002306614987784893,2.162004528530554,-0.06656942261269239
18.900000000000002,7.2689714477473,0.006716919244203509,0.09374886096420589,-0.0021342985357845124,2.1709844008263532,-0.06734784681673152
19.0,7.273935698977745,0.0066501126770816535,0.08762463515992279,-0.001906221254372772,2.1798719351036864,-0.06812627102077065
19.1,7.277933458818191,0.006568782943194176,0.08144501434836478,-0.0016409700866867921,2.188667131362554,-0.06891177180848287
19.200000000000003,7.280876864415004,0.006484548575953575,0.07525308353519011,-0.0013606170277019026,2.1972776515844896,-0.06970434917986817
19.3,7.282853778621818,0.006403218842066099,0.06908577272524874,-0.0010911063522136661,2.205703495769494,-0.07050400313492657
19.400000000000002,7.283864201438634,0.006339316908297366,0.06298616692419895,-0.0008645779827300193,2.2138754104037175,-0.07131781025733112
19.5,7.283864201438634,0.006301556674706752,0.05699119613689068,-0.0007127846137768745,2.2217241419733105,-0.07213869396340876
19.6,7.282897710048636,0.006301556674706752,0.051137790368173876,-0.000664768344005982,2.22920352146904,-0.07297373083683256
19.700000000000003,7.281008658695458,0.006345126175003615,0.04545056962128184,-0.0007387288885724375,2.236221210872441,-0.07380876771025636
19.8,7.278153115952282,0.006435169808950464,0.039966463901064515,-0.0009397002112425449,2.2427541256788963,-0.07465088116735324
19.900000000000002,7.274418944672744,0.006568782943194176,0.034716248211563536,-0.0012622611202679772,2.2487099278699403,-0.07550007120812322
20.0,7.269806144856844,0.006737251677675378,0.02972454255601219,-0.0016901480404037548,2.25411170195019,-0.0763421846652201
20.1,7.264402579358219,0.0069376713790409465,0.025028276939260432,-0.0021993528367644315,2.2589132789104114,-0.07719845128966314
20.200000000000003,7.258252179603685,0.007155518880525259,0.020645916363733235,-0.002762769550608374,2.2631146587506055,-0.07806179449777928
20.3,7.251442808446881,0.007379175648715821,0.016602080832663898,-0.0033486454874096694,2.266738925975388,-0.07892513770589542
20.400000000000002,7.244018397314623,0.007599927783553258,0.012902925346860742,-0.003919419532912055,2.269832249593992,-0.07978848091401154
20.5,7.236154671914184,0.0077974428515657015,0.009560759907940423,-0.0044355944329491515,2.272486967624884,-0.08065890070580077
20.6,7.227939495099201,0.00796300695269378,0.00658173951671126,-0.004860383529228743,2.2747723335819128,-0.08153639708126306
20.700000000000003,7.21941679829649,0.00808790618687812,0.003965864173173256,-0.005166680863009195,2.2767806854835437,-0.08242097004039844
20.8,7.210806238640144,0.008163426654059348,0.0017254438789430595,-0.005341707910883739,2.2785812768436267,-0.08331969616688
20.900000000000002,7.20215174755698,0.00819247298759059,-0.00015183136759597883,-0.005388562496708562,2.2802433611760113,-0.08422549887703464
21.0,7.193629050754269,0.008183759087531217,-0.001665961566443859,-0.005321572055818526,2.2818592764991625,-0.08513837817086234
21.1,7.1852820796588315,0.008140189587234354,-0.00282925671921723,-0.005161259671260869,2.283475191822314,-0.08605125746469006
21.200000000000003,7.177198697124302,0.008070478386759374,-0.0036478718267244172,-0.004929310110028895,2.285114191650082,-0.08696413675851777
21.3,7.169554628857954,0.007989148652871897,-0.004140271891390395,-0.004648182595079959,2.2868224449916994,-0.0878699394686724
21.400000000000002,7.162393806286604,0.0078932957522188,-0.004331076916448461,-0.0043384002094612965,2.288599951847166,-0.08878281876250012
21.5,7.155804092263891,0.007800347484918826,-0.004220286901898616,-0.004021647720166214,2.290446712216482,-0.08970277464000093
21.6,7.149873349643448,0.007713208484325101,-0.0038448318525908082,-0.0037254183139183677,2.2923627260996473,-0.0906298071011748
21.700000000000003,7.144601578425276,0.0076464019172032445,-0.003217021770141687,-0.003480690229279624,2.294278739982813,-0.09157099272969485
21.8,7.14012057288983,0.007605737050259506,-0.0023676316585928762,-0.00331495665297364,2.2961716693613616,-0.0925121783582149
21.900000000000002,7.136474264463929,0.007605737050259506,-0.0013335915227943242,-0.003250676807957767,2.2979953452260613,-0.09346044057040803
22.0,7.133706584574389,0.0076434972838501205,-0.00014567636678765412,-0.0032990803057106836,2.299772852081528,-0.09442285594994733
22.1,7.131861464648029,0.007724827017737597,0.0011653388053855104,-0.0034613288301784577,2.301411851909296,-0.09538527132948663
22.200000000000003,7.130982836111667,0.007841012351862565,0.0025625239888752206,-0.003729677821720624,2.302912344709365,-0.09636183987637208
22.3,7.131114630392122,0.007992053286225022,0.004027414181256503,-0.004089412617020297,2.3042512459771194,-0.09733840842325754
22.400000000000002,7.1322568474893915,0.008166331287412471,0.005516924376871084,-0.004520397361012261,2.305382386703325,-0.09832913013748917
22.5,7.134453418830296,0.008355132455365543,0.007018744574102315,-0.0049959133229369075,2.3063057668879834,-0.0993198518517208
22.6,7.137748275841654,0.008552647523377987,0.008483634766483597,-0.005484207808268324,2.306998302026477,-0.10030349698227935
22.700000000000003,7.142185349950281,0.008738544057977934,0.009886974950781632,-0.0059481069307322715,2.3075061611280385,-0.10129421869651098
22.8,7.147720709729361,0.008901203525752887,0.011185680121338148,-0.006348113436162369,2.307875513201902,-0.10227786382706952
22.900000000000002,7.154398286605711,0.009026102759937227,0.012348975274111518,-0.006647440666266402,2.3081063582480663,-0.10326858554130115
23.0,7.16226201200615,0.009107432493824704,0.013358395406676772,-0.006823629398087016,2.3082217807711487,-0.10427346042287895
23.1,7.171180091650223,0.009142288094062194,0.01417701051418396,-0.0068677733880376755,2.3082679497803817,-0.10527833530445674
23.200000000000003,7.181240388391567,0.009130669560649698,0.014786355594208106,-0.006785293827866707,2.308244865275765,-0.10629028676970763
23.3,7.192355039376545,0.009081290793646586,0.015167965644324238,-0.0065924542928190895,2.308129442752683,-0.1073022382349585
23.400000000000002,7.20443618175152,0.00899996105975911,0.015291065660490733,-0.00630977786594206,2.3079447667157513,-0.10832126628388246
23.5,7.217483815516494,0.00889539425904664,0.015137190640282615,-0.005960110998174994,2.3076908371649703,-0.10934029433280643
23.6,7.231366146391012,0.008776304291568547,0.014700185582891559,-0.005567849052385363,2.3073214850911072,-0.11036639896540347
23.700000000000003,7.245995311521437,0.00865140505738421,0.013961585485892594,-0.005157387391440635,2.306790541484929,-0.11139250359800051
23.8,7.261239516627316,0.008529410456552993,0.012921390349285716,-0.0047562192020644675,2.3060518373372023,-0.11243276139794373
23.900000000000002,7.2770108988550115,0.008424843655840524,0.011567290171454279,-0.004393773810890632,2.3050361191340785,-0.11347301919788694
24.0,7.29317766392407,0.008340609288599922,0.00991159495401493,-0.004096769948678739,2.303674133361708,-0.11452035358150323
24.1,7.309651948980855,0.008291230521596811,0.007935839694542698,-0.0038880540663681655,2.3019427955154743,-0.11556768796511951
24.200000000000003,7.326214096891277,0.008279611988184315,0.005646179393845903,-0.003780017459383657,2.2998421055953773,-0.11661502234873582
24.3,7.342864107655334,0.008302849055009307,0.0030487690527328734,-0.003775370723599377,2.297302810087568,-0.11767650989969827
24.400000000000002,7.359382324138938,0.008363846355424916,0.00014976367201193224,-0.0038714032631411623,2.2943479934966624,-0.11873799745066073
24.5,7.3757248149152685,0.008456794622724889,-0.0030323717458919457,-0.004060370518368547,2.290908402308811,-0.11981363816896935
24.6,7.391715854277055,0.008578789223556104,-0.006491482200170436,-0.004327945053946666,2.2870302055332474,-0.12088927888727799
24.700000000000003,7.40726757937066,0.00872111625785919,-0.010209102688398563,-0.004657088838666495,2.282690318665355,-0.12197199618925969
24.8,7.422292127342448,0.008877966458927895,-0.01416061320734303,-0.00502301928167854,2.2778887417051332,-0.1230547134912414
24.900000000000002,7.436745566765601,0.0090348166599966,-0.018327548754578864,-0.005393596460474865,2.272694728166432,-0.1241374307932231
25.0,7.450496103359664,0.009180048327652809,-0.02269144432768109,-0.005733195400709324,2.267154447058484,-0.1252272246788779
25.1,7.46349980569782,0.009299138295130899,-0.027233834924224726,-0.006004642216107677,2.261290982885906,-0.1263170185645327
25.200000000000003,7.475712742353251,0.0093833726623715,-0.03193010054097648,-0.006176958668108058,2.2551274201533134,-0.12742096561753366
25.3,7.487047050472318,0.009426942162668364,-0.036743311173086414,-0.006231170585591324,2.248733012374557,-0.1285319892542077
25.400000000000002,7.497502730055025,0.009424037529315239,-0.04166115681893786,-0.006161082320845102,2.2421308440542522,-0.12964301289088173
25.5,7.507035849674551,0.009377563395665253,-0.04664670747368088,-0.005971727837635695,2.2353670842016324,-0.13075403652755577
25.6,7.515690340757716,0.009293329028424651,-0.05168765313569882,-0.0056758856593698715,2.2285109863305466,-0.1318721367479029
25.700000000000003,7.523334409024065,0.009180048327652809,-0.05674706380014174,-0.0052929171851488,2.2215394659363787,-0.13299023696825002
25.8,7.530099848754051,0.009043530560055973,-0.06181262946539298,-0.004846443321875902,2.214521776532978,-0.13411541377227024
25.900000000000002,7.535898797094039,0.00889539425904664,-0.06685357512741093,-0.004362021116364719,2.2074117491111114,-0.13524766715996353
26.0,7.540775185470848,0.008744353324684182,-0.07183912578215394,-0.0038679182113029523,2.200255552680012,-0.1363799205476568
26.1,7.544772945311294,0.008599121657027973,-0.07675081642719707,-0.0033947256172704456,2.19298393372583,-0.1375192505190232
26.200000000000003,7.547892076615379,0.008474222422843633,-0.08156402705930699,-0.0029703237489728776,2.185643061257799,-0.13867273365773572
26.3,7.550220442236737,0.008375464888837413,-0.08625413767525042,-0.002619882425241766,2.1782329352759184,-0.13982621679644827
26.400000000000002,7.551845905029007,0.008308658321715557,-0.09081499327421903,-0.002359277993340066,2.170730471275572,-0.14098677651883387
26.5,7.552724533565369,0.00827670735483119,-0.09522812885378786,-0.0021958677849262215,2.1631356692567603,-0.14215441282489258
26.6,7.553075984979913,0.008279611988184315,-0.09948738941314857,-0.0021288773440361858,2.1554946982287153,-0.1433291257146244
26.700000000000003,7.552856327845824,0.008314467588421805,-0.10357430994987617,-0.0021532727069036553,2.1477613891822043,-0.14451091518802925
26.8,7.552285219297188,0.008378369522190536,-0.1074888904639707,-0.002258985945996024,2.1400280801356937,-0.1456997812451072
26.900000000000002,7.551406590760826,0.008465508522784262,-0.11121266595300715,-0.0024309151700143816,2.1323178555937994,-0.14688864730218515
27.0,7.550308305090374,0.008570075323496733,-0.11474563641698553,-0.0026500862078395852,2.1246307155565214,-0.1480775133592631
27.1,7.549166087993103,0.00868045139091545,-0.11808780185590585,-0.002892878152568212,2.1170359135377095,-0.14927345600001415
27.200000000000003,7.548111733749469,0.008787922824981045,-0.12124531727057643,-0.003129087221602442,2.1096027030512126,-0.1504693986407652
27.3,7.547189173786289,0.008880871092281018,-0.12421202766018895,-0.0033250245805062466,2.1023310840970306,-0.15166534128151624
27.400000000000002,7.546530202384018,0.00894477302604975,-0.12700639802716837,-0.003449711990717758,2.0952903101890135,-0.15286836050594035
27.5,7.546266613823109,0.008973819359580993,-0.12962227337070636,-0.003477205177441414,2.088503465831777,-0.15407137973036447
27.6,7.5464423395303815,0.008962200826168495,-0.13206580869161128,-0.003393176705342352,2.0820167200345545,-0.15528855212213477
27.700000000000003,7.547233105213107,0.00890991742581226,-0.13435546899230807,-0.003193754294600338,2.075876241806579,-0.15650572451390504
27.8,7.548638910871286,0.008816969158512288,-0.13649740927360507,-0.0028835846809996523,2.07008203114785,-0.15772997348934842
27.900000000000002,7.550747619358555,0.008689165290974823,-0.13851009453792726,-0.002475833615929088,2.0646571725629843,-0.15896129904846487
28.0,7.553603162101731,0.008529410456552993,-0.14040583478689128,-0.0019883135865617174,2.059601666051982,-0.16018554802390825
28.1,7.557205539100814,0.008352227822012418,-0.14220309502292208,-0.0014454199557650115,2.0549616806240754,-0.1614097969993516
28.200000000000003,7.561642613209442,0.008166331287412471,-0.14390187524601972,-0.0008727097703525092,2.0507141317746482,-0.16264112255846805
28.3,7.566914384427613,0.0079775301194594,-0.1455206404586091,-0.00030116126888607675,2.0468359349990846,-0.1638724481175845
28.400000000000002,7.572932989901692,0.007800347484918826,-0.14707170066230693,0.0002359239421802794,2.0433501748020007,-0.16511085026037406
28.5,7.579742361058496,0.0076493065505563685,-0.1485612108579215,0.0007102782201588564,2.040187597669547,-0.1663492524031636
28.6,7.587298566471209,0.00752440731637203,-0.1500014810470695,0.0011002167980563478,2.0373943726109567,-0.16758765454595312
28.700000000000003,7.595513743286193,0.00743436368242518,-0.15140482123136753,0.001394122836412054,2.034947415121613,-0.16882605668874265
28.8,7.60434396007663,0.007379175648715821,-0.15277738641162394,0.0015892857393518113,2.0328236406968996,-0.17007153541520528
28.900000000000002,7.613701353988883,0.0073588432152439515,-0.15413148658945539,0.00168919055871383,2.0310692183460493,-0.171324090725341
29.0,7.6235859250229545,0.0073646524819501995,-0.15546712176486185,0.0017019690821205998,2.0296841480690624,-0.17258372261914975
29.1,7.633821947471571,0.00739950808218769,-0.15677813693703502,0.0016380764650867506,2.0286453453613222,-0.17384335451295854
29.200000000000003,7.644321558481095,0.007451791482543925,-0.15807684210759154,0.0015126145989111924,2.027952810222829,-0.1751100629904404
29.3,7.6549968951978915,0.0075185980496657815,-0.1593632372765314,0.0013441704267310446,2.0276527116628147,-0.1763696948842492
29.400000000000002,7.665716163341506,0.007591213883493885,-0.16062501244223795,0.0011583009953598472,2.0277450496812803,-0.17762932677805798
29.5,7.676435431485122,0.0076551158172626175,-0.16186216760471123,0.0009867589993235127,2.0282529087828425,-0.1788818820881937
29.6,7.686935042494646,0.007701589950912604,-0.16306239276233456,0.000859748221219861,2.029199373472117,-0.1801344373983294
29.700000000000003,7.697127133516444,0.007721922384384473,-0.1642195329142996,0.0008032129358444552,2.030538274739871,-0.1813869927084651
29.8,7.706923841696879,0.007707399217618852,-0.16530896805737308,0.0008349656303703681,2.0323157815953374,-0.1826395480186008
29.900000000000002,7.71610550990186,0.0076551158172626175,-0.16632454319074666,0.0009662359162762763,2.034485725029284,-0.1838991799124096
30.0,7.724628206704571,0.007565072183315768,-0.16724163831118702,0.0011997343894363432,2.0370250205370937,-0.1851517352225453
30.1,7.732316206397737,0.007440172949131428,-0.16804794341707757,0.0015315887700303355,2.039956752623383,-0.18640429053268098
30.200000000000003,7.739081646127723,0.007280418114709599,-0.16871883850518496,0.001951343902543623,2.043211667774302,-0.18766392242648977
30.3,7.744792731614075,0.007094521580109652,-0.1692481685747009,0.0024427362117312268,2.0468128504944683,-0.18892355432029856
30.400000000000002,7.74931766857634,0.006891197245390959,-0.1695990036207754,0.002982144790689723,2.050691047270032,-0.19019026279778042
30.5,7.752612525587696,0.006679159010612895,-0.1697528786409835,0.003539365856821292,2.0547770045871436,-0.1914569712752623
30.6,7.75458943979451,0.006472930042541078,-0.16967901863128362,0.0040818722596359745,2.0590476379411866,-0.19271660316907108
30.700000000000003,7.755160548343146,0.006284128874588007,-0.16935895858925074,0.0045775240766258345,2.0635029473321618,-0.19397623506287986
30.8,7.754281919806784,0.00611856477345993,-0.16876192351084324,0.005002313172905426,2.068096763750835,-0.19523586695668865
30.900000000000002,7.751997485612243,0.005984951639216218,-0.1678756033944445,0.005339201517265722,2.0727598336833584,-0.19649549885049744
31.0,7.748219382905887,0.005883289471856871,-0.16666922323601283,0.005579670094102208,2.0775152416343468,-0.19774805416063315
31.1,7.742991543114534,0.005816482904735016,-0.16512431803312333,0.005722169991486793,2.082339903099185,-0.19900768605444194
31.200000000000003,7.736357897665002,0.005778722671144401,-0.163222422783351,0.005771735173185779,2.0871876490686394,-0.2002673179482507
31.3,7.7283184465572905,0.005772913404438152,-0.16093891748346253,0.005738046338749749,2.092035395038094,-0.2015340264257326
31.400000000000002,7.719048915498672,0.0057874365712037735,-0.1582676471326496,0.005634269239567498,2.096906225512165,-0.20280073490321446
31.5,7.70850537306233,0.005822292171441264,-0.1551839917276789,0.0054778291348300725,2.101800140490852,-0.20406744338069632
31.6,7.696863544955535,0.005862957038385002,-0.1516941062693588,0.005291572475476852,2.1066940554695397,-0.20534122844185126
31.700000000000003,7.684255225458743,0.00590362190532874,-0.1477795257552643,0.005102992448231491,2.1115648859436105,-0.20660793691933313
31.8,7.670768277425587,0.0059326682388599825,-0.1434464051862037,0.004938033327889554,2.1164126319130654,-0.207874645396815
31.900000000000002,7.656490563709707,0.005944286772272479,-0.13868243456056034,0.004821864933282555,2.121214208873287,-0.2091413538742969
32.0,7.641641741445191,0.0059268589721537335,-0.1334937688791426,0.004774235891493685,2.1259696168242757,-0.21040098576810565
32.1,7.626397536339312,0.005880384838503747,-0.1278865631427588,0.004810635321803878,2.1306788557660314,-0.21166061766191444
32.2,7.610801879818889,0.0057990551046162705,-0.12186697235221723,0.00493764609990753,2.135318841193938,-0.21292024955572322
32.300000000000004,7.595074429018012,0.005682869770491304,-0.11544730650913455,0.005157204365714757,2.1398203195941456,-0.214179881449532
32.4,7.579390909643952,0.005531828836128847,-0.10865218561674407,0.005466212295369373,2.1442294599758873,-0.21543243675966772
32.5,7.563839184550347,0.0053546462015882715,-0.10150007467747074,0.005856150873266864,2.1485000933299307,-0.21668499206980343
32.6,7.548638910871286,0.005151321866869579,-0.09400943869373957,0.006310756524162252,2.1526091351516587,-0.2179446239636122
32.7,7.533965814314043,0.0049305697320321425,-0.08621105266959216,0.006805633885188065,2.1565565854410718,-0.21920425585742098
32.800000000000004,7.519863826305435,0.004706912963841581,-0.0781295366082618,0.007311740857692555,2.1602962751889367,-0.22047096433490285
32.9,7.506552603979553,0.004491970095710392,-0.06979566551379013,0.007797324747149809,2.1638282043952537,-0.22173767281238474
33.0,7.494120010190032,0.004291550394344824,-0.06124636939102711,0.008233730682890099,2.167129288555406,-0.22299730470619353
33.1,7.482697839217328,0.004117272393157374,-0.052524733245630985,0.008597337758010004,2.1701995276693937,-0.2242498600163292
33.2,7.472373953915075,0.003974945358854289,-0.04365537708083507,0.008873431309192638,2.173015837232601,-0.22550241532646492
33.300000000000004,7.463324079990548,0.0038645692914355705,-0.03468754090310596,0.009056202916707648,2.175647470758876,-0.22674789405292753
33.4,7.455548217443745,0.003786144190901218,-0.02564584471567695,0.009145652580555037,2.1780251747343704,-0.22799337277939016
33.5,7.449134229128304,0.003736765423898107,-0.016579528525014646,0.009145265352573014,2.1801720336637,-0.22923885150585277
33.6,7.444082115044223,0.0037164329904262375,-0.007519367335160663,0.009064334704330138,2.182111132051482,-0.2304843302323154
33.7,7.440523669471957,0.0037164329904262375,0.0014915538482267203,0.008918736983089367,2.183796300888483,-0.231729808958778
33.800000000000004,7.438414960984689,0.0037309561571918586,0.010416305020297558,0.008729769727861983,2.1852967936885523,-0.23296821110156754
33.9,7.437712058155599,0.0037483839573106037,0.019205646174585252,0.008523377213443548,2.186566441442457,-0.2342066132443571
34.0,7.438458892411506,0.0037600024907231003,0.027841112308664828,0.008325890942611651,2.18765141315943,-0.2354520919708197
34.1,7.440567600898775,0.0037600024907231003,0.03627961841687801,0.008162093506215783,2.188505539830239,-0.23669049411360923
34.2,7.4439503207637685,0.003736765423898107,0.044490389495183184,0.00805212075932116,2.1891519059594993,-0.2379288962563988
34.300000000000004,7.448563120579668,0.003687386656894996,0.05246111554196369,0.008010300137262638,2.1895212580333627,-0.23916022181551524
34.4,7.454318137492838,0.0036089615563606433,0.06014871155156126,0.008045537883626762,2.1896366805564447,-0.2403844707909586
34.5,7.461039645796007,0.003501490122295049,0.06754086752235924,0.0081640296461259,2.189498173528746,-0.24159456659905582
34.6,7.468727645489174,0.0033591630879919645,0.07461911845193267,0.008368873248616241,2.1891057369502662,-0.2428117389908261
34.7,7.477118548011429,0.0031877897201576383,0.08135884433704822,0.00865619641127755,2.1884362863163895,-0.2440147582152502
34.800000000000004,7.4861684219359566,0.00298737001879207,0.08774773517608929,0.009015156750613176,2.1874667371224983,-0.24522485402334743
34.9,7.4957015415554835,0.002769522517307757,0.09378579096905583,0.00942755455146802,2.18622017387321,-0.24642787324777155
35.0,7.505630044016373,0.0025400564824109473,0.09946070171433122,0.009869381678956637,2.184673512063908,-0.24763089247219566
35.1,7.515734272184534,0.0023076858141610136,0.10476631241110712,0.010312370490391324,2.182826751694592,-0.2488268351129467
35.2,7.525926363206332,0.002086933679323576,0.10970262305938354,0.010728640571066402,2.1807029772698785,-0.2500298543373708
35.300000000000004,7.536074522801312,0.00188070471125176,0.1142757886599688,0.011093409330132378,2.178348357799001,-0.25123287356179497
35.4,7.546046956689019,0.0017006174433580612,0.11847965421205459,0.011386928140506061,2.1757398087773416,-0.252428816202546
35.5,7.555755802015818,0.0015495765089956041,0.12232652971725753,0.011594869566852588,2.1729004147095186,-0.253624758843297
35.6,7.565069264501253,0.001430486541517513,0.1258287251771943,0.0117079401376034,2.169853260100147,-0.25481362490037496
35.7,7.573855549864872,0.001346252174276912,0.12899855059348153,0.011723042028902309,2.1666675984630768,-0.2559954143737798
35.800000000000004,7.582158589533492,0.0012939687739206768,0.13183600596611922,0.011645983660479668,2.1633665143029246,-0.25717720384718473
35.9,7.589758726373022,0.0012649224403894351,0.13437186629914902,0.011487607415832126,2.15995000761969,-0.2583589933205896
36.0,7.596743823237099,0.0012591131736831868,0.13660613159257087,0.011266500238096805,2.156510416431839,-0.25953370621032135
36.1,7.6029381544184504,0.0012649224403894351,0.1385572668488098,0.011006283034177129,2.1530477407393716,-0.26070841910005316
36.2,7.608429582770712,0.0012707317070956834,0.14023758206948245,0.010734836218778776,2.1496081495515202,-0.26188313198978497
36.300000000000004,7.61308631401343,0.0012678270737425592,0.14165938725620547,0.010477716838715286,2.146260896382135,-0.2630578448795167
36.4,7.616996211000241,0.0012503992736238143,0.14284730241221213,0.010257771344926036,2.142982896726599,-0.26423255776924853
36.5,7.6201153423043255,0.0012097344066800758,0.1438074825383108,0.010092037768620051,2.139843404098762,-0.2654143472426534
36.6,7.622443707925684,0.0011429278395582198,0.1445583926369264,0.009992520177240055,2.1368655030032397,-0.2665890601323852
36.7,7.624025239291136,0.001047074938905122,0.14511234270967563,0.009968124814372587,2.134049193440033,-0.26776377302211696
36.800000000000004,7.6248599364006795,0.0009221757047207826,0.14546933275655846,0.010021949503873829,2.131440644418374,-0.26893140932817566
36.9,7.625035662107952,0.0007653255036520773,0.14564782777999988,0.010153607017761761,2.129086024947496,-0.2700919690505613
37.0,7.624640279266589,0.0005794289690521301,0.1456539827808082,0.010358837848234125,2.127008419532016,-0.2712525287729469
37.1,7.623629856449773,0.00037029536762718957,0.14549395275979177,0.01062370178793808,2.125230912676549,-0.2724130884953326
37.2,7.622136187937958,0.0001466385994366282,0.14517389271775888,0.01092845020979044,2.123776588885713,-0.2735736482177182
37.300000000000004,7.620247136584779,-8.863670216642987e-05,0.14469380265470955,0.011248687750923733,2.122714701673356,-0.27472713135643073
37.4,7.618006633817057,-0.00032100737041636376,0.1440598375714521,0.01156040627645251,2.1220221665348626,-0.27588769107881633
37.5,7.615502542488425,-0.000541759505253801,0.14325968746636988,0.011840759335437401,2.121791321488698,-0.2770411742175289
37.6,7.612822725452522,-0.0007479884733256173,0.14229335233946291,0.012069223844831166,2.121999082030246,-0.27819465735624144
37.7,7.6100989769898,-0.0009338850079255644,0.14115467718992283,0.012228374545442752,2.1227377861779724,-0.27935521707862704
37.800000000000004,7.60733129710026,-0.0010907352089942698,0.13983750701694136,0.012305432913865395,2.123984349427261,-0.2805087002173396
37.9,7.604651480064356,-0.0012185390765317335,0.13834184182051845,0.012290718250548508,2.1257618562827276,-0.2816692599397252
38.0,7.602147388735725,-0.0013143919771848311,0.13664921659822915,0.012180358275671859,2.1280703067443727,-0.28281566649476464
38.1,7.599862954541184,-0.0013811985443066871,0.13474732134845682,0.011978999725019729,2.130955869821429,-0.28395499646613104
38.2,7.597842108907551,-0.0014247680446035497,0.1326300010703931,0.011700970033926979,2.1343954610092797,-0.28508724985382433
38.300000000000004,7.596172714688464,-0.0014509097447816673,0.1302849457624214,0.011366792285440847,2.1384352493171583,-0.2862195032415176
38.400000000000006,7.594854771883921,-0.0014683375449004124,0.127699845422925,0.01100047461444678,2.1430059812312154,-0.2873517566292109
38.5,7.593976143347559,-0.0014857653450191573,0.12486239005028732,0.01062718683977629,2.148107656751451,-0.2884769334332311
38.6,7.593536829079379,-0.001514811678550399,0.12175411464208334,0.010270937096314828,2.1537171913732487,-0.28959503365357825
38.7,7.593536829079379,-0.0015612858122003859,0.11837501919831307,0.009952635695091652,2.1598115005919913,-0.29072021045759844
38.800000000000004,7.594020074774377,-0.001630997012675366,0.11471279371735986,0.009688933439333766,2.16632133089383,-0.2918383106779456
38.900000000000006,7.594898703310739,-0.0017268499133284638,0.11074897319679874,0.00949260885244794,2.173223597774149,-0.29295641089829266
39.0,7.596216646115282,-0.0018517491475128034,0.10648355763662971,0.009372180950038684,2.180472132223714,-0.29406743453496675
39.1,7.597929971761188,-0.0020085993485815085,0.10190423703523613,0.009329973099998142,2.1879976807286767,-0.2951713815879677
39.2,7.59995081739482,-0.002194495883181456,0.09701716639342631,0.009361725794524054,2.195754074279804,-0.29626825205729557
39.300000000000004,7.602279183016179,-0.0024065341179595203,0.0918100357095836,0.009455822194155724,2.2037182283724794,-0.29735804594295034
39.400000000000006,7.6048711371984465,-0.0026360001528563303,0.08628899998451632,0.009597160407594238,2.2118208894928535,-0.2984478398286051
39.5,7.607682748514804,-0.0028770847211656366,0.0804540592182245,0.009765217351792362,2.2199928041270764,-0.29952348054691375
39.6,7.610626154111617,-0.003118169289474943,0.07431752341232475,0.009937533803792743,2.228233972275149,-0.30059912126522237
39.7,7.613613491135247,-0.0033592538577842494,0.06787323756600877,0.01009319945256612,2.236475140423222,-0.30166768539985794
39.800000000000004,7.616644759585696,-0.003585815259327935,0.061145821682509864,0.010213240126993353,2.244693224066678,-0.3027291729508204
39.900000000000006,7.619588165182508,-0.0037978534941059995,0.054135275761828014,0.010281005023847435,2.252842054196285,-0.3037906605017829
40.0,7.622443707925684,-0.003986654662059071,0.0468600648063882,0.010281779479811482,2.2609216308120423,-0.3048521480527453
40.1,7.625123524961588,-0.004146409496480901,0.03934480881942372,0.01020355942744277,2.268839615895485,-0.30591363560370777
40.2,7.627495822009765,-0.004280022630724613,0.03160797280335955,0.010038987535082856,2.2766190939512287,-0.30697512315467024
40.300000000000004,7.6296045304970335,-0.004384589431437083,0.02366802176062067,0.009788063802731738,2.2841908114654244,-0.30802245753828655
40.400000000000006,7.631317856142939,-0.004460109898618311,0.015543420693632046,0.00945659665011977,2.2915778529426882,-0.30906271533822977
40.5,7.632591867520664,-0.0045152979323276705,0.007271099607243628,0.009059300740563835,2.2987109648691715,-0.3100958965544999
40.6,7.6334265646302075,-0.004555962799271409,-0.001124321495311284,0.008617473613075218,2.30561323174949,-0.31112907777077
40.7,7.6337340846179345,-0.004590818399508899,-0.009618222610799391,0.00815357449061127,2.3122615690790274,-0.31215518240336704
40.800000000000004,7.6334265646302075,-0.004625673999746389,-0.018173673734370746,0.007689675368147323,2.318586723343935,-0.3131812870359641
40.900000000000006,7.632547936093846,-0.0046750527667495006,-0.026753744861175398,0.007248235468640729,2.324611779048828,-0.31420031508488805
41.0,7.631010336155213,-0.004738954700518232,-0.035339970988788376,0.006849390647156701,2.3303136516890914,-0.315219343133812
41.1,7.628813764814308,-0.004826093701111958,-0.04388926711155141,0.006511340618850336,2.3356692567601076,-0.31623837118273596
41.2,7.625914290644314,-0.004942279035236924,-0.052377013226231194,0.006248025591074472,2.3406785942618775,-0.31725032264798686
41.300000000000004,7.622267982218411,-0.0050875107028931325,-0.060766279327977776,0.006067964579433625,2.345318579689784,-0.3182622741132377
41.400000000000006,7.617918770963421,-0.005267597970786832,-0.06902629041274955,0.005971932039891839,2.3496122975484437,-0.31928130216216166
41.5,7.612822725452522,-0.005473826938858648,-0.07712627147650487,0.005952957868772696,2.3534904943240074,-0.32028617704373946
41.6,7.606979845685715,-0.005706197607108582,-0.08502929251439381,0.0059963274027593095,2.3570224235303243,-0.32129105192531726
41.7,7.600390131663001,-0.0059501868087710125,-0.09271688852399138,0.006084228154678605,2.360208085167394,-0.3222817736395489
41.800000000000004,7.593097514811197,-0.006208699177199064,-0.10015828450125595,0.006198073181393463,2.363070563739834,-0.32327249535378055
41.900000000000006,7.585058063703486,-0.006467211545627115,-0.10732270544214592,0.006316177715910578,2.36563294375226,-0.32426321706801214
42.0,7.576403572620322,-0.006719914647348919,-0.1141916863442363,0.00641879313114676,2.367895225204672,-0.3252468621985707
42.1,7.567046178708067,-0.006963903849011349,-0.1207406072042938,0.006487719711946912,2.36992666161092,-0.3262305073291292
42.2,7.55707374482036,-0.00718756061720191,-0.12694484801908512,0.006505919427102009,2.3717272529710027,-0.3272141524596878
42.300000000000004,7.546530202384018,-0.007390884951920603,-0.1327982537878019,0.006459839297241233,2.3733662527987707,-0.32819072100657326
42.400000000000006,7.535459482825858,-0.007568067586461177,-0.13827620450721093,0.0063394113948319775,2.3748436610942236,-0.3291743661371318
42.5,7.523861586145881,-0.007719108520823634,-0.14336639017569547,0.006140376212071987,2.3762287313712105,-0.3301509346840173
42.6,7.5118683066245415,-0.007844007755007973,-0.14806881079325554,0.005865831572817447,2.377544548134348,-0.33112750323090273
42.7,7.499435712835021,-0.007948574555720444,-0.1523650013574662,0.005525458176618942,2.378814195888253,-0.3320969951941151
42.800000000000004,7.486695599057774,-0.00803571355631417,-0.1562549618683274,0.0051316473189012175,2.380083843642158,-0.3330594105736544
42.900000000000006,7.473691896719618,-0.008111234023495398,-0.1597386923258392,0.004702985942801393,2.381376575900679,-0.3340218259531937
43.0,7.460468537247372,-0.008183849857323502,-0.16281003772919322,0.004258835447420636,2.3827385616730496,-0.3349771647490599
43.1,7.4471133834946714,-0.00825937032450473,-0.16547515307919783,0.003817782775896065,2.3841698009592696,-0.33593250354492615
43.2,7.433670366888334,-0.008343604691745332,-0.16773403837585302,0.003399963783292894,2.385693378263955,-0.3368736891734462
43.300000000000004,7.42018341885518,-0.008448171492457801,-0.1695990036207754,0.0030255143246763353,2.3873554625963394,-0.3378148748019662
43.400000000000006,7.406784333675661,-0.008575975359995266,-0.17108235881558165,0.002712246887219463,2.3891560539564227,-0.3387560604304863
43.5,7.3934731113497785,-0.008732825561063971,-0.1721902589610801,0.002472939994329046,2.3910951523442043,-0.3396972460590063
43.6,7.380337614731168,-0.008921626729017041,-0.17292885905807906,0.002313402065735435,2.3931958422643014,-0.3406313551038533
43.7,7.367465706673467,-0.009139474230501356,-0.17332893411062017,0.0022320841895105362,2.3954812082213297,-0.34156546414870026
43.800000000000004,7.354857387176674,-0.009383463432163786,-0.17339048411870342,0.002221241806013883,2.397905081206057,-0.34249249660987413
43.900000000000006,7.342644450521243,-0.00965068970065121,-0.17313812908556211,0.002266160251928589,2.400513630227716,-0.34341245248737495
44.0,7.330870828133994,-0.009929534502551131,-0.1725903340136212,0.0023490270400815813,2.403329939790923,-0.34432533178120267
44.1,7.319580451441745,-0.010219997837863547,-0.1717655639053057,0.00245241691128181,2.4063770944002942,-0.3452311344913573
44.2,7.30886118329813,-0.010510461173175965,-0.1706945937646572,0.002556581238446085,2.409632009551214,-0.34612986061783885
44.300000000000004,7.298756955129968,-0.010795115241782133,-0.1693774235916757,0.0026406097105451474,2.4131177697482977,-0.34702858674432036
44.400000000000006,7.289311698364077,-0.011068150776975807,-0.16785098339121118,0.002685915384441877,2.4168343749915464,-0.34792023628712887
44.5,7.280569344427277,-0.011323758512050733,-0.16612758316488027,0.0026762346848912934,2.4207587407763427,-0.3488048092462642
44.6,7.2725298933195655,-0.011556129180300667,-0.16423184291591625,0.002598789088486628,2.4249139516073037,-0.34968938220539963
44.7,7.265325139321399,-0.011762358148372483,-0.16218222764674411,0.002448157403479553,2.429300007484429,-0.3505668785808619
44.800000000000004,7.2589111510059565,-0.011945350049619307,-0.16000335736059718,0.0022243396298700694,2.433893823903103,-0.35143729837265114
44.900000000000006,7.253287928373241,-0.012105104884041136,-0.15771369705990038,0.0019343058713345968,2.4386954008633244,-0.35230771816444034
45.0,7.248543334276887,-0.012247431918344221,-0.15533171174707872,0.0015885112833877648,2.4436585693558612,-0.3531639847888834
45.1,7.2446334372900765,-0.01237814041923481,-0.15286971142374883,0.0012001216174183666,2.448760244876097,-0.35402025141332644
45.2,7.241602168839628,-0.012500135020066024,-0.15035847109395234,0.0007854004486713821,2.4540235119286473,-0.35486236487042333
45.300000000000004,7.239405597498723,-0.01262212962089724,-0.14780414575849757,0.00036293472028393106,2.4594022015042802,-0.3556974017438471
45.400000000000006,7.238043723267362,-0.012747028855081579,-0.14521904541900119,-4.9850308552936773e-05,2.4648270600891458,-0.35652536203359786
45.5,7.237472614718727,-0.01288645125603154,-0.1426277900786965,-0.00043320601075603164,2.470321172187861,-0.3573462457396755
45.6,7.237692271852818,-0.013043301457100245,-0.14003653473839178,-0.0007681582152062105,2.475815284286576,-0.35816005286208
45.7,7.238658763242816,-0.013226293358347067,-0.13745758939970373,-0.0010396050306045635,2.481263227376058,-0.3589667834008115
45.800000000000004,7.240328157461903,-0.013438331593125132,-0.13489710906344066,-0.0012374785294184843,2.486641916951691,-0.359773513939543
45.900000000000006,7.242612591656444,-0.013676511528081314,-0.1323674037312192,-0.001358680887791786,2.4919051840042417,-0.36057316789460137
46.0,7.245512065826438,-0.013940833163215614,-0.12987462840384767,-0.001407084385544702,2.496983775019861,-0.3613657452659867
46.1,7.248938717118249,-0.014231296498528032,-0.12741878308132612,-0.0013896591263536523,2.501877689998548,-0.36215124605369886
46.2,7.252804682678241,-0.014542092267312318,-0.12501217776527115,-0.0013187964056433832,2.506517675426455,-0.36292967025773804
46.300000000000004,7.257109962506415,-0.014864506569509101,-0.12264865745487447,-0.001209985342694828,2.5109037313035802,-0.363693941294431
46.400000000000006,7.261678830895496,-0.015195634771765257,-0.1203405321517527,-0.0010806511966990364,2.514989688620692,-0.36445113574745086
46.5,7.2665552192723055,-0.015523858340668288,-0.11808164685509753,-0.0009505425947391981,2.5187524628731732,-0.3652083302004708
46.6,7.271519470502749,-0.015849177276218197,-0.11586584656410064,-0.0008421187597726662,2.5221458850517915,-0.3659513714861445
46.7,7.27657158458683,-0.01615706841164936,-0.11369928627957034,-0.0007739666349365604,2.5251699551565463,-0.3666944127718182
46.800000000000004,7.281623698670911,-0.016444627113608654,-0.11156965599988998,-0.0007611881115297906,2.527778504178205,-0.36743037747381885
46.900000000000006,7.286587949901356,-0.01670894874874295,-0.10947695572505958,-0.0008130766611209166,2.5299484476121514,-0.3681592655921464
47.0,7.291288612570892,-0.01695003331705226,-0.1074150304542708,-0.000932730107566125,2.5316567009537687,-0.36888815371047395
47.1,7.295769618106338,-0.017164976185183447,-0.10537772518671532,-0.0011174378549912525,2.5328801796984406,-0.36960996524512846
47.2,7.299811309373602,-0.017362491253195892,-0.1033588849215848,-0.0013594553437558327,2.533618883846167,-0.3703247001961098
47.300000000000004,7.303413686372686,-0.01754257852108959,-0.10134619965726263,-0.0016475529623811887,2.533780475378482,-0.37103235856341815
47.400000000000006,7.306444954823134,-0.01771104725557079,-0.09932735939213212,-0.001967790503514481,2.5333880388000027,-0.37173294034705334
47.5,7.30886118329813,-0.017873706723345744,-0.0973023641261933,-0.0023042916198927534,2.5324415741107282,-0.3724264455470155
47.6,7.310574508944035,-0.0180363661911207,-0.09525890385782948,-0.0026361460004867454,2.530941081310659,-0.3731128741633046
47.7,7.311497068907215,-0.01821064419230815,-0.09319082358623237,-0.0029451539301413613,2.528840391390562,-0.3737922261959205
47.800000000000004,7.31162886318767,-0.018396540726908096,-0.09108581330978532,-0.0032131156937015046,2.526162588855054,-0.3744715782285365
47.900000000000006,7.310882028931762,-0.018605674328333037,-0.08893771802768,-0.0034226060319761252,2.5229076737041343,-0.37513677709380633
48.0,7.309256566139492,-0.01883804499658297,-0.08673422773829975,-0.003563169789450593,2.5190294769285706,-0.3758019759590761
48.1,7.306708543384043,-0.019099461998364146,-0.08446303244002794,-0.003627836862448489,2.514597252042212,-0.37646717482434594
48.2,7.303194029238595,-0.01938702070032344,-0.08212413213286454,-0.003616220022987789,2.509564830035826,-0.37712529710594267
48.300000000000004,7.298756955129968,-0.01969781646910773,-0.0796990618143846,-0.00353257877887075,2.5040014644232618,-0.3777763428038663
48.400000000000006,7.29339732105816,-0.02003475393807013,-0.07719397648539644,-0.003383496005791769,2.4978840706999024,-0.3784273885017899
48.5,7.287115127023173,-0.02038911920715128,-0.07459656614428341,-0.0031802013152295214,2.4912588178749813,-0.3790642810323674
48.6,7.279998235878642,-0.020755103009644924,-0.07190683079104551,-0.0029381838264649416,2.484171874957731,-0.3796940969792718
48.7,7.272090579051385,-0.021129800712197944,-0.06911246042406609,-0.0026744815707070552,2.476692495462001,-0.3803239129261762
48.800000000000004,7.263392156541403,-0.021504498414750963,-0.06621961004415347,-0.002410004858985122,2.468820679387792,-0.3809466522894075
48.900000000000006,7.254034762629148,-0.021870482217244608,-0.06321596964969102,-0.002167987370220542,2.460625680248952,-0.3815693916526388
49.0,7.244106260168259,-0.022221942852972635,-0.060107694241487035,-0.001964305451676271,2.4521767515593313,-0.382177977848524
49.1,7.233650580585553,-0.022553071055228788,-0.05689478381954153,-0.0018125120827231266,2.4435200623281625,-0.3827936406280822
49.2,7.222755586734666,-0.022863866824013077,-0.053583393384662836,-0.0017211262789656211,2.434724866069295,-0.38339515024029425
49.300000000000004,7.211597004322869,-0.023154330159325495,-0.050167367936042616,-0.0016920841803138714,2.425814247287345,-0.3840037364361794
49.400000000000006,7.2002187647769835,-0.023421556427812917,-0.04665901747529753,-0.0017246113308038312,2.4168574594961627,-0.38460524604839147
49.5,7.188708730950642,-0.02366845026282847,-0.04305834200242757,-0.00181289931070515,2.4079237562095965,-0.38520675566060353
49.6,7.177198697124302,-0.023900820931078405,-0.03936534151743274,-0.0019461057365211748,2.3990593064368797,-0.3857941121054694
49.7,7.165776526151598,-0.024124477699268967,-0.03560463602354634,-0.0021099031729170424,2.3903102791872453,-0.38637439196666223
49.800000000000004,7.154530080886166,-0.024345229834106405,-0.031770070519960045,-0.0022864791327196804,2.381745927974542,-0.38695467182785503
49.900000000000006,7.14359115560846,-0.024568886602296967,-0.027880110009098822,-0.002454923304899828,2.3734585908172368,-0.3875207985217017
50.0,7.1330036817453,-0.024804161903900022,-0.023940909491771006,-0.002598584886230483,2.3654482677153283,-0.3880940017992214
50.1,7.12285552215032,-0.025056865005621827,-0.019970933970401564,-0.0027004258455026182,2.357784212182667,-0.388653051909395
50.2,7.113278471103976,-0.0253299005408155,-0.01597633844579882,-0.0027484421152735106,2.350512593228485,-0.3892050254358954
50.300000000000004,7.104228597179448,-0.025629077776187288,-0.011969432919579432,-0.0027341146799386476,2.3437026643666323,-0.3897569989623959
50.400000000000006,7.095837694657192,-0.025951492078384073,-0.007968682394168368,-0.002654345715641842,2.337377510101725,-0.3903018959052233
50.5,7.0881496949640255,-0.026300048080758972,-0.003986396871182276,-0.0025099096783471404,2.3315832994429964,-0.3908467928480507
50.6,7.08112066667313,-0.026671841149958866,-4.104135304613394e-05,-0.0023054533038388233,2.326343116895062,-0.3913775366235319
50.7,7.0748384726381435,-0.027063966652630632,0.003861229159431736,-0.0020487211517573566,2.3217031314671557,-0.39190828039901315
50.800000000000004,7.069259181432245,-0.027470615322068015,0.007701949663826358,-0.0017524917455095108,2.3177095121685096,-0.39241779442347513
50.900000000000006,7.064426724482255,-0.027888882524917898,0.01146265515771276,-0.001433028660340265,2.3143853435037407,-0.3929273084479371
51.0,7.060341101788172,-0.028312958994474027,0.01513103563947429,-0.0011073699274586459,2.311776794482082,-0.39342974588872603
51.1,7.056914450496361,-0.028731226197323906,0.0186947811074943,-0.0007968130858759368,2.309883865103533,-0.39392510674584186
51.2,7.054146770606821,-0.029140779500114414,0.022135426559347818,-0.0005191706227652105,2.308752724377327,-0.39440631443561147
51.300000000000004,7.0519941306927345,-0.029535809636139304,0.025446816994226514,-0.00028760828951526025,2.3083833723034637,-0.39488752212538114
51.400000000000006,7.0503686679004645,-0.029913411972045445,0.028610487409705416,-0.00011296846962273926,2.3088219778911765,-0.3953616532314777
51.5,7.049270382230012,-0.03027068187447972,0.0316202828049762,-2.221266764067412e-06,2.3100223721312316,-0.39582870775390117
51.6,7.048567479400923,-0.030607619343442125,0.0344577381776139,4.2697179150638654e-05,2.31198455502363,-0.3962886856926516
51.7,7.0481720965595605,-0.030921319745579535,0.0371228535276185,2.2174096103402263e-05,2.3147316110729874,-0.396748663631402
51.800000000000004,7.048040302279106,-0.031220496980951324,0.03960947385418168,-5.682041222935668e-05,2.318194286765455,-0.39719448840280625
51.900000000000006,7.048084233705924,-0.03150224641620437,0.0419052891556868,-0.00018189505042289167,2.322395666605649,-0.3976261600068643
52.0,7.0481720965595605,-0.03177528195139804,0.04400414443132553,-0.0003375606991962696,2.3272895815843366,-0.3980436784435762
52.1,7.048216027986379,-0.032051222119944836,0.045912194681906195,-0.0005032942755022541,2.332876031701517,-0.3984611968802881
52.2,7.048128165132742,-0.03233006692184476,0.04762328490662046,-0.0006605088362037253,2.3390857634433426,-0.3988645621496538
52.300000000000004,7.047776713718197,-0.03262053025715717,0.049137415105468346,-0.0007937152620197501,2.3458726078005787,-0.39926792741901956
52.400000000000006,7.047117742315926,-0.032928421392588336,0.050460740279258155,-0.0008862627497233256,2.35321348026861,-0.39965713952103915
52.5,7.046019456645474,-0.03325664496149137,0.05158710542718158,-0.0009276961437998218,2.3610391273335862,-0.40003927503938563
52.6,7.044393993853204,-0.033611010230572516,0.05253497555166359,-0.000909109200662702,2.369326464490892,-0.400414333974059
52.7,7.0421534910854815,-0.033988612566478664,0.053304350652704176,-0.0008270168684737564,2.3779600692174445,-0.40078231632505934
52.800000000000004,7.039254016915487,-0.0343894519692098,0.05390754073192,-0.000682580831179055,2.3869399415132433,-0.40114322209238656
52.900000000000006,7.035563777062767,-0.03481352843876593,0.054350700790119374,-0.000481996736490971,2.3961737433598236,-0.40149705127604074
53.0,7.0310388401005035,-0.03525212807508768,0.05465229582972729,-0.00023494528396008764,2.405592221243335,-0.4018367272923487
53.1,7.0256352746018775,-0.03570525087817505,0.05481232585074373,4.3471635114685315e-05,2.4151492061545454,-0.4021622501413105
53.2,7.0193091491400725,-0.03616708758132179,0.05486156585721033,0.0003377649014524147,2.424821613588838,-0.40248777299027233
53.300000000000004,7.012060463715087,-0.036626019651115414,0.05480001584912708,0.0006308964838440741,2.4344940210231303,-0.402799142671888
53.400000000000006,7.003801355473285,-0.03707914245420278,0.054646140828918964,0.0009042794391525438,2.444166428457423,-0.4031034357698306
53.5,6.994575755841486,-0.03752064672387766,0.05441840579901095,0.001143973560024984,2.453723413368633,-0.40340065228410005
53.6,6.9843836648196875,-0.03794762782678691,0.054135275761828014,0.001339910918928788,2.4631649757567615,-0.40369786879836955
53.7,6.973225082407891,-0.0383542764962243,0.0538090607189868,0.0014831852722774195,2.472375693098725,-0.4039809321452929
53.800000000000004,6.961143940032916,-0.038740592732189806,0.05345207067210397,0.001568762656304575,2.4813324808899075,-0.4042710720758893
53.900000000000006,6.94814023769476,-0.039106576534683454,0.05308892562441281,0.0015954813870641847,2.48996608561646,-0.40454705883913955
54.0,6.934301838247061,-0.03945513253705835,0.052731935577529976,0.0015656648324483882,2.498207253764533,-0.40482304560238974
54.1,6.919672673116636,-0.039783356105961384,0.052387255532263796,0.001488606464025746,2.5059867318202764,-0.40507780261462073
54.2,6.90434060515712,-0.0400970565080988,0.052079505491847554,0.0013782464891490974,2.513304519783691,-0.40532548304317867
54.300000000000004,6.888349565795334,-0.04040785227688309,0.051814840457089596,0.0012523973949915158,2.5200913641409275,-0.40557316347173655
54.400000000000006,6.871787417884913,-0.040721552679020494,0.051605570429606555,0.0011288716687260741,2.526278011378136,-0.4058137673166214
54.5,6.85478595570631,-0.04103815771451103,0.051457850410206764,0.001022383973669659,2.5318413769907004,-0.4060472945778331
54.6,6.837389110686345,-0.041366381283414064,0.051396300402123514,0.0009495851130492733,2.536712207464771,-0.4062737452553718
54.7,6.819728677105472,-0.04171203265243584,0.05140861040374016,0.0009248025221997802,2.5408674182957323,-0.4065001959329104
54.800000000000004,6.801848586390507,-0.042078016454929486,0.05151324541748168,0.0009600402685639031,2.544283924978967,-0.40671249344310295
54.900000000000006,6.783924564248725,-0.042467237324248126,0.05170405044253975,0.0010642045957281784,2.546892474000626,-0.40693186753696853
55.0,6.7660005421069425,-0.04287969526039176,0.05198102547891436,0.0012403933275487926,2.5487161498653252,-0.40713708846348795
55.1,6.748164382818796,-0.04331829489671351,0.05235648052822217,0.0014858958681515826,2.5496626145545997,-0.4073423093900073
55.2,6.730547880664741,-0.04377722696650713,0.05282426058965485,0.0017937421138601287,2.549778037077682,-0.4075333771491806
55.300000000000004,6.713194967071594,-0.04425068220306637,0.053372055661595745,0.002150379085303614,2.5490162484253394,-0.40771736832468075
55.400000000000006,6.696281367746628,-0.044735755973038104,0.054006020744853195,0.002542253803111222,2.547423417606804,-0.4078942829165078
55.5,6.679807082689842,-0.04522663900971609,0.054707690837002214,0.0029538771480020196,2.544999544622077,-0.4080641209246618
55.6,6.663859974754875,-0.04571461741304095,0.0554770659380428,0.0033655004928928177,2.5417677139757737,-0.40822688234914273
55.7,6.6485718382221775,-0.046196786549659564,0.056301836046358314,0.0037616347185026825,2.5377048411632788,-0.40838964377362363
55.800000000000004,6.633942673091752,-0.04666443251951256,0.057169691160332096,0.004127952389496751,2.532903264203057,-0.40854532861443144
55.900000000000006,6.620060342217235,-0.047117555322599924,0.058068321278347504,0.0044524494384323,2.527316814085876,-0.4086939368715662
56.0,6.606968777025442,-0.04755325032556855,0.05898541639878789,0.0047266068497048164,2.5210609133348183,-0.40884254512870094
56.1,6.594667977516377,-0.04796570826171218,0.059908666520036596,0.004945390659547996,2.514112477445267,-0.4089911533858357
56.2,6.583245806543672,-0.04835783376438395,0.06081345163886033,0.005108026411997794,2.506540759931071,-0.4091256084756243
56.300000000000004,6.5727461955341475,-0.048732531466936964,0.061693616754450765,0.00522032252678456,2.498391929801464,-0.4092529869817398
56.400000000000006,6.563125213060985,-0.04908980136937124,0.06253069686438292,0.005291185247494829,2.4897352405702953,-0.4093732889041822
56.5,6.55447072197782,-0.04943835737174614,0.06330622696623184,0.005334554781481441,2.480639945751414,-0.40949359082662456
56.6,6.5466948594310175,-0.04978400874076792,0.06399558705676421,0.005365533020043308,2.471129129849437,-0.4096068161653939
56.7,6.539885488274213,-0.0501296601097897,0.06459262213517171,0.00539612403062315,2.461295130882829,-0.40971296492049014
56.800000000000004,6.5339986770805885,-0.05048112074551772,0.06507886719902936,0.005441042476537856,2.4512072023654405,-0.40981203709191333
56.900000000000006,6.528990494423326,-0.05084129528130512,0.0654358572459122,0.005515390249086336,2.440888428801887,-0.40991110926333646
57.0,6.524904871729243,-0.05121889761721126,0.0656389722725869,0.005630784187729288,2.4304311482106353,-0.41000310485108654
57.1,6.5216539461447045,-0.05161683238658927,0.06568205727824518,0.0057984539039453884,2.4198815296009175,-0.4100951004388366
57.2,6.519193786242891,-0.052038004222792276,0.06555280226127036,0.006024207817464989,2.4093319109912,-0.41018001944291366
57.300000000000004,6.5175243920238035,-0.05247950849246715,0.06523274221923747,0.006308433156270112,2.3988284613907154,-0.41026493844699063
57.400000000000006,6.516601832060624,-0.05294424982896702,0.06470341214972154,0.0066468704125585,2.38839426530408,-0.41033570428372146
57.5,6.516338243499715,-0.05342351433223251,0.06396481205272259,0.007030226114761596,2.378144745254376,-0.41039939353677923
57.6,6.516733626341078,-0.05391730200226362,0.0629984769258156,0.007448045107364767,2.3681722392600695,-0.4104560062061639
57.7,6.517700117731076,-0.05442270820570722,0.061798251768192286,0.007885999955033151,2.358499831825777,-0.4105126188755485
57.800000000000004,6.519193786242891,-0.05492811440915083,0.06035182657823598,0.008327052626557722,2.3491967764653476,-0.41056215496126014
57.900000000000006,6.521126769022887,-0.055433520612594434,0.05865304635513836,0.008755326774675522,2.340332326692631,-0.4106046144632986
58.0,6.523499066071064,-0.05593021291597867,0.05670191109889942,0.00915533328010562,2.3319526515168594,-0.41063999738166407
58.1,6.526178883106968,-0.056412382052597285,0.054492265808710846,0.00951235747953113,2.3241270044518827,-0.41068245688370253
58.2,6.529166220130598,-0.05688002802245028,0.05202411048457264,0.009814782533491348,2.316901554506934,-0.41071783980206794
58.300000000000004,6.532373214288319,-0.05732443692547827,0.04929744512648478,0.010055251110327835,2.3103224706912457,-0.41075322272043335
58.400000000000006,6.535668071299676,-0.05775141802838753,0.04630611473363897,0.010229890930220356,2.3044359220140507,-0.4107744524714526
58.5,6.5390947225914875,-0.05815806669782491,0.0430501193060352,0.010342574272989144,2.2992419084753495,-0.41078860563879876
58.6,6.542521373883298,-0.05854728756714355,0.039541768845290114,0.010399109558364551,2.294809683588991,-0.41079568222247187
58.7,6.54594802517511,-0.05892488990304969,0.03578721835221203,0.010411113625807274,2.291162331859592,-0.41079568222247187
58.800000000000004,6.549286813613286,-0.05929668297224959,0.03178031282599265,0.010390590542760036,2.2883229377917687,-0.41079568222247187
58.900000000000006,6.552493807771006,-0.059659762141390106,0.027533362268248592,0.010348382692719494,2.2863145858901377,-0.41078860563879876
59.0,6.555525076221454,-0.060025745943883754,0.023058676680596524,0.010300366422948602,2.285137276154699,-0.4107744524714526
59.1,6.558336687537812,-0.06040044364643677,0.018350101062228116,0.01026164362474627,2.2847910085854517,-0.41075322272043335
59.2,6.560884710293262,-0.060786759882402286,0.013432255416376668,0.010246154505465335,2.285252698677781,-0.4107319929694141
59.300000000000004,6.563081281634167,-0.061187599285133426,0.008311294743850506,0.010267064816494595,2.286545430936302,-0.4107107632183949
59.400000000000006,6.564970332987345,-0.06160877112133643,0.002987219044649626,0.010331344661510467,2.2886230363517828,-0.41068245688370253
59.5,6.566507932925978,-0.0620502753910113,-0.0025153516779926697,0.010441317408405093,2.291462430419606,-0.4106470739653371
59.6,6.56760621859643,-0.06250920746080492,-0.008190262423268058,0.010596983057178471,2.295040528635156,-0.41059753787962555
59.7,6.56830912142552,-0.0629855673307173,-0.014025203189559887,0.010792920416082276,2.2993342464938156,-0.4105409252102409
59.800000000000004,6.568572709986428,-0.0634793550007484,-0.020007863975251512,0.011023708293368179,2.3043204994909687,-0.4104843125408562
59.900000000000006,6.568396984279156,-0.06398185657083888,-0.026125934778726278,0.011278117077557505,2.3099531186173823,-0.4104206232877985
60.0,6.567781944303703,-0.0644901674076356,-0.03237326059917586,0.011541432105333368,2.3162090193684404,-0.4103569340347407
60.1,6.566727590060069,-0.06500138287778547,-0.0387313764341753,0.011800874853288998,2.323018948230293,-0.4102790916143368
60.2,6.565189990121435,-0.06550678908122907,-0.0451818172812996,0.012040956202143462,2.3303598206983245,-0.41020832577760596
60.300000000000004,6.5632130759146206,-0.0660034813846133,-0.051718428139740445,0.012246574260597849,2.338139298754068,-0.41013048335720204
60.400000000000006,6.560796847439626,-0.0664827458878788,-0.058322744007072866,0.012406499417173483,2.3463804669021404,-0.41005264093679816
60.5,6.557897373269632,-0.06694748722437865,-0.06498860988248853,0.012510276516355735,2.35496790261946,-0.4099606453490481
60.6,6.554558584831456,-0.06738899149405353,-0.07169756076356247,0.012552097138414256,2.3638323523921767,-0.409868649761298
60.7,6.5507804821251,-0.06781306796360967,-0.07843728664867804,0.012533510195277136,2.3729507317156746,-0.40975542442252866
60.800000000000004,6.546606996577381,-0.06821681199969393,-0.08518932253541024,0.012458387966764609,2.3822768715807205,-0.4096492756674324
60.900000000000006,6.541994196761482,-0.06860893750236569,-0.09194751342295078,0.01233641115242726,2.391741518473465,-0.4095360503286631
61.0,6.536986014104219,-0.06898653983827183,-0.09868108430725803,0.01217571153988758,2.4012754188800587,-0.40942282498989374
61.1,6.531582448605594,-0.0693554282741186,-0.10539003518833197,0.011987905968606266,2.4108093192866527,-0.4093095996511244
61.2,6.525783500265605,-0.06972141207661224,-0.11205590106374763,0.011788870785846275,2.4202970506840136,-0.409189297728682
61.300000000000004,6.519589169084254,-0.07009320514581215,-0.11865406193027173,0.011596031250798658,2.4296693595582926,-0.4090619192225665
61.400000000000006,6.5130433864883575,-0.0704737121150714,-0.12517836278709593,0.011425650938708393,2.4388569923956394,-0.408934540716451
61.5,6.506102221051099,-0.07086583761774318,-0.1315980286301786,0.011292057284910345,2.4478137801868223,-0.40880716221033553
61.6,6.498765672772477,-0.0712782955538868,-0.13791305945951976,0.011203769305009026,2.456470469417991,-0.4086656305368739
61.7,6.491077673079311,-0.07170527665679606,-0.14408652527026944,0.011166595418734786,2.4647578065752964,-0.40851702227973913
61.800000000000004,6.4830382219716,-0.0721554948265303,-0.15011227106161934,0.01118324622196179,2.472629622649506,-0.40836133743893127
61.900000000000006,6.4746473194493435,-0.0726231407963833,-0.15595952182952783,0.011253334486708013,2.4800859176406194,-0.40819857601445036
62.0,6.465904965512543,-0.07310821456635504,-0.16161596757237826,0.01137414961709929,2.487034353530171,-0.40803581458996946
62.1,6.456767228734379,-0.0736078115030924,-0.1670631432877456,0.011534462001656948,2.493451845813544,-0.40788012974916166
62.2,6.447278040541671,-0.07411612233988912,-0.17227642897239664,0.01172188034495624,2.4993153099861223,-0.40771029174100765
62.300000000000004,6.437437400934418,-0.0746302424433921,-0.17723735962390638,0.01192440057955444,2.504578577038673,-0.40754753031652674
62.400000000000006,6.427289241339438,-0.07514145791354196,-0.18191516023823315,0.012126533586170617,2.5092185624665793,-0.40737769230837273
62.5,6.416745698903096,-0.07564686411698555,-0.18629752081376036,0.012313564701487884,2.513258350774458,-0.4072078543002188
62.6,6.405850705052209,-0.0761435564203698,-0.190365976348063,0.012473102630081495,2.516651772953076,-0.40703093970839166
62.7,6.394648191213594,-0.07662282092363529,-0.19408975183709945,0.012591594392580634,2.5194219135070504,-0.4068469485328915
62.800000000000004,6.383094225960436,-0.07708465762678203,-0.19745653727925305,0.01266206988530888,2.5215226034271474,-0.4066558807737183
62.900000000000006,6.371232740719551,-0.07752906652981002,-0.20044171267129055,0.012681044056428023,2.5230230962272167,-0.40645773643087196
63.0,6.359063735490938,-0.07795314299936615,-0.20303296801159526,0.01264929136190211,2.523923391907258,-0.40625959208802565
63.1,6.3465872102746,-0.07835979166880354,-0.20520568329693387,0.012569909625587327,2.524223490467272,-0.4060685243288524
63.2,6.333847096497353,-0.0787519171714753,-0.20694139352488145,0.012445996671339863,2.5239926454211075,-0.40586330340233295
63.300000000000004,6.320887325586015,-0.07912951950738145,-0.2082277886938213,0.012287620426692321,2.5232308567687647,-0.4056580824758136
63.400000000000006,6.307663966113768,-0.07950131257658134,-0.20905255880213683,0.012107946643033498,2.521984293519476,-0.40545286154929416
63.5,6.29426488093425,-0.07987020101242812,-0.20940339384821133,0.011922464439644323,2.520276040177859,-0.40524764062277474
63.6,6.2807340014742765,-0.08024489871498112,-0.2092679838304282,0.01174743739176978,2.5181522657531454,-0.40503534311258227
63.7,6.2670713277338495,-0.0806254056842404,-0.20864017374797908,0.011596031250798658,2.5156822237591854,-0.40483012218606285
63.800000000000004,6.253276859712968,-0.08102043582026529,-0.20750765359924733,0.011477926716281542,2.512842829691362,-0.40461074809219727
63.900000000000006,6.2394823916920865,-0.0814299891230558,-0.20587657838504128,0.011402804487769017,2.5097264215681414,-0.4043842974146586
64.0,6.225643992244387,-0.08185987485931817,-0.2037407931045526,0.011374924073063338,2.5064022529033725,-0.40415077015344686
64.10000000000001,6.211893455650324,-0.08230428376234616,-0.2011002977577813,0.011398157751984737,2.5029164927062886,-0.40391724289223513
64.2,6.198274713336715,-0.08276902509884604,-0.19796740234634402,0.011470182156641076,2.4993153099861223,-0.4036766390473503
64.3,6.18478776530356,-0.08324828960211152,-0.1943482618710491,0.011583252727391889,2.495667958256723,-0.40343603520246546
64.4,6.171520474404495,-0.08373917263878951,-0.19024903133270482,0.011727301536704565,2.4919975220227077,-0.4031883547739076
64.5,6.1585607034931575,-0.08423876957552687,-0.1856820207329279,0.011891486201082458,2.4884194238071577,-0.4029406743453497
64.60000000000001,6.145908452569547,-0.08474127114561734,-0.18066569507414323,0.012059930373262605,2.48495674811469,-0.40269299391679175
64.7,6.133695515914116,-0.08523796344900159,-0.17521851935877586,0.012219468301856216,2.481655663954538,-0.40244531348823387
64.8,6.121921893526867,-0.0857317511190327,-0.16935895858925074,0.012354998095564382,2.47858542484055,-0.4021905564760029
64.9,6.110675448261436,-0.08621101562229819,-0.16311778776960947,0.012454515686944376,2.4757460307727266,-0.4019287228800988
65.0,6.09995618011782,-0.08667575695879805,-0.15651962690308538,0.012509502060391689,2.4732298197695335,-0.40165273611684854
65.10000000000001,6.089939814803295,-0.08712307049517917,-0.14959525099372006,0.012512599884247876,2.471082960840204,-0.4013767493535983
65.2,6.080538489464223,-0.08755295623144155,-0.14236928004474686,0.012463421930530913,2.4693516229939703,-0.40110076259034805
65.3,6.071883998381058,-0.08796541416758519,-0.13487864406101568,0.012359257603366638,2.468058890735449,-0.40081769924342475
65.4,6.06402027298062,-0.08836044430361006,-0.12715411804656815,0.012202043042665166,2.46720476406464,-0.4005346358965014
65.5,6.056947313262906,-0.08874385590622245,-0.11923878700706257,0.012000297264031012,2.4668584964953935,-0.40023741938223195
65.60000000000001,6.050665119227919,-0.08911564897542236,-0.11116342594654055,0.01176486265096083,2.466997003523092,-0.39994727945163555
65.7,6.045305485156112,-0.089481632777916,-0.10297111987066035,0.011509292182825433,2.467643369652353,-0.39965006293736605
65.8,6.040736616767029,-0.08984761658040964,-0.09470495378508026,0.011247526066977662,2.468797594883175,-0.3993457698394235
65.9,6.037090308341128,-0.09021650501625642,-0.08638954769303357,0.010990793914896196,2.4704596792155598,-0.3990414767414809
66.0,6.034322628451588,-0.09059701198551569,-0.07807414160098687,0.01075148702200578,2.472583453640273,-0.3987230304761922
66.10000000000001,6.032389645671592,-0.09098623285483433,-0.06978951051298181,0.010539286087856994,2.4751689181573155,-0.39839750762723036
66.2,6.031379222854776,-0.09138997689091859,-0.06157873943467664,0.010362710128054358,2.4782622417759197,-0.39806490819459545
66.3,6.031159565720685,-0.09181405336047471,-0.05348491337172964,0.010229503702238333,2.4817710864776203,-0.3977252321782874
66.4,6.031774605696138,-0.09225265299679646,-0.04552649732656578,0.010138117898480827,2.4856954522624166,-0.39738555616197946
66.5,6.033224342781136,-0.09270577579988383,-0.03775273130565167,0.010086616576871725,2.48996608561646,-0.3970317269783253
66.60000000000001,6.035376982695222,-0.09317342176973682,-0.03018823531222059,0.010069191317680675,2.4946060710443665,-0.3966849743783442
66.7,6.0382764568652165,-0.09365268627300231,-0.02286378435031418,0.010074999737411024,2.4995692395369034,-0.3963311451946901
66.8,6.041790971010664,-0.09413485540962092,-0.01580399842316573,0.010092812224584097,2.5047632530756045,-0.39597023942736287
66.9,6.045920525131565,-0.09461702454623953,-0.009039652534816868,0.010110237483775148,2.51018811166047,-0.3956093336600356
67.0,6.050577256374282,-0.09509628904950503,-0.002589211687692566,0.010111399167721217,2.515774561777651,-0.3952342747253622
67.10000000000001,6.0557172333119995,-0.09556393501935802,0.003535014116590526,0.010087391032835772,2.5214764344179144,-0.39485213920701573
67.2,6.06125259309108,-0.09601996245579851,0.009302249873990785,0.010027370695622156,2.5272706450766433,-0.39446292710499614
67.3,6.067095472857886,-0.09646437135882652,0.014718650585316535,0.009924755280385974,2.5330879402399886,-0.3940737150029766
67.4,6.0732019411856015,-0.09688844782838264,0.0197657512481428,0.00977528527932497,2.5388821508987176,-0.393684502900957
67.5,6.079484135220588,-0.09729509649782003,0.02443739686166126,0.009573926728672837,2.5446071080435972,-0.39329529079893744
67.60000000000001,6.085766329255576,-0.09768431736713867,0.028733587425871912,0.009324551908249814,2.550193558160778,-0.3928990021132448
67.7,6.092092454717381,-0.09806191970304481,0.032654322940774756,0.009034905377696365,2.5556415012502605,-0.39249563684387906
67.8,6.098286785898733,-0.09842499887218534,0.036205758407178115,0.00871428060858105,2.5608355147889617,-0.3920993481581864
67.9,6.104305391372812,-0.09878226877461961,0.039387893825081996,0.008375456124310638,2.5657755987768818,-0.3916959828888207
68.0,6.110060408285982,-0.09913663404370075,0.042219194196911364,0.008030435992327853,2.570415584204788,-0.39128554103578184
68.10000000000001,6.11542004235779,-0.09949390394613503,0.044705814523474545,0.007690837052093393,2.5746400485495986,-0.39086802259906994
68.2,6.120340362161416,-0.09985698311527555,0.046872374808004845,0.007371373966924147,2.578495160820546,-0.390443427578685
68.3,6.124733504843225,-0.10022877618447544,0.04873118505211891,0.007082889120316768,2.5819578365130136,-0.3900188325583
68.4,6.128555538976399,-0.10061799705379408,0.05030686525905004,0.0068381610356780245,2.5849357376085353,-0.3896013141215881
68.5,6.131718601707302,-0.10101883645652522,0.05161172543041488,0.006639125852918034,2.587475033116345,-0.3891767191012031
68.60000000000001,6.134178761609116,-0.10144000829272823,0.05267038556944673,0.006489655851857029,2.5895064695225924,-0.3887521240808181
68.7,6.135848155828203,-0.10187570329569685,0.05351977568099554,0.006390138260477034,2.5910069623226617,-0.38832752906043316
68.8,6.136726784364565,-0.1023259214654311,0.05417220576667796,0.0063363135709757915,2.5919995960211692,-0.3879100106237212
68.9,6.136726784364565,-0.10279066280193096,0.05465229582972729,0.006320824451694858,2.5924382016088816,-0.38748541560333627
69.0,6.135892087255021,-0.10326121340513708,0.05499697587499347,0.006333215747119605,2.5923689480950323,-0.38706082058295127
69.10000000000001,6.134178761609116,-0.10373466864169632,0.05523086590570981,0.006360321705861238,2.591745666470388,-0.3866220723952201
69.2,6.1315428760000295,-0.10420812387825557,0.055366275923492955,0.00639091271644108,2.5906145257441824,-0.38618332420748896
69.3,6.128028361854582,-0.10467867448146168,0.05544013593319285,0.006412597483434387,2.5889986104210307,-0.38573749943608476
69.4,6.1236352191727725,-0.1051376065512553,0.055470910937234476,0.00641530807930855,2.5868979205009337,-0.3852987512483536
69.5,6.118363447954602,-0.10558782472098954,0.05548322093885112,0.006387814892584894,2.584335540488508,-0.3848670796442955
69.60000000000001,6.112300911053705,-0.10601771045725192,0.055495530940467774,0.006318501083802718,2.581357639392986,-0.38442833145656435
69.7,6.105447608470082,-0.10643307302674868,0.05552015094370107,0.006203107145159766,2.5779642172143675,-0.3839966598525063
69.8,6.097847471630552,-0.10682810316277357,0.05558785595259264,0.006042794760602109,2.5742014429618862,-0.38356498824844826
69.9,6.08958836338875,-0.10720861013203284,0.05569864596714249,0.0058406617539859314,2.5700693166355415,-0.38313331664439015
70.0,6.080670283744677,-0.10757459393452648,0.055877140990583905,0.005605227140915748,2.565637091749183,-0.3827087216240052
70.10000000000001,6.071225026978787,-0.10793186383696075,0.0561233410229169,0.005344235481032024,2.5609278528074273,-0.3822770500199471
70.2,6.061296524517898,-0.10828332447268878,0.056449556065758105,0.005066980245903322,2.555918515305658,-0.38183830183221595
70.3,6.050928707788827,-0.10862897584171055,0.056855786119107535,0.004787014414900455,2.55070141726234,-0.38139247706081175
70.4,6.040297302498849,-0.10898043647743857,0.05734818618377351,0.004516342055466149,2.5453458121913237,-0.3809466522894075
70.5,6.029402308647962,-0.10934061101322598,0.05792060125894771,0.0042700650588993125,2.539828615587992,-0.38050790410167634
70.60000000000001,6.018419451943438,-0.10970949944907274,0.058573031344630135,0.0040563152128224355,2.5342652499754275,-0.3800691559139452
70.7,6.007348732385278,-0.11009291105168513,0.059293166439204126,0.0038812881649478905,2.52865571535363,-0.379623331142541
70.8,5.996321944253936,-0.11049375045441627,0.06008716154347801,0.0037511795629880523,2.5230230962272167,-0.37917750637113673
70.9,5.985470881829867,-0.11090620839055991,0.06093655165502682,0.0036675383188710135,2.5174828151192683,-0.3787387581834056
71.0,5.974839476539889,-0.1113389987601754,0.061822871771425585,0.0036280410647046343,2.512034872029786,-0.3783000099956744
71.10000000000001,5.964515591237637,-0.11178340766320341,0.06274612189267428,0.0036284282926866574,2.506725435968003,-0.3778683383916164
71.2,5.954587088776748,-0.11223653046629077,0.06368168201553964,0.003658632075284477,2.5016006759431506,-0.3774225136202121
71.3,5.945141832010857,-0.11269836716943753,0.06461108713759668,0.0037101333968935796,2.4967067609644635,-0.3769766888488079
71.4,5.936267683793602,-0.11316310850593739,0.06552818225803705,0.0037713154180532655,2.4921129445457897,-0.3765237874937306
71.5,5.928052506978618,-0.11362784984243726,0.06640219237281918,0.0038313357552668815,2.487865395696363,-0.37607088613865325
71.60000000000001,5.920452370139088,-0.11408678191223087,0.06722080748032636,0.0038789647970557508,2.4839871989207993,-0.37562506136724905
71.7,5.913642998982284,-0.114534095448612,0.06796556257813365,0.0038983261961569172,2.4805245232283317,-0.37517216001217174
71.8,5.907624393508205,-0.11496979045158062,0.06861799266381607,0.0038805137089838442,2.477523537628193,-0.37471925865709443
71.9,5.9023965537168515,-0.11539096228778363,0.06915963273494864,0.0038193316878241583,2.475030411129617,-0.37426635730201707
72.0,5.8980034110350426,-0.11579470632386789,0.06956586278829807,0.003711682308821673,2.473045143732602,-0.37382053253061287
72.10000000000001,5.894444965462776,-0.11618392719318653,0.06981821782143939,0.003559501711886505,2.4715908199417655,-0.37336763117553556
72.2,5.891721217000055,-0.11655572026238642,0.06991054283356425,0.003364726036928771,2.470690524261724,-0.3729218064041313
72.3,5.889788234220059,-0.11691879943152694,0.06982437282224771,0.0031323892477147742,2.4703442566924774,-0.372468905049054
72.4,5.888646017122788,-0.11726735543390185,0.0695473977858731,0.0028713975878310507,2.470575101738642,-0.3720089271103036
72.5,5.888250634281426,-0.11761300680292362,0.06906115272201545,0.0025933678967383013,2.4714292284094506,-0.37154187258788013
72.60000000000001,5.88860208569597,-0.1179586581719454,0.06836563763067476,0.002312240381789365,2.4728604676956705,-0.3710818946491297
72.7,5.889612508512786,-0.1183072141743203,0.06743623250861772,0.0020400191104269654,2.4749149886065345,-0.3706219167103793
72.8,5.891194039878238,-0.11866448407675458,0.06627909235665268,0.0017875464661477553,2.47754662213281,-0.3701619387716289
72.9,5.893258816938689,-0.11903337251260135,0.06488806217397129,0.0015648903764843417,2.480778452779113,-0.36970196083287854
73.0,5.895806839694138,-0.11941387948186061,0.06326314196057356,0.0013797954010771908,2.4846104805454434,-0.3692490594778012
73.10000000000001,5.898706313864132,-0.11981181425123862,0.061398176715651176,0.001236133819746536,2.4889965364225692,-0.3687890815390508
73.2,5.901913308021853,-0.12022427218738226,0.05930547644082077,0.0011346800884564242,2.4939597049151057,-0.36833618018397346
73.3,5.905252096460028,-0.12065125329029151,0.05697888613527403,0.0010711746994045983,2.499453817013821,-0.36786912566155
73.4,5.908678747751839,-0.12108985292661326,0.05443687080143592,0.0010421326007528486,2.505455788214098,-0.36739499455545344
73.5,5.912105399043651,-0.12153716646299438,0.051673275438498124,0.001040196460842732,2.5119656185159367,-0.36692086344935687
73.60000000000001,5.915488118908644,-0.12199028926608176,0.048718875050502264,0.0010583961759978284,2.5189833079193376,-0.3664538089269334
73.7,5.918651181639547,-0.12244922133587537,0.045573669637448334,0.0010858893627214848,2.5264165184058345,-0.365993830988183
73.8,5.921506724382723,-0.12290524877231587,0.04225612420176131,0.0011064124457687212,2.5342652499754275,-0.3655338530494326
73.9,5.924054747138172,-0.12335256230869698,0.038778548745057845,0.0011091230416428845,2.5424602491142676,-0.3650738751106822
74.0,5.926119524198622,-0.12378825731166562,0.035165563270571236,0.0010870510466675547,2.5509784313177373,-0.36461389717193177
74.10000000000001,5.927657124137256,-0.12421523841457487,0.031429477779918134,0.0010320646732202422,2.5597736275766048,-0.36416099581685446
74.2,5.928623615527254,-0.12462479171736537,0.02759491227633184,0.00094222778139083,2.5687765843770203,-0.3637010178781041
74.3,5.928931135514981,-0.1250227264867434,0.02368033176223732,0.000814829775305155,2.5779180482051345,-0.36324811652302674
74.4,5.9284918212468,-0.12540323345600266,0.01969804623925123,0.0006498706549632172,2.5871518500517148,-0.3627810620006033
74.5,5.927305672722711,-0.12577212189184941,0.015684985712223515,0.00045470775202345983,2.5963856518982946,-0.36232108406185287
74.60000000000001,5.925328758515897,-0.12613229642763682,0.0116473051819625,0.00023476225823420942,2.605642538249491,-0.36186818270677557
74.7,5.922561078626357,-0.12648375706336484,0.007615779652509812,1.2637850741425418e-06,2.6147840020776054,-0.36141528135169826
74.8,5.918914770200455,-0.12683521769909287,0.0036027191254820977,-0.00023688142387020427,2.6237638743734046,-0.360969456580294
74.9,5.9144776960918275,-0.12718377370146777,-0.00036725639588734384,-0.0004684437571201545,2.6325359861276554,-0.3605236318088898
75.0,5.909161993446839,-0.12753813897054891,-0.004281836909981863,-0.000680257463286915,2.640984914817276,-0.36008488362115865
75.10000000000001,5.9030555251191235,-0.12790121813968944,-0.008122557414376485,-0.0008610929308918093,2.6491106604422665,-0.3596390588497544
75.2,5.896158291108683,-0.12827591584224246,-0.011870952906646238,-0.0010028183723123473,2.6567978004795445,-0.35920031066202324
75.3,5.888558154269152,-0.1286651367115611,-0.015514713385174468,-0.0010984636838721094,2.664000165919877,-0.3587615624742921
75.4,5.880255114600533,-0.12906888074764536,-0.019041528848344532,-0.0011464799536430022,2.670671587754031,-0.35832281428656093
75.5,5.871293103529641,-0.12948424331714212,-0.022439089294539773,-0.0011449310417149087,2.676742812468157,-0.3578840660988298
75.60000000000001,5.8618039153369335,-0.1299170336867576,-0.025701239722951873,-0.0010965275439619928,2.682213840062256,-0.3574453179110986
75.7,5.851875412876044,-0.13036144258978563,-0.02881567013196418,-0.0010051417402044873,2.6870154170224776,-0.3570136463070406
75.8,5.841551527573792,-0.13081166075951986,-0.03178853552238502,-0.0008816160139390457,2.691078289834973,-0.3565890512866556
75.9,5.830920122283813,-0.13126768819596035,-0.03460752589259774,-0.0007387288885724375,2.6944024584997415,-0.35616445626627063
76.0,5.820069059859744,-0.13172081099904773,-0.037272641242602336,-0.0005873227476013163,2.6969417540075513,-0.35574693782955874
76.10000000000001,5.809174066008857,-0.13217102916878198,-0.03978388157239882,-0.0004378527465403116,2.6986500073491686,-0.3553294193928468
76.2,5.798235140731151,-0.13261253343845686,-0.04214740188279551,-0.0002988379009939368,2.699504134019977,-0.354918977539808
76.3,5.7874280097339,-0.13304532380807235,-0.044369357174600735,-0.0001791844545487284,2.6994810495153607,-0.35450853568676916
76.4,5.7767526730171035,-0.13346359101092223,-0.04644359244700617,-8.624973886312962e-05,2.6985807538353193,-0.35409809383373037
76.5,5.766428787714851,-0.13386733504700649,-0.04838241770162845,-2.4680489721420447e-05,2.6967339934660033,-0.35368057539701847
76.60000000000001,5.756456353827144,-0.134253651282972,-0.050191987939275914,5.910520858422479e-06,2.694010021921262,-0.3532630569603066
76.7,5.747011097061254,-0.13462834898552503,-0.051884613161565216,7.84666076853912e-06,2.6903857546964796,-0.35285261510726773
76.80000000000001,5.738093017417181,-0.13499142815466555,-0.05346029336849634,-1.2676422278697272e-05,2.685884276296272,-0.3524563264215751
76.9,5.729833909175379,-0.13534288879039358,-0.0549436485633026,-5.0237536534960104e-05,2.680505586720639,-0.35206003773588246
77.0,5.722321635189485,-0.13568854015941537,-0.056328523745175656,-9.670489437775949e-05,2.674272770474197,-0.35166374905018977
77.10000000000001,5.715556195459499,-0.136031286895084,-0.05763953891734882,-0.00013929997240032558,2.6672089120615636,-0.35127453694817024
77.2,5.709625452839056,-0.1363769382641058,-0.05887669407982209,-0.00016718038710600522,2.659337095987354,-0.35089240142982375
77.30000000000001,5.704573338754975,-0.13672839889983382,-0.06005845423502044,-0.0001698909829801685,2.650726575765418,-0.3505173424951503
77.4,5.700443784634074,-0.1370885734356212,-0.061190974383752185,-0.00013775106047223226,2.641377351395756,-0.35014228356047694
77.5,5.697236790476353,-0.1374603665048211,-0.062280409526825654,-6.611388379791656e-05,2.6313586763922165,-0.34976014804213046
77.60000000000001,5.69499628770863,-0.13784668274078662,-0.06334522466666584,5.16034227371752e-05,2.6207398042686494,-0.34937093594011087
77.7,5.693766207757724,-0.13824461751016462,-0.06439157480408103,0.00021733699904315966,2.6095899885389042,-0.3489888004217644
77.80000000000001,5.693458687769997,-0.13865998007966138,-0.06542561493987958,0.0004322485290661068,2.597955398212213,-0.348613741487091
77.9,5.69407372774545,-0.13908696118257063,-0.06645965507567814,0.00068975513711162,2.5859052868024266,-0.3482386825524176
78.0,5.695655259110902,-0.13952265618553927,-0.06749985021228502,0.000979014439683046,2.5735550768326254,-0.34787070020141725
78.10000000000001,5.698115419012715,-0.13996416045521415,-0.06854620034970021,0.0012911201931938487,2.560904768302811,-0.34750979443409
78.2,5.701366344597254,-0.14040856935824214,-0.06961101548954039,0.0016156172421293977,2.548092868240681,-0.3471488886667628
78.30000000000001,5.705451967291337,-0.14085297826127013,-0.07070045063261386,0.0019401142910649466,2.5351655456554694,-0.3467950594831086
78.4,5.710284424241327,-0.14128867326423877,-0.07181450577892064,0.0022549306404499123,2.522192054061024,-0.3464412302994545
78.5,5.7157758525935884,-0.141715654367148,-0.07295318092846072,0.002546900538895502,2.5092647314758123,-0.34609447769947344
78.60000000000001,5.7218383894944855,-0.14213101693664476,-0.07412263108204241,0.002807504970797202,2.4964066624044494,-0.34574064851581926
78.7,5.7284281035172,-0.1425318563393759,-0.07532285623966573,0.003030548288442639,2.4837794383792513,-0.3453868193321651
78.80000000000001,5.7354571318080945,-0.1429152679419883,-0.07654770140052235,0.003213707123939673,2.4714061439048343,-0.345040066732184
78.9,5.742837611513535,-0.14328706101118818,-0.07780947656622891,0.003357755933252351,2.4593791169996635,-0.34470039071587605
79.0,5.750569542633519,-0.14364142628026935,-0.07908971673436045,0.0034619202604166265,2.447744526672973,-0.3443607146995681
79.10000000000001,5.758433268033958,-0.143984173015938,-0.08040073190653362,0.0035327829811268954,2.436617795447844,-0.34402811526693317
79.2,5.766472719141669,-0.14431820585154728,-0.08173021208113176,0.0035788631109876716,2.425998923324277,-0.34369551583429825
79.30000000000001,5.7745121702493805,-0.1446464294204503,-0.08307200225734655,0.0036094541215675145,2.416003332825354,-0.34336999298533644
79.4,5.782551621357092,-0.14497465298935333,-0.08443225743598631,0.0036353983963630775,2.4066310239510753,-0.3430586233037208
79.5,5.790503209611167,-0.14530287655825638,-0.08579251261462607,0.003665602178960897,2.397997419224523,-0.342740177038432
79.60000000000001,5.798235140731151,-0.14563400476051253,-0.08715892279407415,0.003708584484965486,2.390056349636464,-0.3424146541894702
79.7,5.805747414717045,-0.14597384686282805,-0.08851917797271391,0.0037748004698914756,2.382923237709981,-0.3420891313405084
79.80000000000001,5.812996100142031,-0.14632530749855607,-0.08987327815054535,0.0038719946933793306,2.3766442524543065,-0.3417706850752197
79.9,5.8198933341524715,-0.14669129130104971,-0.09120891332595182,0.0040075244870874955,2.3712424783740573,-0.3414522388099309
80.0,5.826439116748367,-0.147071798270309,-0.09253223849974164,0.00417906648312383,2.3667409999738496,-0.34114794571198837
80.10000000000001,5.832545585076082,-0.14746101913962764,-0.09382478866948983,0.0043835228576321475,2.3631398172536833,-0.34084365261404576
80.2,5.838256670562434,-0.14786185854235875,-0.09509271883600472,0.004617021330792215,2.3604850992227915,-0.3405393595161032
80.30000000000001,5.843484510353788,-0.14827141184514928,-0.09632987399847798,0.004872591798927611,2.358776845881174,-0.3402421430018337
80.4,5.84827303587696,-0.14868677441464603,-0.09753625415690963,0.005142102474415847,2.3580150572288314,-0.3399520030712373
80.5,5.852578315705133,-0.1491021369841428,-0.098699549309683,0.00541587265770634,2.358199733265763,-0.339668939724314
80.60000000000001,5.856356418411489,-0.14951459492028643,-0.09983206945841475,0.005680736597410297,2.3593077894873526,-0.3393717232100445
80.7,5.859739138276483,-0.1499183389563707,-0.10092150460148822,0.0059281752779232035,2.3613161413889836,-0.33906743011210194
80.80000000000001,5.862638612446477,-0.15031336909239557,-0.10196785473890342,0.0061481207717124535,2.3642709579798895,-0.33877021359783244
80.9,5.865142703775108,-0.1506996853283611,-0.102983429872277,0.006335926342993768,2.3681260702508364,-0.33848715025090914
81.0,5.867251412262377,-0.15106857376420785,-0.10396207500080062,0.0064853963440547726,2.372812224687976,-0.3382040869039858
81.10000000000001,5.868964737908282,-0.15142293903328902,-0.10490379012447432,0.006590722355165118,2.378352505795924,-0.3379210235570625
81.2,5.8703705435664615,-0.15176278113560454,-0.10581473024410637,0.006654227744216944,2.384654575556215,-0.33764503679381225
81.30000000000001,5.871468829236914,-0.15209100470450757,-0.1066948953596968,0.006680946474976553,2.3917184339688484,-0.3373761266142351
81.4,5.872303526346458,-0.15240470510664497,-0.10755044047205393,0.006676686967174297,2.3994286585107427,-0.3371072164346579
81.5,5.872918566321911,-0.15271259624207614,-0.10837521058036945,0.006649968236414687,2.407785249181898,-0.33683830625508077
81.60000000000001,5.873357880590092,-0.15301467811080105,-0.10918767068706832,0.006608922070320215,2.4166958679638477,-0.3365623194918305
81.7,5.873621469151001,-0.15331385534617284,-0.10997551079053387,0.006564390852387532,2.4260912613427426,-0.3362863327285803
81.80000000000001,5.873797194858272,-0.15361593721489775,-0.11075104089238279,0.006529153106023409,2.435948344813967,-0.33601742254900313
81.9,5.873885057711909,-0.15392673298368204,-0.11150810599180673,0.006513276758760452,2.4461978648636706,-0.335748512369426
82.0,5.873972920565545,-0.1542462426525257,-0.11225286108961402,0.006525280826203176,2.4567243989687717,-0.3354866787735219
82.10000000000001,5.874016851992363,-0.15457446622142873,-0.11297915118499634,0.006567875904225742,2.4675279471292706,-0.3352319217612909
82.2,5.874060783419181,-0.15491430832374425,-0.113693131278762,0.0066441598166843375,2.4784700023174677,-0.3349771647490599
82.30000000000001,5.874104714845999,-0.15526576895947228,-0.1143886463701027,0.006755294247525032,2.4894813110195146,-0.33472240773682893
82.4,5.8741925776996355,-0.15562594349525968,-0.1150595414582101,0.00689934305683771,2.500492619721561,-0.33447472730827105
82.5,5.874236509126454,-0.15599483193110644,-0.11570581654308419,0.007073208420766185,2.511411590405142,-0.3342270468797131
82.60000000000001,5.874368303406908,-0.15637243426701258,-0.11631516162310833,0.007270307463616059,2.522192054061024,-0.3339793664511552
82.7,5.874412234833726,-0.15675294123627187,-0.11688757669828254,0.007481733941800796,2.5327185881661256,-0.3337316860225973
82.80000000000001,5.874456166260544,-0.157130543572178,-0.11740459676618181,0.00769858161173386,2.542945023711213,-0.3334840055940394
82.9,5.8745000976873625,-0.15750524127473103,-0.11786006682599784,0.00791155700184669,2.552802107182437,-0.33323632516548146
83.0,5.874412234833726,-0.1578741297105778,-0.11823552187530564,0.008112528324516798,2.5622205850659485,-0.33300987448794284
83.10000000000001,5.8741925776996355,-0.1582343042463652,-0.1185248069132969,0.008291427652211575,2.571108119343282,-0.33278342381040416
83.2,5.8738411262850905,-0.15857705098203384,-0.11870330193673832,0.00844089765327258,2.5794416255098205,-0.33255697313286553
83.30000000000001,5.873270017736456,-0.15890817918429,-0.11875869694401325,0.008558614959807672,2.587128765547098,-0.33233759903899995
83.4,5.872435320626912,-0.15922478421978054,-0.1186725269326967,0.00864457957181685,2.5941233704458826,-0.3321253015288074
83.5,5.871293103529641,-0.15952686608850544,-0.11842632690036371,0.008701502085174279,2.600402355701557,-0.33191300401861495
83.60000000000001,5.869843366444644,-0.15981732942381788,-0.11798932184297266,0.008734029235664239,2.6059195523048886,-0.33170778309209553
83.7,5.867954315091466,-0.1600990788590709,-0.11735535675971522,0.008747194987053033,2.6106287912466444,-0.3315025621655761
83.80000000000001,5.865669880896926,-0.16037211439426458,-0.11648750164574143,0.00875029281090922,2.6144839035175917,-0.33129026465538364
83.9,5.862946132434203,-0.16064514992945825,-0.11537960150024298,0.008752228950819336,2.617531058126963,-0.3310921203125373
84.0,5.859695206849665,-0.1609152808312988,-0.11400088131917824,0.008765781930190153,2.6197471705701423,-0.33090105255336405
84.10000000000001,5.855961035570126,-0.1611912209998456,-0.11233287610012224,0.008798696308662136,2.621086071837896,-0.330724137961537
84.2,5.851699687168772,-0.16147297043509865,-0.11036327584145833,0.00885639327798361,2.6215939309394583,-0.33054722336970993
84.30000000000001,5.8469111616455995,-0.16176343377041105,-0.10806130553914489,0.008945842941831,2.6212476633702115,-0.33037030877788287
84.4,5.84159545900061,-0.16206261100578284,-0.10542081019237359,0.009072079263970604,2.6200703536347727,-0.3302075473534019
84.5,5.835752579233803,-0.162370502141214,-0.10242947979952778,0.00923665115633052,2.6180850862377576,-0.330044785928921
84.60000000000001,5.8294264537719975,-0.1626929164434108,-0.09906269435737415,0.009440333074874789,2.615314945683784,-0.3298820245044401
84.7,5.822617082615193,-0.16302114001231383,-0.09532045386591273,0.009676154915926997,2.611783016477467,-0.3297263396636323
84.80000000000001,5.815368397190208,-0.1633551728479231,-0.09119044832352685,0.009940244399666906,2.6075123831234235,-0.3295635782391514
84.9,5.807812191777495,-0.16369501495023864,-0.08667883273102484,0.010224856966454053,2.6025953836401197,-0.3294008168146705
85.0,5.7999045349502385,-0.16403485705255416,-0.08177945208759836,0.0105210863727019,2.597101271541405,-0.32925220855753573
85.10000000000001,5.791777220988891,-0.16437469915486969,-0.07649230639324743,0.010819251918859862,2.5910069623226617,-0.32911775346774713
85.2,5.783474181320272,-0.16470582735712586,-0.07082355064878036,0.011105413397575101,2.5844278785069736,-0.3289832983779586
85.30000000000001,5.775127210224833,-0.1650253370259695,-0.06479780485743046,0.011370277337279057,2.5773640200943397,-0.3288559198718431
85.4,5.766780239129396,-0.1653361327947538,-0.058408914018389414,0.011608422546223403,2.569930809607843,-0.3287285413657276
85.5,5.758521130887594,-0.16562950076341934,-0.05169380813650715,0.011814815060641838,2.562151331552099,-0.32861531602695826
85.60000000000001,5.750481679779883,-0.1659112501986724,-0.044664797213400324,0.011985582600714126,2.554094839440958,-0.3285020906881889
85.7,5.7427936800867165,-0.16617557183380668,-0.03734034625149391,0.012119563482494197,2.545830586788269,-0.3283959419330927
85.80000000000001,5.735501063234913,-0.16642537030217536,-0.029763540256446185,0.012216757705982052,2.5374047426032647,-0.32827564001065024
85.9,5.728735623504926,-0.16666355023713153,-0.021958999231490445,0.012283360918890065,2.5289096449044113,-0.32815533808820785
86.0,5.722629155177211,-0.16689011163867523,-0.013957498180668316,0.012326730452876678,2.520437631710174,-0.3280421127494385
86.10000000000001,5.717225589678586,-0.1671137684068658,-0.0058021221096380676,0.012356159779510451,2.5120117875251697,-0.32793596399434227
86.2,5.712700652716322,-0.1673316159083501,0.00247019897675035,0.012377844546503758,2.5037244503678644,-0.3278368918229191
86.30000000000001,5.709098275717238,-0.16754946340983443,0.01081022507203034,0.012399916541479088,2.4956217892474903,-0.32773781965149595
86.4,5.706550252961789,-0.16776731091131872,0.019187181172160277,0.012430894780040953,2.4877499731732806,-0.32763874748007277
86.5,5.705100515876792,-0.16799387231286242,0.02754567226986524,0.01247929827779387,2.4802013401637018,-0.3275467518923227
86.60000000000001,5.704836927315883,-0.16822624298111236,0.035842613359486956,0.012550935454468184,2.472975890218753,-0.3274618328882457
86.7,5.705803418705881,-0.16846732754942165,0.04403491943536715,0.012648516905938064,2.4661659613569,-0.3273839904678418
86.80000000000001,5.707999990046786,-0.16871712601779035,0.05206719549023091,0.012773591544131598,2.4597715535781433,-0.3272919948800917
86.9,5.711558435619052,-0.16897854301957152,0.05990251151922827,0.012924610457120697,2.4538157513870993,-0.3271999992923416
87.0,5.7164348239958604,-0.16924576928805893,0.06749162751589265,0.013098088593067148,2.44841397730685,-0.3271009271209185
87.10000000000001,5.722673086604029,-0.1695188048232526,0.07478530347375743,0.013291702584078812,2.443496977823546,-0.32701600811684145
87.2,5.73027322344356,-0.1697947449917994,0.08175276438878101,0.013493448362712965,2.4391570909556535,-0.3269381656964376
87.30000000000001,5.739147371660815,-0.1700706851603462,0.08833861525368845,0.013693258001437003,2.435394316703172,-0.32685324669236054
87.4,5.749339462682612,-0.17034372069553988,0.09451823606524647,0.013882999712628434,2.432162486056869,-0.32677540427195667
87.5,5.760717702228499,-0.17060804233067417,0.10024854181779679,0.014053767252700721,2.42955393703521,-0.32669756185155274
87.60000000000001,5.773282090298474,-0.1708636500657491,0.10549875750729776,0.0141978160620134,2.427499416124346,-0.32663387259849497
87.7,5.7869008326120825,-0.17110763926741154,0.11023810812970779,0.014308950492854095,2.425998923324277,-0.32656310676176414
87.80000000000001,5.8015299977425085,-0.17133710530230833,0.11445428368341022,0.014378651529618295,2.4250755431396187,-0.32648526434136027
87.9,5.816993859982477,-0.1715491435370864,0.11811650916436343,0.014406531944323973,2.4246600220565226,-0.32640742192095634
88.0,5.833248487905172,-0.17174665860509886,0.12121247457095076,0.014392978964953156,2.4247985290842213,-0.3263295795005524
88.10000000000001,5.850162087230138,-0.1719325551396988,0.12372371490074724,0.014344188239218217,2.4254679797180985,-0.3262588136638216
88.2,5.867558932250104,-0.17210973777423938,0.1256563851545612,0.014264419274921412,2.426622204948921,-0.3261951244107638
88.30000000000001,5.885351160111432,-0.17227530187536744,0.12699817533077598,0.014156769895918927,2.4282842892813052,-0.3261314351577061
88.4,5.9033630451068495,-0.17243215207643614,0.12775524043019992,0.014030533573779322,2.430361894696786,-0.3260748224883214
88.5,5.921418861529086,-0.17258609764415173,0.12793373545364134,0.013894616552089133,2.432878105699979,-0.32601820981893675
88.60000000000001,5.939430746524505,-0.17274294784522043,0.12755212540352523,0.013758312302416921,2.435763668777035,-0.3259686737332252
88.7,5.957222974385833,-0.17289979804628913,0.12661656528065987,0.013630527068349224,2.439041668432571,-0.3259262142311867
88.80000000000001,5.974619819405798,-0.1730624575140641,0.12514552008747026,0.013519005409526505,2.442619766648121,-0.3258766781454751
88.9,5.991533418730764,-0.1732309262485453,0.12317591982880635,0.013429555745679117,2.4464979634236843,-0.32582714205976354
89.0,6.0077880466534594,-0.173411013516439,0.12072622950709311,0.013366050356627291,2.4506993432638784,-0.3257776059740519
89.10000000000001,6.023295840320246,-0.17359691005103894,0.11782722412637217,0.013330812610263167,2.455131568150237,-0.3257422230556865
89.2,6.0379250054506715,-0.17379442511905138,0.11452198869230179,0.013322680822640678,2.4597946380827596,-0.3257139167209942
89.30000000000001,6.05154374776428,-0.17399774945377008,0.11083514320811529,0.0133346848900834,2.4646423840522145,-0.32569268696997494
89.4,6.064108135834256,-0.1742039784218419,0.10680977267947092,0.013362952532771104,2.4696286370493676,-0.3256785338026288
89.5,6.075486375380142,-0.17441311202326684,0.10248896211202697,0.013400513647027367,2.474776481578836,-0.3256714572189557
89.60000000000001,6.085634534975122,-0.17462224562469178,0.09790964151063339,0.013440785357157793,2.48001666412677,-0.3256714572189557
89.7,6.094508683192377,-0.1748284745927636,0.09312105088175676,0.013477184787467986,2.48534918469317,-0.3256714572189557
89.80000000000001,6.10202095717827,-0.17502598966077604,0.08816012023024704,0.013500031238407362,2.490727874268803,-0.32568561038630184
89.9,6.108215288359622,-0.17521769546208224,0.08307608956257083,0.013502354606299503,2.4961065638444357,-0.32569268696997494
90.0,6.113047745309612,-0.1753948780966228,0.07790588888357806,0.01347757201545001,2.501508337924685,-0.3257068401373211
90.10000000000001,6.116518328028242,-0.17556044219775088,0.07269260319892704,0.013423360097966743,2.506933196509551,-0.32572806988834035
90.2,6.118670967942328,-0.17571729239881959,0.06747316251346767,0.013339718853849705,2.512265717075951,-0.32576345280670577
90.30000000000001,6.119505665051872,-0.17585671479976955,0.06229065183285826,0.013222776003278659,2.5175520686331176,-0.32581298889241733
90.4,6.119110282210509,-0.17598451866730702,0.05717584616114042,0.013077178282037888,2.5227229976672025,-0.32586252497812895
90.5,6.117528750845058,-0.1761036086347851,0.0521656755031641,0.01290757242591167,2.527778504178205,-0.3259262142311867
90.60000000000001,6.114848933809154,-0.17621398470220384,0.0472847598621626,0.012720541310594403,2.5326724191568926,-0.32598990348424445
90.7,6.111114762529616,-0.17632145613626943,0.04256387424217755,0.012525378407654645,2.5373816580986484,-0.32606066932097527
90.80000000000001,6.106458031286898,-0.1764260229369819,0.03802763864644223,0.012329053820768819,2.541883136498856,-0.3261385117413792
90.9,6.100966602934636,-0.17652768510434125,0.03369451807738163,0.012140086565541434,2.546130685348283,-0.32620927757811
91.0,6.0947722717532855,-0.17663806117175995,0.029576822536612396,0.01196738288555903,2.550147389151545,-0.3262871199985139
91.10000000000001,6.088050763450116,-0.1767513418725318,0.025686862025751177,0.01181636397256993,2.5539101634040264,-0.32637203900259093
91.2,6.0808020780251315,-0.176873336473363,0.02203694654641462,0.011693999930250559,2.5573497545918777,-0.326464034590341
91.30000000000001,6.073245872612419,-0.1770040449742536,0.01862707609860273,0.011598741846672821,2.560489247219715,-0.32656310676176414
91.4,6.065513941492434,-0.17714056274185044,0.0154572506823155,0.011529815265872668,2.5633055567829217,-0.3266692555168604
91.5,6.057738078945632,-0.17728288977615353,0.01252131529674461,0.011486058503904032,2.565729429767649,-0.3267824808556297
91.60000000000001,6.0500061478256475,-0.17743393071051597,0.009819269941890061,0.011463986508928704,2.567783950678513,-0.32690278277807217
91.7,6.042449942412936,-0.17758497164487844,0.0073326496153268755,0.011458178089198353,2.569422950506281,-0.32702308470051455
91.80000000000001,6.035289119841586,-0.17773891721259402,0.005049144315438406,0.01146243759700061,2.570646429250953,-0.32715046320663005
91.9,6.028567611538418,-0.17788705351360334,0.0029564440406080025,0.011467084332784889,2.571431302407912,-0.32727076512907244
92.0,6.022373280357066,-0.17803228518125955,0.0010360837884106913,0.011465535420856796,2.571731400967926,-0.3273910670515149
92.10000000000001,6.016925783431622,-0.17817170758220952,-0.0007427114451951515,0.01145082075753991,2.5715928939402275,-0.3275184455576304
92.2,6.012269052188905,-0.17829951144974698,-0.002392251661826175,0.011419068063013996,2.571015781324816,-0.327659977231092
92.30000000000001,6.008534880909367,-0.17841860141722507,-0.003943311865524004,0.011363307233602637,2.569930809607843,-0.3278085854882268
92.4,6.005723269593009,-0.17852316821793754,-0.00542666706033026,0.011278891533521553,2.5684072323031573,-0.3279642703290346
92.5,6.003966012520285,-0.1786161164852375,-0.006854627247861594,0.01116582096277074,2.5663757958969096,-0.32811995516984244
92.60000000000001,6.003307041118013,-0.178697446219125,-0.008264122432967954,0.011027193345206389,2.563882669398333,-0.32828271659432334
92.7,6.003790286813013,-0.17876715741959998,-0.009673617618074313,0.010866493732666708,2.5608816837981947,-0.32845255460247735
92.80000000000001,6.005415749605282,-0.1788310593533687,-0.011107732806413972,0.010689143316900023,2.557395923601111,-0.3286223926106313
92.9,6.008183429494822,-0.17888624738707806,-0.012597243002028554,0.010500950517636685,2.5534023043024647,-0.3287922306187853
93.0,6.012181189335268,-0.17893562615408118,-0.01416061320734303,0.010310434350481209,2.54894699491149,-0.3289549920432662
93.10000000000001,6.017277234846167,-0.1789879095544374,-0.015822463425590703,0.010126113831038104,2.5440530799328025,-0.32912483005142024
93.2,6.023515497454337,-0.17904600222149988,-0.017601258659196546,0.009958444114822003,2.538743643871019,-0.3293088212269204
93.30000000000001,6.030852045732958,-0.1791069995219155,-0.019509308909777208,0.009812846393581232,2.5330186867261393,-0.32949281240242057
93.4,6.039199016828396,-0.17917380608903735,-0.021565079179757665,0.00969048235126186,2.5269243775073966,-0.3296909567452669
93.5,6.048512479313833,-0.17924932655621859,-0.02378087947075456,0.00959522426768412,2.520437631710174,-0.3298891010881132
93.60000000000001,6.058660638908812,-0.17933065629010606,-0.026162864783576226,0.009528621054776108,2.5136507873529377,-0.3300943220146326
93.7,6.069643495613335,-0.17942360455740605,-0.028717190119030983,0.009489511028591753,2.5065638444356875,-0.330299542941152
93.80000000000001,6.08128532372013,-0.17951945745805914,-0.03145001047792716,0.009475570821238913,2.4992229719676566,-0.33051891703501757
93.9,6.0934982603755605,-0.1796211196254185,-0.034361325860264746,0.009480604785005215,2.491651254453461,-0.3307312145452101
94.0,6.1061944427259895,-0.17972568642613096,-0.03745113626604375,0.009498030044196266,2.4838948609023337,-0.3309364354717295
94.10000000000001,6.119242076490964,-0.17983025322684343,-0.040713286694455855,0.009520876495135642,2.4760461293327407,-0.331148732981922
94.2,6.132553298816846,-0.17993191539420278,-0.044135467143884395,0.009542561262128949,2.4681281442492984,-0.3313751836594606
94.30000000000001,6.145996315423183,-0.18002776829485587,-0.04771767761432938,0.009554952557553694,2.4601870746612393,-0.3316087109206724
94.4,6.159439332029519,-0.1801149072954496,-0.051441453103365835,0.009546433541949182,2.4522921740824133,-0.3318493147655572
94.5,6.1728384172090385,-0.18019042776263083,-0.05528832860856878,0.009512744707513152,2.444466527017437,-0.3320969951941151
94.60000000000001,6.185973913827648,-0.18025432969639954,-0.0592521491291299,0.009450013774425373,2.4368024714847754,-0.332344675622673
94.7,6.198801890458531,-0.18030661309675577,-0.06330829466181588,0.009356304602775728,2.429300007484429,-0.3326065092185771
94.80000000000001,6.211190552821234,-0.18034727796369954,-0.06744445520501009,0.009231617192564216,2.4220283885302476,-0.33287541939815424
94.9,6.223095969488938,-0.18037341966387765,-0.0716298557546709,0.009076725999754886,2.4150568681360793,-0.33313725299405833
95.0,6.234342414754369,-0.18038794283064327,-0.07585218630918165,0.00889472884820392,2.408362361797309,-0.3333990865899624
95.10000000000001,6.244929888617531,-0.18039665673070263,-0.08008682686530906,0.008694144753515836,2.402060292037018,-0.33366092018586646
95.2,6.254770528224784,-0.18039956136405577,-0.08430915741981981,0.0084827182753311,2.39619682786444,-0.3339369069491167
95.30000000000001,6.263820402149311,-0.1804024659974089,-0.08850071297028894,0.008269355657236245,2.3907950537841907,-0.3342270468797131
95.4,6.271991647537476,-0.1804024659974089,-0.09263071851267483,0.008057154723087462,2.385901138805503,-0.3345171868103095
95.5,6.27928426438928,-0.18040827526411513,-0.09669301904616914,0.00785463448848926,2.3815612519376104,-0.334814403324579
95.60000000000001,6.285654321277903,-0.1804169891641745,-0.10065068456592194,0.007667990601154017,2.377775393180513,-0.33511869642252157
95.7,6.291101818203347,-0.18043151233094012,-0.10449140507031655,0.0075022570248480325,2.374612816048059,-0.3354300661041372
95.80000000000001,6.29562675516561,-0.18045474939776512,-0.10819671555692803,0.007361306039391541,2.3720735205402494,-0.3357414357857529
95.9,6.299185200737877,-0.18048960499800262,-0.11174199602252308,0.007245912100748589,2.370203675666317,-0.33605988205104165
96.0,6.30186501777378,-0.1805273652315932,-0.11512109146629335,0.007153364613045014,2.3690032814262616,-0.3363641751489842
96.10000000000001,6.303666206273322,-0.1805738393652432,-0.11830938188500555,0.007082501892334745,2.3684954223247,-0.33667554483059986
96.2,6.304676629090138,-0.18062612276559945,-0.12129455727704302,0.007027902746869455,2.3687493518754805,-0.33699399109588857
96.30000000000001,6.304940217651047,-0.1806813107993088,-0.12407046264159748,0.006985694896828913,2.3697189010693718,-0.33731951394485044
96.4,6.304500903382865,-0.18073649883301818,-0.12662478797705223,0.006944261502752416,2.3714733234202217,-0.3376521133774853
96.5,6.303446549139231,-0.1807887822333744,-0.12895137828259898,0.006895083549035454,2.3739664499187985,-0.3379917893937933
96.60000000000001,6.301821086346962,-0.18083525636702438,-0.1310440785574294,0.0068319653879656515,2.377221365069718,-0.3383314654101013
96.7,6.29980024071333,-0.180873016600615,-0.1328905787999268,0.006749098599812659,2.3812149843683637,-0.3386711414264093
96.80000000000001,6.297384012238335,-0.18090206293414623,-0.13450318901170788,0.0066406747648461275,2.385947307814736,-0.3390249706100634
96.9,6.2947041952024305,-0.180919490734265,-0.1358757541919643,0.006503208831227846,2.3913952509042185,-0.3393717232100445
97.0,6.2918486524592545,-0.18092530000097123,-0.1370021193398877,0.006333215747119605,2.3975126446275774,-0.3397113992263525
97.10000000000001,6.28894917828926,-0.180919490734265,-0.13790074945790312,0.006133793336377591,2.404299488984814,-0.34005815182633353
97.2,6.286093635546084,-0.18090206293414623,-0.13856548954520218,0.005907652194875967,2.411732699471311,-0.3404049044263146
97.30000000000001,6.283413818510181,-0.18087882586732126,-0.13900864960340156,0.005660600742345084,2.4197661070778356,-0.3407658101936419
97.4,6.280909727181549,-0.18084687490043688,-0.1392425396341179,0.005396898486587197,2.4283766272997713,-0.3411267159609691
97.5,6.278757087267462,-0.18080911466684627,-0.1392671596373512,0.0051215793913686105,2.4374719221186525,-0.34149469831196944
97.60000000000001,6.276999830194739,-0.18077135443325565,-0.13909481961471812,0.0048435497002758615,2.4470289070298628,-0.34186268066296976
97.7,6.275769750243832,-0.18073359419966503,-0.1387439845686436,0.004570166744967391,2.456978328519553,-0.34223066301397004
97.80000000000001,6.275066847414743,-0.18070164323278068,-0.13822696450074431,0.004310336769029738,2.4672740175784895,-0.34260572194864347
97.9,6.274978984561106,-0.18067259689924944,-0.1375437594110203,0.004069868192193252,2.4778005516835906,-0.34298078088331685
98.0,6.27559402453656,-0.18064935983242444,-0.13671283430189643,0.0038541822062062576,2.48853484633024,-0.3433487632343172
98.10000000000001,6.276868035914284,-0.18063774129901194,-0.1357526541757978,0.0036671510908889903,2.4993845634999716,-0.3437167455853175
98.2,6.278932812974735,-0.1806319320323057,-0.13466937403353263,0.0035091620742234726,2.5103266186881688,-0.34408472793631784
98.30000000000001,6.281788355717911,-0.18063774129901194,-0.13347530387671763,0.0033817640681377973,2.5212455893717496,-0.3444668634546643
98.4,6.285390732716995,-0.18064935983242444,-0.13217659870616114,0.0032799231088656623,2.5320953065414815,-0.34485607555668385
98.5,6.289827806825622,-0.18066388299919006,-0.13079172352428806,0.0031970563207126697,2.5427603476742813,-0.34524528765870344
98.60000000000001,6.2950117151901575,-0.1806813107993088,-0.12932067833109845,0.0031285169678945406,2.5531945437609167,-0.345634499760723
98.7,6.3009424578106,-0.18069873859942756,-0.12778192812901729,0.003068883858662948,2.5633286412875385,-0.34602371186274256
98.80000000000001,6.307576103260132,-0.1807161663995463,-0.12617547291804454,0.0030115741173234955,2.57307030223568,-0.34642000054843525
98.9,6.314912651538754,-0.1807277849329588,-0.12450131269818021,0.002951941008091903,2.582350273091493,-0.3468162892341279
99.0,6.322864239792829,-0.18073068956631191,-0.12277175747104097,0.0028837888832557975,2.591122384845744,-0.3472196545034936
99.10000000000001,6.331386936595539,-0.1807277849329588,-0.12098065223581847,0.0028020837790488752,2.599271214975351,-0.34761594318918626
99.2,6.340480741946885,-0.18071326176619318,-0.11913415199332106,0.002704115099596973,2.6067967634803137,-0.3480122318748789
99.30000000000001,6.349969930139593,-0.1806929293327213,-0.11723225674354872,0.0025914317568281847,2.6136066923421666,-0.34842267372791774
99.4,6.359854501173664,-0.18066097836583694,-0.1152626564848848,0.002464420978724533,2.61963174804706,-0.34884019216462964
99.5,6.370046592195462,-0.1806203134988932,-0.11323150621813766,0.0023223083093219716,2.624825761585761,-0.34926478718501464
99.60000000000001,6.38045834035135,-0.1805709347318901,-0.11113265094249893,0.0021705149403688268,2.6291425639490376,-0.34968938220539963
99.7,6.391001882787693,-0.18051865133153386,-0.1089599356571603,0.0020156237475594955,2.6325359861276554,-0.3501210538094577
99.80000000000001,6.401589356650853,-0.18046055866447136,-0.10670720536131345,0.0018653792905344443,2.634959859112383,-0.35055272541351573
99.9,6.412220761940832,-0.180405370630762,-0.10436215005334173,0.0017275261289341395,2.6363910983986028,-0.3509914736012469
100.0,6.422720372950357,-0.18035018259705266,-0.10191861473243682,0.001607872682488931,2.636806619481699,-0.35143729837265114
100.10000000000001,6.4330881896794265,-0.18030080383004954,-0.09936428939698207,0.0015130018268932157,2.636160253352438,-0.3518760465603823
100.2,6.4432363492744065,-0.18025723432975269,-0.0967053290477858,0.0014475602979312733,2.6344981690200537,-0.35231479474811345
100.30000000000001,6.4530769888816595,-0.1802223787295152,-0.09391711368161469,0.0014161948313873836,2.631797281979929,-0.35276769610319075
100.4,6.462566177074367,-0.18019333239598395,-0.09099964329846878,0.001421228795153687,2.6280114232228313,-0.35322767404194116
100.5,6.471703913852531,-0.18017299996251207,-0.0879406078967314,0.0014576282254638799,2.623186761757993,-0.3536947285643646
100.60000000000001,6.4803584049356955,-0.18015847679574645,-0.08474000747640255,0.0015253931223179623,2.617323297585415,-0.3541688596704612
100.7,6.488529650323861,-0.18014976289568707,-0.0813916870366739,0.0016198767499316542,2.6104441152097126,-0.35464299077655775
100.80000000000001,6.4962176500170274,-0.18014104899562772,-0.07788949157673714,0.001736432372520676,2.6025722991355034,-0.3551171218826543
100.9,6.503334541161559,-0.1801381443622746,-0.07423342109659226,0.0018700260263187242,2.593777102876636,-0.35560540615609704
101.0,6.5098803237574545,-0.18013233509556834,-0.07041732059543093,0.002012138695721286,2.58405852643311,-0.3560866138458667
101.10000000000001,6.5158989292315335,-0.18012071656215584,-0.06644119007325316,0.0021558002770519402,2.5734627388141598,-0.3565678215356364
101.2,6.521346426156978,-0.1801032887620371,-0.06231118453086728,0.0022952023505803387,2.5621051625428666,-0.35704195264173294
101.30000000000001,6.526310677387422,-0.1800800516952121,-0.058027303968273276,0.0024249237245581533,2.5500550511330795,-0.35753023691517566
101.4,6.530747751496049,-0.18004810072832775,-0.05359570338627948,0.002542253803111222,2.537358573594032,-0.3580255977722915
101.5,6.534701579909678,-0.18000453122803087,-0.04902253778569422,0.0026394480265990775,2.524131152448806,-0.35852095862940725
101.60000000000001,6.538216094055126,-0.17995224782767463,-0.044326272168942464,0.002718055306949813,2.510395872202018,-0.3590233960701962
101.7,6.5413352253592105,-0.17989125052725904,-0.039500751535215886,0.002778075644163429,2.4963143243859838,-0.35953291009465815
101.80000000000001,6.544146836675568,-0.17981863469343093,-0.03457059588774779,0.0028229940900781347,2.4819557625145516,-0.36004242411912013
101.9,6.546738790857836,-0.1797431142262497,-0.02954811522815482,0.0028566829245141646,2.467412524606188,-0.3605590147272552
102.0,6.549111087906013,-0.1796588798590091,-0.02444561955805363,0.0028841761112378206,2.452776948679359,-0.3610685287517172
102.10000000000001,6.551351590673735,-0.1795746454917685,-0.019281573879869195,0.0029089587020873138,2.438164457257146,-0.36157804277617916
102.2,6.553636024868276,-0.17948750649117476,-0.014074443196026486,0.00293993694064918,2.423690472862632,-0.36208048021696804
102.30000000000001,6.555964390489636,-0.1794061767572873,-0.008848847509758801,0.002982532018671746,2.4095165870281314,-0.36258999424143
102.4,6.558468481818267,-0.17933065629010606,-0.0036170968226827936,0.0030441012678134555,2.3956658842582614,-0.3631065848495651
102.5,6.561192230280989,-0.17925804045627797,0.0015961888619682404,0.0031246446880743074,2.3823230405899536,-0.3636231754577002
102.60000000000001,6.564267430158255,-0.17919413852250923,0.006766389540961001,0.003225711191382396,2.36953422503244,-0.3641397660658352
102.7,6.567781944303703,-0.17913604585544673,0.011875040211870516,0.0033488496896658146,2.3573917756041873,-0.3646634332576434
102.80000000000001,6.571735772717331,-0.17908666708844365,0.016891365870655158,0.0034932857269605157,2.3460341993328937,-0.3651941770331246
102.9,6.576260709679595,-0.17904309758814677,0.02179074651408163,0.0036555342514282903,2.3354845807231763,-0.36572492080860586
103.0,6.581400686617312,-0.17900533735455615,0.026560872140533286,0.0038317229832489047,2.3258583422981167,-0.36625566458408704
103.10000000000001,6.587155703530482,-0.17896757712096553,0.0311709677459685,0.004014881818745939,2.317155484057715,-0.3667793317758952
103.2,6.593613623272742,-0.17893272152072806,0.03559641332715397,0.004198427882224996,2.30951451302967,-0.36729592238403025
103.30000000000001,6.600818377270909,-0.17889496128713744,0.039818743881664724,0.004376552753955727,2.3029815982232145,-0.36781251299216533
103.4,6.608726034098166,-0.1788542964201937,0.043813339406267464,0.004543448014207782,2.2975798241429652,-0.36833618018397346
103.5,6.617424456608149,-0.1788078222865437,0.04756173489853722,0.004689432963430577,2.293355359798155,-0.36885984737578165
103.60000000000001,6.626781850520403,-0.17874972961948124,0.05103931035524068,0.004808311953911739,2.2903312896934,-0.3693835145675898
103.7,6.636886078688565,-0.1786829230523594,0.054239910775569534,0.004897374389777104,2.2885306983333167,-0.3699071817593979
103.80000000000001,6.6476492782589975,-0.17860740258517815,0.05713891615629047,0.00495507135909858,2.2879535857179056,-0.3704308489512061
103.9,6.6590275178048834,-0.17852026358458442,0.059724016495786854,0.004981402861876166,2.2886230363517828,-0.37096159272668733
104.0,6.670976865899405,-0.17842441068393133,0.06198290179244202,0.00497714335407391,2.290492881225715,-0.37148525991849546
104.10000000000001,6.683453391115744,-0.17831984388321886,0.06390941704544766,0.00494461620358395,2.293563120339703,-0.37199477394295744
104.2,6.696369230600264,-0.17820656318244701,0.06548509725237879,0.00489117874206473,2.2978337536937463,-0.37249013480007326
104.30000000000001,6.709636521499328,-0.17809037784832205,0.06670994241323541,0.004824188301174695,2.3032816967832286,-0.37299257224086213
104.4,6.72321133238612,-0.17797419251419708,0.06757779752720919,0.004753325580464426,2.3098376960943003,-0.3735020862653241
104.5,6.737005800407001,-0.1778580071800721,0.06808866259430015,0.004682075631772134,2.317524836131578,-0.3740116002897861
104.60000000000001,6.750932062708336,-0.1777476311126534,0.06824253761450826,0.004616634102810191,2.3262276943719797,-0.374514037730575
104.7,6.76490225643649,-0.17763725504523467,0.06803942258783355,0.004562034957344902,2.3359001018062724,-0.3750164751713639
104.80000000000001,6.778828518737826,-0.17753559287787532,0.06748547251508431,0.004523699387124592,2.3465189739298395,-0.3755189126121528
104.9,6.792579055331889,-0.17744264461057535,0.06658684239706891,0.004505886899951519,2.357991972724215,-0.3760213500529417
105.0,6.806153866218681,-0.17735550560998162,0.06535584223540397,0.004509371951789729,2.3702267601709335,-0.3765237874937306
105.10000000000001,6.819421157117745,-0.17727708050944727,0.06381093703251446,0.004534928998603268,2.3831540827561457,-0.3770262249345195
105.2,6.832293065175446,-0.17720446467561918,0.061952126788400404,0.004579460216535951,2.3967046869660016,-0.3775215857916353
105.30000000000001,6.844725658964967,-0.17713765810849733,0.0598101865071034,0.0046394805537495675,2.4108093192866527,-0.3780240232324242
105.4,6.85663107563267,-0.1770737561747286,0.057403581191048436,0.004713441098316023,2.425352557195016,-0.37853353725688615
105.5,6.867921452324921,-0.17701275887431298,0.05474462084185216,0.0047916611506847355,2.4402420626726267,-0.3790430512813482
105.60000000000001,6.878508926188081,-0.17694885694054424,0.05185792546274787,0.004867557835161308,2.455385497701018,-0.3795596418894832
105.7,6.88843742864897,-0.17687914574006927,0.04877427005777719,0.004936871643943483,2.470690524261724,-0.3800691559139452
105.80000000000001,6.897531234000316,-0.17680362527288804,0.045512119629365085,0.0049953430692290055,2.4860878888408964,-0.3805928231057534
105.9,6.905834273668936,-0.17672520017235369,0.04210224918155319,0.005041423199089782,2.5014390844108356,-0.3811164902975615
106.0,6.913214753374375,-0.17663515653840683,0.03857543371838313,0.005072788665633671,2.5166979419623092,-0.38164015748936964
106.10000000000001,6.919716604543454,-0.17653930363775375,0.03496244824389652,0.005085179961058418,2.531725954467618,-0.38217090126485087
106.2,6.925251964322533,-0.17643473683704125,0.031294067762134996,0.005081307681238185,2.546453868412913,-0.382694568456659
106.30000000000001,6.9297769012847965,-0.1763185515029163,0.027588757275523516,0.005061946282137018,2.5608355147889617,-0.38322531223214024
106.4,6.933335346857063,-0.1761994615354382,0.023895756790528685,0.005030968043575152,2.574755471072681,-0.3837631325912946
106.5,6.935883369612512,-0.17607456230125387,0.02023353130957548,0.004993406929318889,2.588144483750222,-0.38430095295044886
106.60000000000001,6.9374209695511455,-0.1759438538003633,0.016639010837513846,0.004951973535242393,2.6009332993077354,-0.38484584989327625
106.7,6.937904215246144,-0.1758131452994727,0.013142970378385407,0.0049155741049322,2.613052664231372,-0.3853836702524306
106.80000000000001,6.937377038124327,-0.17568243679858211,0.009776184936231787,0.004890791514082707,2.6244333250072813,-0.385928567195258
106.9,6.935839438185694,-0.17555463293104465,0.0065632745142862855,0.0048853703223343805,2.6350521971308485,-0.38647346413808537
107.0,6.933335346857063,-0.17543554296356656,0.003535014116590526,0.004903570037489477,2.6448400270882235,-0.38703251424825896
107.10000000000001,6.929908695565251,-0.1753193576294416,0.0007283337479944555,0.004948488483404183,2.6537275613655567,-0.3875844877747594
107.2,6.925515552883442,-0.17520898156202286,-0.0018444565898852756,0.005023223483934685,2.6616686309536153,-0.3881293847175868
107.30000000000001,6.920287713092089,-0.1751073193946635,-0.004158736893815369,0.005130098406973124,2.668686320357016,-0.3886884348277604
107.4,6.91426910761801,-0.17501437112736354,-0.0061837321597542,0.005267951568573429,2.674688291557293,-0.38925456152160703
107.5,6.907459736461205,-0.1749272321267698,-0.007907132386085121,0.005433685144879414,2.6796745445544463,-0.38982776479912673
107.60000000000001,6.89999139390213,-0.17484299775952922,-0.009310472570383156,0.005619941804232634,2.683598910339243,-0.3904009680766465
107.7,6.891864079940782,-0.17475876339228863,-0.010387597711839981,0.005823623722776905,2.6864383044070665,-0.39097417135416623
107.80000000000001,6.883253520284436,-0.17467743365840113,-0.011113887807222297,0.006038922480781876,2.688215811262533,-0.39154737463168593
107.9,6.87415971493309,-0.17459319929116054,-0.011489342856530105,0.006263127482373382,2.6888621773917936,-0.3921205779092057
108.0,6.864758389594018,-0.1745060602905668,-0.011507807858955079,0.006490043079839053,2.6884466563086975,-0.39270793435407153
108.10000000000001,6.855093475694037,-0.17441311202326684,-0.011163127813688894,0.006714248081430559,2.6869461635086282,-0.3932811376315913
108.2,6.845252836086784,-0.1743143544892606,-0.010461457721539877,0.00693187020732767,2.684360698991586,-0.39385434090911103
108.30000000000001,6.835412196479531,-0.17420688305519502,-0.009408952583316352,0.007138649949728127,2.6807595162714195,-0.39442754418663073
108.4,6.825659419725914,-0.17409069772107005,-0.008005612399018315,0.007334200080649908,2.676165699852746,-0.39500782404782353
108.5,6.816126300106387,-0.17396870312023885,-0.006263747170262421,0.007519295056057059,2.670579249735565,-0.3955881039090164
108.60000000000001,6.806944631901406,-0.17383799461934826,-0.004201821899473642,0.007691998736039463,2.6640925039383427,-0.39617546035388224
108.7,6.798158346537788,-0.1737014768517514,-0.001832146588268626,0.007856570628399378,2.656705462461079,-0.39676281679874814
108.80000000000001,6.789987101149622,-0.17355914981744833,0.000826813760927651,0.008015721329010966,2.648510463322239,-0.39735017324361405
108.9,6.782474827163728,-0.17341391814979212,0.0037504391448818907,0.008174097573658506,2.6395536755310562,-0.39793752968847995
109.0,6.775797250287377,-0.17326868648213592,0.006914109560360795,0.008337120554090327,2.6298581835921473,-0.39852488613334586
109.10000000000001,6.770042233374207,-0.17312345481447972,0.010293205004131063,0.008506726410216546,2.6195394100285943,-0.3991122425782117
109.2,6.765297639277853,-0.17297531851347037,0.013856950472151073,0.00868756187782144,2.6086435238496297,-0.39968544585573146
109.30000000000001,6.76169526227877,-0.17283589611252043,0.01756226095876255,0.008884660920671314,2.59726286307372,-0.4002515725495781
109.4,6.759322965230592,-0.17269937834492358,0.021390671461540525,0.009100734134640331,2.58548976571933,-0.4008318524107709
109.5,6.758312542413776,-0.172568669844033,0.02529909697482672,0.009338104887620631,2.573370400795694,-0.4014121322719637
109.60000000000001,6.758707925255139,-0.17244086597649552,0.02925676249457951,0.009591351987863888,2.5610201908258934,-0.40199241213315656
109.7,6.760553045181499,-0.17231887137566432,0.0332144280143323,0.009858926523442007,2.5484622203145446,-0.40257269199434936
109.80000000000001,6.763935765046492,-0.17219978140818623,0.0371474735308518,0.010138892354444875,2.5357888272801135,-0.40316004843921527
109.9,6.768900016276937,-0.17208359607406126,0.041006659037671395,0.010427377201052253,2.5230692652364493,-0.40374032830040807
110.0,6.775401867446015,-0.1719674107399363,0.04474889952913282,0.010719734327479866,2.510372787697402,-0.404327684745274
110.10000000000001,6.78357311283418,-0.1718483207724582,0.04834957500200278,0.011010929769961408,2.4977455636722037,-0.4049150411901398
110.2,6.793281958160979,-0.1717292308049801,0.051753290449006346,0.011293993424820462,2.4852568466747043,-0.4054882444676596
110.30000000000001,6.804616266280047,-0.17160142693744265,0.05493542586691023,0.011565440240218815,2.472975890218753,-0.4060543711615062
110.4,6.817532105764567,-0.17147071843655204,0.05784674124924782,0.011821010708354212,2.460971947818199,-0.40662049785535287
110.5,6.831985545187719,-0.17133420066895522,0.06046261659278582,0.012057607005370464,2.4493142729868915,-0.4071866245491995
110.60000000000001,6.8478887216958695,-0.1711860643679459,0.06273381189105764,0.012270195167501273,2.4380259502294472,-0.4077598278267192
110.7,6.865197703862199,-0.1710321188002303,0.06463570714082997,0.012457613510800563,2.4271531485550994,-0.40832595452056586
110.80000000000001,6.883824628833071,-0.17086945933245534,0.0661375273380612,0.01262024926325036,2.4167420369730803,-0.4088991577980856
110.9,6.903637702328031,-0.17070099059797414,0.0672084974787097,0.012761587476688875,2.4068618689972396,-0.40947236107560536
111.0,6.924592992920262,-0.1705267125967867,0.06781784255873385,0.012883564291026224,2.3975126446275774,-0.41003848776945195
111.10000000000001,6.946558706329308,-0.17034372069553988,0.06795325257651699,0.012988115846172522,2.3887405328733267,-0.4106046144632986
111.2,6.969359116847899,-0.17016072879429306,0.06758395252801752,0.013079888877912052,2.3805686182391033,-0.4111565879897991
111.30000000000001,6.992950293049216,-0.1699748322596931,0.06669147741081043,0.01316585348992123,2.3730430697341403,-0.41169440834895343
111.4,7.017112577799168,-0.16979184035844627,0.06526967222408742,0.013251430873948386,2.366186971863055,-0.4122393052917808
111.5,7.0417141768173,-0.16961175309055257,0.06330007196542352,0.013344752817616008,2.360000324625846,-0.4127912788182813
111.60000000000001,7.06662329582316,-0.16943747508936513,0.060782676634818705,0.013442721497067909,2.3544831280225145,-0.4133361757611087
111.7,7.091708140536292,-0.1692661017215308,0.057705176230656345,0.013549209192124325,2.349681551062293,-0.4138810727039361
111.80000000000001,7.1167051223957865,-0.1690976329870496,0.05407988075455309,0.013664215902785253,2.345526340231332,-0.4144259696467635
111.9,7.141570309974828,-0.16893497351927464,0.04989448020489228,0.013787354401068671,2.3420636645388644,-0.4149637900059178
112.0,7.166084046139324,-0.16877521868485282,0.045173594584907224,0.013918237458992557,2.3392242704710413,-0.4155086869487452
112.10000000000001,7.190070605182004,-0.16862127311713723,0.03991722389459792,0.014054541708664768,2.337031242532478,-0.41603943072422644
112.2,7.213398192822411,-0.16846732754942165,0.03414998813719766,0.01419084595833698,2.3353922427047102,-0.4165701744997076
112.30000000000001,7.235935014780094,-0.16831047734835294,0.0278841973143231,0.014324826840117051,2.33435343999697,-0.4170938416915158
112.4,7.257549276774596,-0.16815653178063736,0.021150626430015862,0.01445028870629261,2.3338686654000247,-0.41762458546699704
112.5,7.278021321671828,-0.16799677694621554,0.013973895487509243,0.014565295416953538,2.333891749904641,-0.4181553292424783
112.60000000000001,7.2973072180449705,-0.16783121284508745,0.006378624490036545,0.01466210241245937,2.3343765245015864,-0.41868607301795946
112.7,7.315319103040389,-0.16765983947725313,-0.0015921015567439622,0.014736837412989872,2.3352999046862446,-0.4192168167934407
112.80000000000001,7.331837319523992,-0.16747975220935943,-0.009913662649598977,0.014788338734598975,2.336615721449382,-0.41974756056892193
112.9,7.346905798922599,-0.1672938556747595,-0.018542973782870228,0.014816993605268702,2.3383239747909994,-0.42027830434440316
113.0,7.360392746955754,-0.16709924524010017,-0.02743694995089944,0.014823189252981074,2.340332326692631,-0.4208090481198844
113.10000000000001,7.37225423219664,-0.16689592090538147,-0.03654635114722002,0.014809249045628236,2.342663861658892,-0.42133979189536563
113.2,7.382402391791619,-0.16668969193730968,-0.04584040236779034,0.01477594743917423,2.3452262416713183,-0.42186345908717376
113.30000000000001,7.390925088594329,-0.1664776537025316,-0.05525755360452716,0.014728705625367383,2.348042551234525,-0.42238712627898195
113.4,7.397734459751134,-0.16625980620104727,-0.06476087485258052,0.014671783112009954,2.351112790348513,-0.4229107934707901
113.5,7.402830505262033,-0.1660448633329161,-0.0742949711046755,0.014612924458742408,2.3543677054994325,-0.4234415372462713
113.60000000000001,7.406301087980662,-0.1658299204647849,-0.08381060235434551,0.014552904121528792,2.3577611276780504,-0.42397228102175255
113.7,7.408146207907022,-0.16561497759665372,-0.09326468359593228,0.014495981608171362,2.3613161413889836,-0.4245030247972338
113.80000000000001,7.4084097964679305,-0.16540293936187564,-0.10260181982216086,0.0144468036544544,2.3649404086137666,-0.425033768572715
113.9,7.4071357850902055,-0.1651938057604507,-0.11177892602737302,0.014410016996162183,2.368657013857015,-0.42555743576452315
114.0,7.404412036627484,-0.16499048142573203,-0.12074676220510212,0.014387945001186854,2.372419788109496,-0.4260881795400044
114.10000000000001,7.400370345360219,-0.1647929663577196,-0.12945608834888161,0.014382136581456505,2.376205646866594,-0.4266189233154856
114.2,7.3950546427152295,-0.16459835592306027,-0.13786381945305318,0.014391430053025064,2.3799684211190755,-0.42714259050729375
114.30000000000001,7.388552791546152,-0.1644124593884603,-0.14593302551276688,0.014414663731946463,2.3837311953715568,-0.4276662576991019
114.4,7.38099658613344,-0.16422656285386036,-0.15362062152236444,0.014448352566382492,2.3874478006148054,-0.42818992489091007
114.5,7.3725178207575475,-0.16404357095261354,-0.16088967747699592,0.014491334872387083,2.3910951523442043,-0.4287135920827182
114.60000000000001,7.363204358272112,-0.16386057905136672,-0.1677094183726197,0.014535478862337742,2.3946501660551376,-0.42924433585819943
114.7,7.3531879929575865,-0.16367468251676676,-0.17404906920519417,0.014576137800450192,2.398089757242989,-0.42977507963368067
114.80000000000001,7.342556587667608,-0.1634858813488137,-0.17987169996986935,0.014609826634886221,2.401390841403141,-0.4303058234091619
114.9,7.331485868109448,-0.1632941755475075,-0.1851650006650286,0.014632673085825597,2.4045765030402113,-0.4308365671846431
115.0,7.320107628563561,-0.16309666047949506,-0.18990435128743863,0.014642741013358204,2.407600573144966,-0.4313673109601243
115.10000000000001,7.308465800456767,-0.16289043151142324,-0.19407744183548278,0.014636932593627854,2.4104861362220222,-0.4318909781519325
115.2,7.296780040923154,-0.16267839327664518,-0.1976658073067361,0.014612924458742408,2.4132101077667634,-0.43240756876006753
115.30000000000001,7.285094281389541,-0.16246054577516086,-0.20066329270039024,0.014572265520629958,2.4157724877791895,-0.4329170827845295
115.4,7.2735842475632,-0.1622339843736172,-0.20306374301563687,0.014515730235254551,2.4182425297731496,-0.4334265968089915
115.5,7.262381733724586,-0.16200451833872037,-0.204867158252476,0.014447578110418446,2.420574064739411,-0.4339361108334535
115.60000000000001,7.251530671300517,-0.16177214767047043,-0.20607353841090767,0.014368196374103664,2.4227901771825904,-0.4344456248579155
115.7,7.241162854571447,-0.16153396773551426,-0.20669519349254845,0.014279521166220322,2.4248908671026874,-0.43495513888237747
115.80000000000001,7.231366146391012,-0.16129578780055806,-0.20673212349739842,0.014186586450534723,2.4268992190043184,-0.43545757632316634
115.9,7.222272341039666,-0.16105470323224877,-0.20619663842707417,0.014093651734849125,2.4288152328874837,-0.43596001376395527
116.0,7.213881438517411,-0.16081652329729257,-0.205113358284809,0.014004976526965782,2.4306389087521834,-0.43646245120474414
116.10000000000001,7.206281301677881,-0.16058415262904266,-0.2034884380714113,0.01392443310670493,2.432370246598417,-0.43695781206185996
116.2,7.1995597933747115,-0.16035178196079272,-0.2013526527909226,0.013852021474066568,2.4339861619215686,-0.43743901975162963
116.30000000000001,7.193760845034723,-0.1601223159258959,-0.1987121574441513,0.013792388364834976,2.435509739226254,-0.4379131508577262
116.4,7.188884456657915,-0.15989865915770535,-0.1956038820359473,0.013746695462956222,2.436987147521707,-0.43838728196382276
116.5,7.1849745596711045,-0.15968081165622103,-0.19205244656954396,0.01371610445237638,2.438372217798694,-0.4388684896535924
116.60000000000001,7.18207508550111,-0.15946877342144297,-0.1880763160473662,0.013696743053275213,2.439664950057215,-0.43934969734336204
116.7,7.180142102721114,-0.15925383055331177,-0.18371242047426398,0.013683190073904396,2.4408422597926545,-0.4398238284494586
116.80000000000001,7.179219542757934,-0.15904469695188683,-0.1789853798534706,0.01367312214637179,2.441927231509627,-0.44029088297188207
116.9,7.1792634741847525,-0.15883265871710878,-0.17392596918902767,0.013664215902785253,2.4428967807035185,-0.4407508609106325
117.0,7.180229965574751,-0.1586206204823307,-0.16855880848416852,0.013652986291306577,2.4437278228697106,-0.44121791543305594
117.10000000000001,7.1821190169279285,-0.15840567761419952,-0.16292082774374309,0.013636722716061598,2.444420358008204,-0.4416708167881333
117.2,7.184886696817468,-0.15818492547936208,-0.15703664697098466,0.013610391213284011,2.4449513016143825,-0.4421166415595375
117.30000000000001,7.18853300524337,-0.15796126871117153,-0.15093704116993487,0.013572442871045724,2.445343738192862,-0.44254831316359555
117.4,7.19292614792518,-0.1577318026762747,-0.144646630343827,0.013521328777418646,2.4455745832390265,-0.44297998476765366
117.5,7.198066124862897,-0.15749652737467165,-0.1381961894967027,0.01345782338836682,2.445666921257492,-0.4434116563717117
117.60000000000001,7.203909004629703,-0.15725544280636233,-0.13161649363260358,0.013380377791962154,2.445597667743643,-0.4438362513920967
117.7,7.210410855798781,-0.15701145360469992,-0.12493216275476293,0.013288991988204648,2.4453668226974785,-0.4442608464124817
117.80000000000001,7.217439884089676,-0.15676165513633122,-0.11816166186560575,0.013185989344986443,2.4449513016143825,-0.44468544143286665
117.9,7.224996089502389,-0.15650604740125632,-0.11133576596917363,0.013074854914145747,2.444374188998971,-0.4450958832859055
118.0,7.232991609183281,-0.15625043966618138,-0.1044790950686999,0.01295868651953875,2.443589315842012,-0.4455063251389443
118.10000000000001,7.241382511705537,-0.15599483193110644,-0.0976039591658012,0.012841356440985682,2.4426428511527374,-0.4459167669919831
118.2,7.25008093421552,-0.15573631956267842,-0.09074113326451914,0.012725962502342729,2.441488625921915,-0.44631305567767576
118.30000000000001,7.259042945286411,-0.15548071182760348,-0.08389677236566206,0.012617151439394174,2.4401266401495443,-0.44670226777969535
118.4,7.268224613491393,-0.15522800872588166,-0.07710165147327157,0.012516859392050132,2.438579978340242,-0.44708440329804183
118.5,7.277582007403646,-0.154978210257513,-0.07036808058896434,0.012428958640130836,2.436825555989392,-0.4474665388163883
118.60000000000001,7.286983332742719,-0.15473422105585055,-0.06370836971435699,0.012353449183636287,2.4348633730969937,-0.4478486743347348
118.7,7.296428589508609,-0.15449023185418814,-0.057134828851066195,0.012287233198710298,2.4326472606538143,-0.4482237332694082
118.80000000000001,7.305873846274499,-0.15425205191923194,-0.05066592300151692,0.012231859597280962,2.430200303164471,-0.4485987922040816
118.9,7.315275171613571,-0.15401387198427577,-0.044307807166517485,0.012184230555492094,2.4275225006289625,-0.448973851138755
119.0,7.324544702672189,-0.1537756920493196,-0.038078946348492876,0.012143571617379645,2.4245907685426733,-0.4493418334897553
119.10000000000001,7.333726370877171,-0.15354041674771654,-0.031979340547443086,0.012107559415051474,2.4214051069056035,-0.44970273925708254
119.2,7.3426883819480615,-0.15330514144611346,-0.026021299764984757,0.012071934440705328,2.417965515717752,-0.4500565684407367
119.30000000000001,7.351474667311681,-0.15306696151115728,-0.020210979001926227,0.012033211642502996,2.414248910474504,-0.4503962444570447
119.4,7.360041295541209,-0.152825876942848,-0.014554533259075813,0.011989454880534359,2.4103476291943235,-0.4507359204733527
119.5,7.368344335209828,-0.15257898310783244,-0.009064272538050167,0.01193834078690728,2.4062385873725955,-0.45107559648966067
119.60000000000001,7.376427717744358,-0.15233208927281688,-0.003740196838849288,0.011877545993729617,2.4019217850093195,-0.45141527250596863
119.7,7.384247511717978,-0.15207648153774195,0.001411538837718499,0.011802810993199115,2.3974203066091118,-0.4517407953549305
119.80000000000001,7.391803717130691,-0.15181506453596078,0.006384779490844869,0.011715684697243866,2.392757236676589,-0.45207339478756536
119.9,7.399096333982494,-0.15155074290082646,0.011179525120529823,0.011615392649899824,2.387955659716367,-0.4523918410528541
120.0,7.4061692937002075,-0.15128061199898593,0.015789620725965035,0.011505032675023176,2.3830617447376796,-0.45271736390181594
120.10000000000001,7.412934733430194,-0.15100757646379226,0.02020891130634218,0.011386540912524038,2.3780754917405265,-0.4530287335834316
120.2,7.41948051602609,-0.15072873166189232,0.024443551862469583,0.011261466274330502,2.373019985229524,-0.45333302668137415
120.30000000000001,7.425762710061077,-0.15045279149334553,0.028481232392730597,0.01113329381228078,2.367941394213905,-0.45363024319564366
120.4,7.4318691783887925,-0.1501739466914456,0.03232810789793354,0.011007057490141175,2.3628858877029026,-0.45392038312624006
120.5,7.437755989582417,-0.14990091115625193,0.035971868376461776,0.010887404043695967,2.3578534656965164,-0.4542034464731634
120.60000000000001,7.443511006495587,-0.14962787562105825,0.039412513828315295,0.010775882384873248,2.352913381708596,-0.4544935864037598
120.7,7.449090297701486,-0.14935774471921773,0.04265619925430242,0.010672105285690996,2.348042551234525,-0.4547837263343562
120.80000000000001,7.454537794626929,-0.1490934230840834,0.0456906146528065,0.010578008886059328,2.3432871432835363,-0.45505971309760646
120.9,7.459853497271919,-0.14883200608230224,0.04851576002382755,0.010494754869924312,2.338670242360246,-0.45533569986085665
121.0,7.465037405636454,-0.1485763983472273,0.051137790368173876,0.010421568781321904,2.334191848464655,-0.4556116866241069
121.10000000000001,7.47017738257417,-0.1483207906121524,0.05354439568422884,0.010357676164288055,2.3298750461013786,-0.4558805968036841
121.2,7.475229496658251,-0.14807099214378372,0.05573557597199244,0.010299591966984555,2.325719835270418,-0.45614243039958813
121.30000000000001,7.480237679315514,-0.14782119367541502,0.057717486232273,0.010245380049501289,2.321772384981005,-0.45639011082814607
121.4,7.4852019305459585,-0.14757139520704635,0.05947781646345387,0.010191555360000047,2.3180557797377563,-0.4566307146730309
121.5,7.490122250349585,-0.14732159673867767,0.06102272166634337,0.010136568986552734,2.3145931040452887,-0.4568713185179157
121.60000000000001,7.4950425701532115,-0.147071798270309,0.06235220184094151,0.010075774193375072,2.311361273398986,-0.4571119223628005
121.7,7.500006821383656,-0.14681619053523406,0.06346625698724828,0.010002588104772663,2.3084295413126967,-0.45734544962401225
121.80000000000001,7.504971072614101,-0.146557678166806,0.06435873210445536,0.00991623626478146,2.3057979077864212,-0.45757897688522403
121.9,7.509935323844545,-0.14629626116502484,0.06503578219337108,0.009814782533491348,2.3034432883155436,-0.45780542756276266
122.0,7.514943506501808,-0.1460290348965374,0.06549125225318711,0.00969745245493828,2.301434936413912,-0.45803187824030134
122.10000000000001,7.519951689159071,-0.14575599936134373,0.0657374522855201,0.009564633257104278,2.2997497675769116,-0.4582512523341669
122.2,7.52504773466997,-0.14547715455944382,0.06576822728956172,0.009415550484025297,2.2984108663091574,-0.4584564732606863
122.30000000000001,7.530143780180869,-0.14519540512419077,0.0655897322661203,0.009253689187539545,2.2974182326106503,-0.45865461760353265
122.4,7.535283757118585,-0.14491365568893774,0.06520196721519585,0.009082147191503211,2.2967949509860057,-0.45884568536270587
122.5,7.540467665483121,-0.14462609698697843,0.06461108713759668,0.00890518400371855,2.2965871904444577,-0.45903675312187914
122.60000000000001,7.545651573847656,-0.1443443475517254,0.0638170920333228,0.008726284676023773,2.296748781976773,-0.45922782088105235
122.7,7.550879413639009,-0.14405969348311923,0.06283229190399084,0.008546223664382926,2.297325894592184,-0.4594118120565525
122.80000000000001,7.556107253430362,-0.14377794404786617,0.06165053174879249,0.008369647704580287,2.298295443786075,-0.4595958032320527
122.9,7.561335093221715,-0.14349909924596627,0.06029027657015273,0.008199654620472046,2.2996574295584455,-0.45977271782387974
123.0,7.566519001586251,-0.1432260637107726,0.05875152636807155,0.008038567779950342,2.3013887674046796,-0.45994255583203375
123.10000000000001,7.571702909950786,-0.14295593280893204,0.05704043614335728,0.007889485006871361,2.303535626334009,-0.46011239384018776
123.2,7.576798955461684,-0.14269161117379775,0.05516316089681824,0.007752019073253079,2.306028752832586,-0.46027515526466867
123.30000000000001,7.581807138118947,-0.1424330988053697,0.053132010630071086,0.00762771889102359,2.308868146900409,-0.4604237635218034
123.4,7.586727457922573,-0.14217749107029476,0.05095929534473246,0.0075150355482548024,2.3120999775467124,-0.46056529519526507
123.5,7.5915599148725645,-0.1419276926019261,0.04864501504080237,0.00741242013301862,2.315678075762262,-0.4607139034523998
123.60000000000001,7.596216646115282,-0.14168370340026365,0.04620147971989745,0.007318323733386952,2.3195793570424423,-0.46085543512586147
123.7,7.600697651650727,-0.1414368095652481,0.04363484438282605,0.007225776245683376,2.323826905891869,-0.4609969667993231
123.80000000000001,7.604959000052083,-0.14119282036358566,0.040963574032013124,0.007131679846051707,2.3283745533013094,-0.46113849847278476
123.9,7.6090006913193475,-0.1409459265285701,0.038193823668267,0.007033711166599805,2.3331992147661476,-0.46127295356257336
124.0,7.612822725452522,-0.14069612806020143,0.03533790329320433,0.006929159611453507,2.3383239747909994,-0.46140033206868886
124.10000000000001,7.616337239597969,-0.14044632959183276,0.03239581290682512,0.006816863496666742,2.343725748871249,-0.46152771057480435
124.2,7.619588165182508,-0.14019072185675782,0.02939832751317098,0.0066933377704013,2.3493814525022794,-0.46164801249724674
124.30000000000001,7.622487639352502,-0.13993220948832977,0.026339292111433595,0.006558582432657181,2.355268001179474,-0.4617612378360161
124.4,7.625035662107952,-0.1396707924865486,0.023243326704846266,0.00641182302747034,2.3614084794074497,-0.4618673865911123
124.5,7.627232233448856,-0.1394035662180612,0.020110431293408986,0.006255770150714939,2.3677798026815897,-0.4619735353462086
124.60000000000001,7.6289894905215805,-0.13913633994957375,0.01695907087954673,0.006092747170283118,2.374358886497278,-0.46207968410130484
124.7,7.630351364752941,-0.1388662090477332,0.013801555464876152,0.0059219796302108305,2.3811457308545143,-0.462178756272728
124.80000000000001,7.631273924716121,-0.13859317351253952,0.010650195051013897,0.005747727038300333,2.3880710822394495,-0.46228490502782427
124.9,7.631713238984302,-0.13832304261069897,0.007511144638768292,0.005572312762443765,2.3951580251566997,-0.46237690061557435
125.0,7.631713238984302,-0.13805291170885844,0.004402869230564311,0.005400770766407431,2.402360390597032,-0.4624759727869975
125.10000000000001,7.631142130435666,-0.1377827808070179,0.0013315238272102775,0.005237360557993586,2.40965509405583,-0.46256796837474756
125.2,7.630087776192033,-0.13752136380523672,-0.001684426568868833,0.005085179961058418,2.4170190510284777,-0.46265288737882454
125.30000000000001,7.628462313399763,-0.13725994680345555,-0.004632671956056372,0.004946552343494066,2.4244291770103583,-0.46273072979922847
125.4,7.626265742058858,-0.13700724370173373,-0.007507057333544014,0.004823413845210648,2.431839302992239,-0.4628014956359593
125.5,7.623541993596136,-0.13675744523336505,-0.01029527269971511,0.004718087834100303,2.439272513478736,-0.4628793380563632
125.60000000000001,7.620247136584779,-0.13651636066505574,-0.012978853052144686,0.004631348766127077,2.4466595549559997,-0.46295718047676715
125.7,7.616381171024787,-0.13627818073009956,-0.015551643390024418,0.004557000993578598,2.4539773429194143,-0.463027946313498
125.80000000000001,7.61194409691616,-0.13604581006184963,-0.01800748871254598,0.004495818972418912,2.461179708359747,-0.4630987121502288
125.9,7.606935914258897,-0.1358134393935997,-0.02033407901809272,0.0044450921067738566,2.4682435667723803,-0.4631694779869596
126.0,7.601356623052999,-0.13558687799205602,-0.022519104305047995,0.004403271484715337,2.475192002661932,-0.4632331672400174
126.10000000000001,7.595250154725284,-0.1353574119571592,-0.02455025457179515,0.004368420966333238,2.4819557625145516,-0.463289779909402
126.2,7.5886604407025695,-0.13513085055561552,-0.02642752981833419,0.004336668271807325,2.48853484633024,-0.4633463925787867
126.30000000000001,7.581587480984857,-0.13490428915407182,-0.02813862004304846,0.004305302805263435,2.49490616960438,-0.4633959286644983
126.4,7.5740752069989625,-0.13467482311917503,-0.02967737024512964,0.004272388426791452,2.501092816841589,-0.46343838816653676
126.5,7.5661236187448875,-0.1344424524509251,-0.031043780424577727,0.004235988996481259,2.507048619032633,-0.4634808476685753
126.60000000000001,7.557864510503086,-0.13421008178267516,-0.032219385578967745,0.004198040654242973,2.5127966606821293,-0.4635233071706138
126.7,7.5492978822735575,-0.13397190184771895,-0.03321034070910803,0.004152734980346243,2.5183138572854604,-0.46356576667265226
126.80000000000001,7.540467665483121,-0.13373372191276278,-0.03401664581499857,0.004103944254611304,2.5235540398333947,-0.4636082261746908
126.9,7.531461722985411,-0.1334926373444535,-0.03462599089502271,0.004052442933002201,2.5285633773351646,-0.4636436090930562
127.0,7.522323986207248,-0.13324864814279105,-0.03505068595079711,0.0040013288393751225,2.5333187852861534,-0.46367191542774855
127.10000000000001,7.513098386575448,-0.13300756357448174,-0.03527842098070513,0.003953699797586253,2.5377971791817444,-0.46370022176244086
127.2,7.5039167183704665,-0.13276647900617244,-0.035321505986363404,0.003912266403509757,2.542021643526555,-0.46372852809713316
127.30000000000001,7.494778981592303,-0.13252539443786313,-0.03517994096777193,0.003879352025037774,2.5459460093113515,-0.46373560468080627
127.4,7.485816970521412,-0.13229011913626007,-0.034853725924930724,0.003858054486026491,2.5496395300499834,-0.4637426812644794
127.5,7.477074616584611,-0.13205774846801013,-0.03435517085945642,0.0038514716103320943,2.553056036733218,-0.4637497578481524
127.60000000000001,7.468639782635537,-0.13183118706646646,-0.03369043077215735,0.003861539537864701,2.556172444856439,-0.4637568344318255
127.7,7.460600331527826,-0.1316075302982759,-0.03287181566465017,0.0038855476727501473,2.5590349234288787,-0.4637639110154986
127.80000000000001,7.452956263261478,-0.13138968279679158,-0.03190548053774318,0.00392427047095248,2.5616203879459207,-0.4637639110154986
127.9,7.445795440690128,-0.13117473992866038,-0.03080373539305306,0.00397654624852563,2.563882669398333,-0.4637639110154986
128.0,7.439249658094233,-0.13096270169388233,-0.029578890232196443,0.004041213321523525,2.565891021299964,-0.4637568344318255
128.1,7.43331891547379,-0.1307535680924574,-0.02825556505840663,0.0041178844619641445,2.5675992746415814,-0.4637426812644794
128.20000000000002,7.428047144255618,-0.13054733912438557,-0.02683375987168362,0.004202687390027253,2.569007429423185,-0.46372852809713316
128.3,7.423522207293355,-0.13034111015631375,-0.025338094675260714,0.004292911509838689,2.5701154856447745,-0.46369314517876775
128.4,7.419744104586998,-0.13013488118824193,-0.02379318947237121,0.004385846225524287,2.5709696123155834,-0.46365776226040234
128.5,7.416844630417004,-0.1299286522201701,-0.022205199263823434,0.0044803298531379794,2.5715467249309945,-0.4636223793420369
128.6,7.414823784783372,-0.12971951861874517,-0.020598744052850684,0.0045740390247876244,2.571846823491008,-0.4635869964236715
128.70000000000002,7.413637636259284,-0.12951038501732023,-0.018998443842686258,0.004662327004688944,2.571892992500241,-0.46354453692163305
128.8,7.413374047698375,-0.12929544214918906,-0.01742276363575513,0.004744806564859912,2.57163906294946,-0.46350207741959454
128.9,7.414076950527464,-0.12908049928105786,-0.015890168434482276,0.004821090477318509,2.5711542883525147,-0.463452541333883
129.0,7.415658481892916,-0.12885974714622042,-0.014419123241292669,0.004892727653992824,2.570392499700172,-0.4633959286644983
129.1,7.418162573221547,-0.12863899501138298,-0.013034248059419608,0.004961267006810953,2.5693536969924318,-0.46333931599511363
129.20000000000002,7.421589224513359,-0.12841533824319243,-0.011754007891288068,0.005028257447700989,2.5680378802292942,-0.46327562674205586
129.3,7.4258505729147135,-0.12819168147500187,-0.010603022740131345,0.0050956351165730475,2.5664219649061426,-0.463197784321652
129.4,7.430990549852431,-0.12797092934016444,-0.009593602607566093,0.00516804674921141,2.5645290355275936,-0.46311994190124806
129.5,7.4369652238996915,-0.127750177205327,-0.008750367496825607,0.0052482029414902395,2.562382176598264,-0.463035022897171
129.6,7.44368673220286,-0.12753232970384268,-0.008091782410334862,0.005341137657175838,2.5599583036135365,-0.46295010389309404
129.70000000000002,7.451111143335118,-0.12732029146906462,-0.007624002348902184,0.005444527528376066,2.557211247564179,-0.46286518488901707
129.8,7.459238457296465,-0.12711115786763966,-0.007365492314952545,0.005560695922983065,2.5541640929548075,-0.46278026588494003
129.9,7.46789294837963,-0.12690492889956786,-0.007340872311719247,0.0056915789809069495,2.550793755280806,-0.4626811937135169
130.0,7.477074616584611,-0.12670450919820228,-0.007543987338393962,0.005836402246183674,2.547100234542174,-0.4625891981257668
130.1,7.486739530484592,-0.12650699413018984,-0.008005612399018315,0.005997101858723356,2.5430835307389117,-0.46249012595434363
130.20000000000002,7.4967119643723,-0.12631528832888364,-0.008713437491975657,0.006170579994669806,2.5387205593664026,-0.4623839771992474
130.3,7.506947986820915,-0.12612648716093058,-0.009685927619690964,0.006355287742094934,2.534011320424647,-0.462263675276805
130.4,7.517403666403622,-0.1259376859929775,-0.010923082782164232,0.0065500634170526685,2.5289788984182606,-0.46214337335436256
130.5,7.527947208839964,-0.12575178945837756,-0.012424902979395462,0.006750260283758729,2.523669462356477,-0.4620230714319202
130.6,7.5385346827031245,-0.12556879755713074,-0.01419754321219298,0.006955491114231093,2.5180137587254467,-0.4619027695094778
130.70000000000002,7.54903429371265,-0.12538290102253077,-0.01623484847974846,0.007158011348829293,2.512081041039019,-0.46178246758703534
130.8,7.559402110441719,-0.12519700448793084,-0.01853066378125358,0.007356659303607261,2.505871309297194,-0.46165508908091984
130.9,7.569550270036699,-0.12500529868662463,-0.021084989116708336,0.007548337154708809,2.4993614789953553,-0.46152771057480435
131.0,7.579346978217134,-0.12481068825196533,-0.023879359483687756,0.0077322704461698895,2.492643888151968,-0.46140033206868886
131.1,7.588792234983024,-0.124616077817306,-0.026913774882191842,0.007908459177990504,2.4856723677578003,-0.46126587697890026
131.20000000000002,7.597754246053915,-0.12441565811594044,-0.03017592531060394,0.008075741666224582,2.4785161713267008,-0.4611243453054386
131.3,7.60618908000299,-0.12421233378122175,-0.033641190765690755,0.008234117910872123,2.4711752988586695,-0.46098281363197696
131.4,7.614052805403428,-0.12400610481314993,-0.03730341624664396,0.008387072963771338,2.4637420883721726,-0.4608271287911691
131.5,7.621301490828413,-0.12379697121172499,-0.04113798175023026,0.008535768508868296,2.4562396243718263,-0.4606785205340344
131.6,7.62784727342431,-0.12359074224365317,-0.045132577274833,0.0086852385099293,2.4486679068576307,-0.46052283569322655
131.70000000000002,7.6337340846179345,-0.12338451327558135,-0.04926258281721888,0.008834321283008281,2.441119273848052,-0.4603742274360918
131.8,7.6388301301288335,-0.12318118894086266,-0.05350953337496294,0.008986114651961426,2.433593725343089,-0.460218542595284
131.9,7.643179341383824,-0.12297786460614397,-0.05784880894483186,0.009142941984680873,2.4261374303519756,-0.46006993433814924
132.0,7.6467817183829085,-0.12278034953813152,-0.06226194452440068,0.009307126649058766,2.4187965578839443,-0.45990717291366834
132.1,7.649549398272448,-0.1225857391034722,-0.06673047511124443,0.009480992012987239,2.4116403614528448,-0.4597514880728605
132.20000000000002,7.6515263124792625,-0.12239403330216601,-0.07121747070051314,0.00966492530444832,2.4046919255632933,-0.4595887266483796
132.3,7.652668529576533,-0.12220813676756606,-0.07571062129059018,0.009858152067477961,2.3979743347199065,-0.4594118120565525
132.4,7.6531078438447135,-0.12202804949967237,-0.08018530687824225,0.010061446758040209,2.3916030114457665,-0.45923489746472546
132.5,7.652756392430169,-0.12185086686513179,-0.08461690746023605,0.010273260464206969,2.3856010402454895,-0.4590509062892253
132.6,7.651702038186535,-0.12167658886394433,-0.0889869580341466,0.01049204427405015,2.3799915056236918,-0.45887399169739823
132.70000000000002,7.649944781113811,-0.12150521549611001,-0.0932708385967406,0.01071082808389333,2.37486674559884,-0.4586970771055711
132.8,7.647528552638816,-0.12133674676162881,-0.09745008414559309,0.010928062981808416,2.3702498446755498,-0.45852016251374406
132.9,7.644453352761549,-0.12116537339379449,-0.10150622967827908,0.011139489459993154,2.3661638873584385,-0.4583361713382439
133.0,7.640807044335648,-0.12099400002596016,-0.10542081019237359,0.011342784150555401,2.362678127161354,-0.4581521801627437
133.1,7.636633558787929,-0.12082262665812583,-0.10918151568625999,0.011535623685603019,2.3598156485889143,-0.45796818898724356
133.20000000000002,7.631976827545211,-0.12064834865693838,-0.11276372615670498,0.011713361329351727,2.357576451641119,-0.45777712122807035
133.3,7.626880782034312,-0.12046826138904468,-0.11616128660290022,0.011874060941891407,2.3560067053272005,-0.4575719003015509
133.4,7.6213454222552315,-0.12028236485444474,-0.11935573202242074,0.012017722523222063,2.3551525786563916,-0.45735960279135845
133.5,7.615502542488425,-0.12009646831984479,-0.12234706241526655,0.01214550775728976,2.355037156133309,-0.4571473052811659
133.6,7.6093082113070745,-0.11990766715189172,-0.12512296777982101,0.012258965556022596,2.3556604377579538,-0.4569420843546465
133.70000000000002,7.6029381544184504,-0.11971886598393865,-0.12766498311365912,0.012355385323546405,2.3570224235303243,-0.45672978684445403
133.8,7.5963045089689185,-0.11952425554927933,-0.12998541841839753,0.012437864883717373,2.359169282459654,-0.45651041275058846
133.9,7.589539069238932,-0.11932964511462,-0.13206580869161128,0.012508727604427642,2.36205484553671,-0.4562910386567229
134.0,7.5826418352284914,-0.11913503467996069,-0.1339123089341087,0.012571458537515422,2.3657021972661094,-0.4560716645628573
134.1,7.5756567383644144,-0.11894042424530137,-0.13552491914588977,0.012629155506836897,2.3700651686386185,-0.4558452138853187
134.20000000000002,7.568627710073519,-0.11874871844399518,-0.13689132932533785,0.01268414188028421,2.3751437596542373,-0.4556116866241069
134.3,7.561598681782624,-0.1185599172760421,-0.1380238494740696,0.012739902709695569,2.3808918013037337,-0.455364006195549
134.4,7.554569653491729,-0.11837402074144215,-0.138922479592085,0.012799148590945138,2.3873092935871068,-0.455109249183318
134.5,7.547584556627652,-0.11819393347354845,-0.13959337468019242,0.012863041207978987,2.394396236504357,-0.4548615687547601
134.6,7.540687322617211,-0.11801965547236101,-0.14003653473839178,0.012934678384653304,2.4020833765416345,-0.4546068117425291
134.70000000000002,7.533921882887225,-0.11784828210452668,-0.14025195976668314,0.013009026157201783,2.4103476291943235,-0.4543520547302981
134.8,7.527244306010875,-0.1176827180033986,-0.14025811476749148,0.013086471753606449,2.419142825453191,-0.4540972977180671
134.9,7.520698523414978,-0.11751715390227052,-0.14004884474000845,0.013165466261939207,2.4283997118043876,-0.45382838753849
135.0,7.514284535099537,-0.11735449443449557,-0.13963645968585067,0.013244460770271966,2.4380952037432966,-0.4535665539425859
135.1,7.5080462724913675,-0.11719473960007375,-0.1390209596050182,0.013323068050622701,2.4481831322606853,-0.4532905671793357
135.20000000000002,7.501939804163652,-0.1170320801322988,-0.13821465449912768,0.013398577507117251,2.4586173283473207,-0.45301458041608544
135.3,7.495965130116391,-0.11687232529787696,-0.13721754436817907,0.013469052999845497,2.469305453984737,-0.4527315170691621
135.4,7.490166181776403,-0.11671257046345512,-0.13604193921378904,0.013532558388897322,2.480224424668318,-0.4524413771385657
135.5,7.484499027716869,-0.11654991099568017,-0.1346878390359576,0.013587931990326658,2.491351155893447,-0.4521512372079693
135.6,7.478963667937789,-0.1163843468945521,-0.13315524383468474,0.01363710994404362,2.502570225137042,-0.4518610972773729
135.70000000000002,7.473516171012346,-0.11621878279342401,-0.13145646361158714,0.013675058286281907,2.5138354633898694,-0.45157803393044954
135.8,7.468200468367356,-0.11605031405894281,-0.12958534336585642,0.01370332592896961,2.5250776171380807,-0.4512808174161801
135.9,7.462928697149185,-0.11587894069110849,-0.12755419309910926,0.0137230745560528,2.536250517372442,-0.4509906774855837
136.0,7.45774478878465,-0.11570466268992104,-0.12536301281134565,0.01373701476340564,2.5472849105791053,-0.4506934609713142
136.1,7.452560880420115,-0.11553328932208672,-0.1230056475017573,0.01374863160286634,2.5581577122534536,-0.45038916787337163
136.20000000000002,7.447376972055579,-0.11535901132089926,-0.1204882521711525,0.013759861214345016,2.568753499872404,-0.450084874775429
136.3,7.442149132264227,-0.11518763795306494,-0.11780467181872292,0.013772252509769762,2.5790261044267244,-0.44977350509381336
136.4,7.436877361046055,-0.11501626458523061,-0.1149610614452769,0.013789677768960812,2.5889755259164144,-0.44945505882852466
136.5,7.4315616584010655,-0.1148477958507494,-0.11195126605000612,0.013815234815774352,2.598509426323008,-0.449143689146909
136.6,7.426114161475622,-0.11468513638297445,-0.10876913063210224,0.013852408702048591,2.607581636637273,-0.44882524288162023
136.70000000000002,7.420578801696543,-0.11452538154855263,-0.10542081019237359,0.013897327147963297,2.616145987849976,-0.4485138732000046
136.8,7.41486771621019,-0.1143656267141308,-0.10189399472920353,0.013951151837464539,2.624156310951884,-0.44819542693471587
136.9,7.408980905016565,-0.11420877651306209,-0.09818868424259204,0.014013495542570295,2.6315433524291483,-0.44786990408575406
137.0,7.402874436688851,-0.1140548309453465,-0.09430487873253915,0.014086681631172705,2.638307112281768,-0.44754438123679224
137.1,7.396592242653863,-0.11390669464433718,-0.09023642319823652,0.014169548419325696,2.6443783369958944,-0.4472188583878304
137.20000000000002,7.390046460057968,-0.11375855834332785,-0.08597716263887581,0.014260934223083202,2.6497339420669106,-0.44689333553886856
137.3,7.38328102032798,-0.11361042204231851,-0.08153325205526536,0.014357353990607011,2.6543277584855844,-0.4465536595225606
137.4,7.376251992037085,-0.11346228574130918,-0.07689238144578853,0.01445725880996903,2.6581828707565314,-0.44621398350625263
137.5,7.3690033066121,-0.11331414944029984,-0.07206070581125364,0.014558712541259141,2.661230025365903,-0.4458743074899446
137.6,7.361534964053024,-0.1131660131392905,-0.06703822515166066,0.01466210241245937,2.6634692223136986,-0.4455417080573097
137.70000000000002,7.3538030329330395,-0.11301497220492805,-0.0618187844662013,0.014761232775857343,2.6649004615999186,-0.44520910862467483
137.8,7.345807513252146,-0.11286102663721248,-0.05640853875568388,0.014858039771363175,2.6654544897107133,-0.4448694326083668
137.9,7.3376362678639815,-0.11270417643614376,-0.05081364302091671,0.014950974487048773,2.6651543911506996,-0.4445368331757319
138.0,7.329245365341725,-0.11254442160172194,-0.04504025226270813,0.015042360290806278,2.6639770814152604,-0.4441971571594239
138.1,7.320722668539015,-0.1123846667673001,-0.03909452148186646,0.015131809954653666,2.661945645009013,-0.44385040455944286
138.20000000000002,7.312024246029032,-0.11222200729952515,-0.03298876068000833,0.015222034074465103,2.6590600819319565,-0.4435036519594618
138.3,7.303237960665413,-0.1120593478317502,-0.026722969857133776,0.015312645422258561,2.6552973076794752,-0.4431498227758076
138.4,7.294407743874976,-0.11189668836397525,-0.02032176901647607,0.0154079035058363,2.650726575765418,-0.44278184042480734
138.5,7.2855775270845395,-0.11173693352955343,-0.013797468159651874,0.015508195553180342,2.6453478861897852,-0.44242093465748006
138.6,7.276791241720921,-0.11157717869513159,-0.00716237728827783,0.015617781072092943,2.6391612389525765,-0.44206002889015283
138.70000000000002,7.268092819210938,-0.11141742386070976,-0.00044111640558724047,0.01573356223871792,2.6322358875676417,-0.4416991231228256
138.8,7.25952619098141,-0.11126057365964105,0.006341694485186596,0.01585708796498336,2.6245487475303637,-0.4413311407718253
138.9,7.25122315131279,-0.11110662809192548,0.01317374538242703,0.015989132706853315,2.6161690723545923,-0.44096315842082495
139.0,7.243183700205079,-0.11095558715756301,0.020018106281284115,0.016130083692309807,2.607119946544944,-0.4405951760698247
139.1,7.235451769085095,-0.11080745085655368,0.02685631217933287,0.016278779237406765,2.5974244546060348,-0.44022719371882435
139.20000000000002,7.228159152233291,-0.11066221918889747,0.03366374307334001,0.016433670430216096,2.587174934556331,-0.4398521347841509
139.3,7.221349781076486,-0.11051408288788814,0.04040346895845557,0.016592046674863636,2.576348301891216,-0.4394558460984583
139.4,7.215111518468317,-0.11036885122023193,0.04704471483063794,0.016753520743367365,2.565059979133772,-0.43905955741276564
139.5,7.209444364408783,-0.11022361955257573,0.05356901568746214,0.016914994811871094,2.5533792197978484,-0.43867034531074606
139.6,7.204480113178338,-0.11008129251827264,0.059933286523269895,0.017076468880374823,2.5413521928926777,-0.4382740566250534
139.70000000000002,7.200262696203802,-0.10993315621726331,0.06610675233401958,0.017230585617220105,2.5290250674274937,-0.43788484452303383
139.8,7.19683604491199,-0.10978501991625397,0.07206479311647791,0.01737540888249683,2.516490181420761,-0.4374885558373412
139.9,7.194244090729723,-0.10963397898189152,0.07777663386660325,0.01751016422024095,2.503770619377097,-0.43709226715164856
140.0,7.192530765083816,-0.10948003341417593,0.08320534457954565,0.01763330271852437,2.490981803819584,-0.43669597846595587
140.1,7.191739999401091,-0.10932318321310723,0.08832015025126348,0.017744824377347087,2.4781468192528378,-0.43629968978026323
140.20000000000002,7.191871793681545,-0.1091634283786854,0.09310258587933179,0.017843567512763035,2.465334919190708,-0.4358963245108975
140.3,7.19292614792518,-0.10900076891091044,0.09752187645970893,0.01792914489679019,2.4526153571470437,-0.4354788060741856
140.4,7.194946993558812,-0.10883520480978237,0.1015472469883533,0.018003492669338667,2.440103555644928,-0.4350612876374737
140.5,7.197934330582442,-0.10866964070865429,0.1051602324628399,0.018069321426282633,2.427845683693593,-0.4346366926170887
140.6,7.201844227569253,-0.10850407660752621,0.10833621287993546,0.01812934176349625,2.415887910302272,-0.4342120975967037
140.70000000000002,7.206676684519243,-0.10833851250639813,0.1110628782380233,0.01818200476905142,2.4043225734894302,-0.4337945791599918
140.8,7.212343838578777,-0.10817294840527006,0.11332176353467847,0.018228472126894223,2.3931958422643014,-0.43336998413960687
140.9,7.218845689747855,-0.1080102889374951,0.115094403767476,0.018270679976934764,2.382553885636118,-0.43294538911922187
141.0,7.22609437517284,-0.10785053410307327,0.11636848893479922,0.018310177231101146,2.3725121261279623,-0.43252079409883687
141.1,7.234045963426915,-0.10769077926865145,0.11715017403745645,0.018347738345357408,2.363070563739834,-0.43209619907845187
141.20000000000002,7.242524728802808,-0.10753392906758275,0.11742099407302274,0.018382201635757482,2.3542753674809664,-0.4316645274743938
141.3,7.251530671300517,-0.10737998349986716,0.1171871040423064,0.01841317987431935,2.346195790865209,-0.43121870270298956
141.4,7.260931996639589,-0.1072289425655047,0.11644850394530744,0.0184422219729711,2.338901087406411,-0.43076580134791226
141.5,7.2706408419663875,-0.10708080626449537,0.11520519378202584,0.018468166247766662,2.332437426113805,-0.43031289999283495
141.6,7.2804814815736405,-0.10693557459683915,0.1134756385548866,0.01849139992668806,2.3268278914920075,-0.42986707522143075
141.70000000000002,7.29040998403453,-0.10678743829582983,0.11127214826550634,0.01850495290605888,2.3221186525502517,-0.4294212504500265
141.8,7.300294555068601,-0.10664220662817361,0.10860087791469342,0.018507276273951018,2.3183097092885374,-0.4289683490949492
141.9,7.309959468968582,-0.10649697496051741,0.10548029250487279,0.018496433890454366,2.315470315220714,-0.4285083711561988
142.0,7.319316862880836,-0.10634883865950807,0.10194116704008607,0.018470876843640825,2.3136004703467816,-0.42805546980112147
142.1,7.328191011098091,-0.10619779772514562,0.09799581152194993,0.018428668993600284,2.31270017466674,-0.42760256844604416
142.20000000000002,7.336537982193529,-0.10604675679078317,0.09368115595531432,0.018367099744458572,2.3127694281805895,-0.42713551392362065
142.3,7.344182050459877,-0.10588990658971446,0.08901566534260417,0.01828539464025165,2.3138082308883297,-0.4266684594011972
142.4,7.350991421616682,-0.10573015175529263,0.08403626968866948,0.01818394090896154,2.31588583630381,-0.4261943282951006
142.5,7.356922164237124,-0.10556749228751768,0.07877374399755185,0.018063513006552286,2.3189329909131815,-0.4257272737726771
142.6,7.361842484040751,-0.10540483281974272,0.07326501827410123,0.017927208756880073,2.322949694716444,-0.42526021925025365
142.70000000000002,7.365664518173925,-0.10523636408526152,0.06753471252155092,0.01777231756407074,2.3279590322182133,-0.4247931647278302
142.8,7.368300403783011,-0.10507079998413343,0.061632066746367516,0.0176023244799625,2.3338686654000247,-0.4243331867890798
142.9,7.3696622780143715,-0.10490233124965224,0.05558785595259264,0.01741955287244749,2.340701678766494,-0.4238661322666563
143.0,7.369750140868008,-0.10473386251517104,0.04943285514426793,0.017228262249327966,2.348388818803772,-0.4233990777442328
143.1,7.368520060917101,-0.10456539378068984,0.043216304327859965,0.01703193766244214,2.3569300855118582,-0.4229390998054824
143.20000000000002,7.3658841753080155,-0.10440273431291489,0.03696282350660206,0.01683328970766417,2.366256225376904,-0.42247204528305893
143.3,7.361842484040751,-0.10424007484513993,0.030721652686960796,0.016634641752886203,2.3763210693896766,-0.42200499076063547
143.4,7.356482849968943,-0.10408322464407121,0.024511256871361155,0.016438317166000378,2.387124617550175,-0.42153793623821195
143.5,7.349717410238957,-0.10393218370970876,0.01838087606626974,0.016247026542880853,2.3985745318399343,-0.4210708817157885
143.6,7.34159009627761,-0.10378404740869943,0.012348975274111518,0.016061157111509655,2.4106015587451046,-0.4206179803607112
143.70000000000002,7.332188770938537,-0.10363881574104322,0.006458639500544766,0.015876062136102504,2.423136444751837,-0.4201650790056338
143.8,7.321557365648559,-0.10349648870674014,0.0007283337479944555,0.015692516072623446,2.4361330208508987,-0.41970510106688347
143.9,7.3096958804076735,-0.10335706630579018,-0.0048173219803061135,0.015509357237126412,2.449498949023823,-0.41924512312813306
144.0,7.296780040923154,-0.10321764390484021,-0.010153707681123642,0.015327360085575448,2.463188060261378,-0.41879222177305575
144.1,7.282853778621818,-0.10308403077059651,-0.01525620335122483,0.015146524617970553,2.477084932040481,-0.4183393204179784
144.20000000000002,7.268004956357302,-0.10294751300299967,-0.020118653989801356,0.014964914694401612,2.4911203108472826,-0.41787934247922803
144.3,7.252365368410061,-0.10281389986875596,-0.024716439593619917,0.01477943249101244,2.5052249431679336,-0.4174264411241507
144.4,7.2360668090605476,-0.10267738210115912,-0.029043405161872194,0.014590078007803032,2.5193295754885843,-0.4169664631854003
144.5,7.2192410725892175,-0.10254086433356228,-0.033087240692941534,0.01439685124477339,2.533364954295386,-0.41652063841399606
144.6,7.201976021849707,-0.10240434656596545,-0.03685410118763626,0.014199364973941492,2.547215657065256,-0.41607481364259186
144.70000000000002,7.184447382549288,-0.1022649241650155,-0.040337831645148044,0.013994908599433175,2.5608124302843454,-0.4156289888711876
144.8,7.166786948968414,-0.10212259713071241,-0.04353227706466858,0.013786192717122602,2.574086020438804,-0.41518316409978334
144.9,7.14912651538754,-0.10198027009640932,-0.046449747447814486,0.013573604554991795,2.5869440895101667,-0.41474441591205224
145.0,7.13159787608712,-0.10183794306210624,-0.04909639779539412,0.013362178076807058,2.599317383984584,-0.414298591140648
145.1,7.11433282534761,-0.10169561602780315,-0.05147222810740746,0.01315307496651446,2.611159734852823,-0.41385984295291683
145.20000000000002,7.097463157449462,-0.10155619362685318,-0.05359570338627948,0.01294823136402412,2.622355719591801,-0.4134140181815126
145.3,7.081076735246312,-0.10141677122590323,-0.055479133633626845,0.012749583409246153,2.632859169192286,-0.4129681934101084
145.4,7.065349284445435,-0.1012802534583064,-0.057134828851066195,0.012559841698054722,2.642646999149661,-0.4125223686387041
145.5,7.0503686679004645,-0.10114664032406268,-0.05857509904021418,0.01238287851027006,2.6516268714454596,-0.4120765438672999
145.6,7.036178817038221,-0.10101593182317209,-0.0598245642043041,0.012220242757820262,2.6597295325658337,-0.4116448722632418
145.70000000000002,7.022911526139156,-0.10088812795563463,-0.06088937934414427,0.012068062160885094,2.6669088135015495,-0.41121320065918376
145.8,7.010566795203272,-0.10076613335480342,-0.061794164462968,0.011929434543320743,2.6730954607387583,-0.4107815290551257
145.9,6.999188555657385,-0.1006441387539722,-0.06255122956239194,0.011803198221181138,2.678266389772843,-0.4103498574510676
146.0,6.988864670355134,-0.10052795341984723,-0.06317903964484106,0.011691289334376397,2.682375431594571,-0.40991818584700956
146.1,6.979551207869697,-0.10041467271907539,-0.06368990471193202,0.011593707882906517,2.6853533326900934,-0.4094865142429515
146.20000000000002,6.971248168201077,-0.10030139201830354,-0.0641084447668981,0.011508130498879362,2.6872231775640256,-0.4090548426388934
146.3,6.963911619922456,-0.10019101595088482,-0.06443465980973931,0.011433782726330883,2.6878926281979028,-0.40862317103483536
146.4,6.95758549446065,-0.10008354451681924,-0.06468701484288063,0.011367953969386918,2.6874309381055737,-0.4081844228471042
146.5,6.952181928962025,-0.09997607308275364,-0.06488397486874702,0.011309869772083418,2.6857919382778057,-0.40775275124304616
146.6,6.947613060572943,-0.09986860164868805,-0.06502553988733847,0.011257593994510269,2.682975628714599,-0.40732815622266116
146.70000000000002,6.943878889293405,-0.09975822558126933,-0.06511786489946335,0.01120531821693712,2.6790050939205696,-0.40690356120227616
146.8,6.940803689416138,-0.09964784951385061,-0.0651794149075466,0.011155753035238133,2.673857249391101,-0.40648604276556427
146.9,6.938387460941144,-0.09953456881307876,-0.0652040349107799,0.011106187853539147,2.667601348640043,-0.4060685243288524
147.0,6.936498409587966,-0.09942128811230692,-0.0652040349107799,0.011058171583768255,2.660260476172012,-0.4056510058921405
147.1,6.935048672502968,-0.09930510277818196,-0.0651794149075466,0.011012865909871525,2.6518808009962407,-0.4052334874554286
147.20000000000002,6.933994318259334,-0.09918891744405699,-0.06513017490108,0.010969496375884912,2.642508492121962,-0.4048159690187167
147.3,6.93315962114979,-0.09907273210993202,-0.0650563148913801,0.010928837437772463,2.6322128030630254,-0.4043913739983317
147.4,6.932500649747519,-0.09895654677580705,-0.0649578348784469,0.010893986919390364,2.621109156342513,-0.4039667789779467
147.5,6.931973472625701,-0.09884326607503521,-0.06482857986147209,0.010866880960648731,2.6092437209696575,-0.40354218395756175
147.6,6.931446295503885,-0.0987328900076165,-0.0646808598420723,0.010849068473475658,2.5967319194675413,-0.4031317421045229
147.70000000000002,6.930919118382067,-0.09862251394019778,-0.06449620981782256,0.010837064406032935,2.583619920845398,-0.4027213002514841
147.8,6.930216215552978,-0.09851504250613217,-0.06428078478953118,0.010833966582176748,2.570023147626309,-0.40231085839844527
147.9,6.929381518443434,-0.0984104757054197,-0.06402842975638988,0.010837838861996981,2.5560570223333565,-0.40190749312907953
148.0,6.928371095626618,-0.09830881353806037,-0.06374529971920694,0.01085061738540375,2.5417677139757737,-0.4015041278597138
148.1,6.927097084248893,-0.09821296063740727,-0.06341908467636573,0.010870366012486941,2.527316814085876,-0.40110783917402115
148.20000000000002,6.925515552883442,-0.09811420310340105,-0.06305593962867458,0.010894374147372387,2.51272740716828,-0.40069739732098236
148.3,6.923670432957082,-0.09802125483610107,-0.06264970957532515,0.010922254562078067,2.4981610847552997,-0.4002869554679435
148.4,6.9215617244698135,-0.0979283065688011,-0.06220039451631744,0.01095168388871184,2.483710184865402,-0.3998835901985778
148.5,6.919189427421636,-0.09783535830150113,-0.06172030445326811,0.010982662127273706,2.4695132145262852,-0.39948022492921204
148.6,6.916509610385733,-0.0977482193009074,-0.061197129384560504,0.011012478681889502,2.455593258242566,-0.3990839362435194
148.70000000000002,6.9136101362157385,-0.09765527103360742,-0.060643179311811284,0.011034550676864832,2.442111907546559,-0.3986947241414998
148.8,6.910491004911654,-0.09756522739966057,-0.06005845423502044,0.011048490884217672,2.4291615004567304,-0.3983055120394803
148.9,6.907196147900296,-0.0974722791323606,-0.05945526415580461,0.011053137620001952,2.4167882059823134,-0.3979233765211338
149.0,6.9037694966084855,-0.09737933086506063,-0.05883976407497214,0.011046941972289578,2.405130531151006,-0.39754831758646036
149.1,6.9002549824630375,-0.09728347796440753,-0.058218108993331345,0.011030291169062576,2.3942115604674252,-0.397173258651787
149.20000000000002,6.896696536890772,-0.09718762506375443,-0.05759645391169055,0.011000087386464756,2.3841698009592696,-0.3967911231334405
149.3,6.893138091318507,-0.09708886752974821,-0.05699941883328305,0.010957105080460166,2.3750283371311554,-0.3964019110314209
149.4,6.889667508599877,-0.09698720536238886,-0.05642700375810885,0.0109028931629769,2.3669487605153976,-0.39601269892940133
149.5,6.886328720161702,-0.09688844782838264,-0.05589767368859293,0.010839775001907097,2.3599541556166135,-0.3956234868273818
149.6,6.883209588857618,-0.09678969029437642,-0.05542373862635192,0.010769299509178851,2.354090691444035,-0.39524842789270836
149.70000000000002,6.880354046114441,-0.09669383739372332,-0.05502366357381082,0.010690692228828116,2.349427621511512,-0.3948662923743619
149.8,6.87784995478581,-0.09659798449307022,-0.05470975853258626,0.010605889300765007,2.3460111148282774,-0.3944912334396885
149.9,6.875653383444905,-0.09650213159241713,-0.054500488505103216,0.010516826864899641,2.343887340403564,-0.39411617450501507
150.0,6.8739400577989995,-0.09641208795847028,-0.05440816349297835,0.010425053833160114,2.343056298237372,-0.3937411155703417
150.1,6.872622114994456,-0.09632494895787655,-0.05445124849863662,0.010330957433528444,2.3435641573389336,-0.39337313321934136
150.20000000000002,6.871831349311731,-0.09624071459063595,-0.05464205352369469,0.010234537666004635,2.345364748699017,-0.3929909977009949
150.3,6.871567760750822,-0.09615938485674848,-0.05499904357057752,0.010138117898480827,2.348504241326854,-0.39259470901530225
150.4,6.871831349311731,-0.09608095975621413,-0.05552837364009344,0.010041698130957018,2.352959550717829,-0.39220549691328266
150.5,6.8726660464212745,-0.09600834392238602,-0.056242353733859114,0.00994760173132535,2.3587306768719416,-0.3918233613949362
150.6,6.874027920652636,-0.09593863272191104,-0.057159448854299494,0.009851956419765587,2.365748366275342,-0.3914412258765897
150.70000000000002,6.875916972005814,-0.09587182615478919,-0.058279659001414595,0.009750889916457499,2.3739895344234148,-0.3910590903582432
150.8,6.878333200480809,-0.09580501958766732,-0.05961529417682106,0.009644789449383108,2.38338492780231,-0.3906698782562236
150.9,6.881188743223985,-0.09574111765389859,-0.061166354380518886,0.009530944422668249,2.393888377402795,-0.39028774273787714
151.0,6.884483600235342,-0.09567431108677674,-0.0629389946133164,0.009409742064294947,2.4054306297110197,-0.38990560721953066
151.1,6.888085977234426,-0.095610409153008,-0.06492090487359696,0.009280407918299155,2.417919346708519,-0.3895234717011842
151.20000000000002,6.891995874221236,-0.09554360258588615,-0.06711824016216889,0.00914139307275278,2.4312852748814437,-0.3891342595991646
151.3,6.896081496915319,-0.0954767960187643,-0.06951869047741552,0.008992697527655823,2.445459160715944,-0.38874504749714506
151.4,6.900298913889856,-0.09540998945164243,-0.07210994581772023,0.008834708510990304,2.460371750698171,-0.38835583539512547
151.5,6.904516330864393,-0.09534027825116746,-0.07487969618146635,0.008670523846612413,2.475907622305042,-0.387973699876779
151.6,6.908689816412112,-0.0952734716840456,-0.07780947656622891,0.008498594622594056,2.4919975220227077,-0.3875986409421056
151.70000000000002,6.9126436448257405,-0.09520376048357063,-0.08088082196958295,0.008318533610953208,2.508549111832702,-0.3872235820074322
151.8,6.916289953251642,-0.09513114464974252,-0.08406911238829515,0.008133825863528081,2.5254469692119437,-0.3868414464890857
151.9,6.919584810262999,-0.09506143344926754,-0.0873435728183239,0.007947569204174859,2.5426218406465826,-0.3864663875544123
152.0,6.922352490152539,-0.09499462688214569,-0.09068573825724421,0.007765184824641872,2.559981388118153,-0.386098405203412
152.1,6.924505130066626,-0.09493072494837695,-0.09404636869858951,0.007588996092821258,2.577433273608189,-0.38573749943608476
152.20000000000002,6.925998798578441,-0.09486972764796134,-0.09740699913993481,0.007419777464677063,2.5948851590982254,-0.3853765936687575
152.3,6.9266138385538945,-0.09481163498089885,-0.10072454457562183,0.007261401220029522,2.6122216220651793,-0.38501568790143026
152.4,6.926394181419804,-0.09475935158054262,-0.10396207500080062,0.007112318446950541,2.629373408995202,-0.38466185871777614
152.5,6.925208032895715,-0.09470997281353952,-0.10707650540981294,0.006977175881224399,2.6462481818698267,-0.38430802953412196
152.6,6.92301146155481,-0.09466349867988953,-0.11003706079861712,0.006854037382940981,2.6627536026705885,-0.383968353517814
152.70000000000002,6.919672673116636,-0.09461992917959267,-0.1127945011607466,0.006741741268154216,2.6787973333790216,-0.38362160091783293
152.8,6.915235599008008,-0.09458216894600205,-0.11531805149215973,0.006642610904756244,2.6942870359766595,-0.38327484831785186
152.9,6.909612376375292,-0.09454731334576456,-0.11755847178638992,0.006558195204675158,2.7091534569496534,-0.38294224888521694
153.0,6.902803005218487,-0.0945153623788802,-0.11948498703939556,0.006487332483964889,2.723304258279537,-0.38261672603625513
153.1,6.894851416964412,-0.09448922067870208,-0.12105451224551837,0.006428473830697343,2.7366701864524616,-0.38229827977096636
153.20000000000002,6.8856697487594305,-0.09446017434517083,-0.12223011739990838,0.006380070332944427,2.7491358189453448,-0.38197983350567766
153.3,6.875345863457179,-0.09443693727834584,-0.12298718249933233,0.006340573078778048,2.7606549867489534,-0.381668463824062
153.4,6.863879761057656,-0.09441079557816773,-0.12329493253974856,0.006308045928288089,2.7711815208540544,-0.3813641707261194
153.5,6.851359304414499,-0.09438755851134273,-0.12311643751630715,0.006285199477348712,2.7806230832421828,-0.38106695421184994
153.60000000000002,6.837828424954527,-0.09436432144451773,-0.12244554242819976,0.006267386990175639,2.788956589408721,-0.3807768142812535
153.70000000000002,6.823331054104555,-0.09433817974433961,-0.12124531727057643,0.006254221238786846,2.796089701335204,-0.3804937509343302
153.8,6.807998986145041,-0.0943120380441615,-0.11950960704262886,0.0062488000470385194,2.801976250012399,-0.3802106875874069
153.9,6.791964015356436,-0.09428880097733651,-0.11723225674354872,0.006251510642912682,2.8066162354403055,-0.37993470082415665
154.0,6.775270073165561,-0.09426556391051151,-0.11440095637171935,0.006265063622283499,2.8100096576189237,-0.37966579064457945
154.10000000000002,6.758048953852867,-0.09424232684368652,-0.11101570592714076,0.006291782353043109,2.812087263034404,-0.3793968804650023
154.20000000000002,6.740432451698812,-0.09422199441021466,-0.10707650540981294,0.0063297306952813945,2.812872136191363,-0.3791350468690982
154.3,6.722596292410666,-0.09420456661009591,-0.10259566482135254,0.006380457560926451,2.8123642770898014,-0.3788732132731942
154.4,6.704628338842065,-0.09418713880997716,-0.09759164916418454,0.00644667354585244,2.8105636857297185,-0.3786184562609632
154.5,6.686704316700283,-0.09417552027656466,-0.09207061343911728,0.006530702017951502,2.8074934466157306,-0.37837077583240525
154.60000000000002,6.668956020265773,-0.09416971100985842,-0.08606333265019236,0.00663060683731352,2.803153559747838,-0.37813017198752047
154.70000000000002,6.65151524381899,-0.09416390174315217,-0.07960058180145141,0.006746000775956472,2.797567109630657,-0.3778966447263087
154.8,6.634513781640387,-0.09416099710979904,-0.07270698089612773,0.006876109377916311,2.790757180768804,-0.37767019404877006
154.9,6.61808342801042,-0.09416099710979904,-0.06542561493987958,0.007021319871175059,2.7827930266761287,-0.3774437433712314
155.0,6.602399908636361,-0.09416390174315217,-0.05779341393755694,0.007180470571786647,2.7736977318572476,-0.3772243692773658
155.10000000000002,6.587595017798663,-0.09416971100985842,-0.049847307894009735,0.007352399795805004,2.7634943808167765,-0.3769979185998272
155.20000000000002,6.573712686924146,-0.09417842490991779,-0.04164269181651289,0.007534009719373945,2.7522522270685656,-0.3767714679222885
155.3,6.560884710293262,-0.09418713880997716,-0.033216495709916354,0.007723751430565376,2.7400405241264636,-0.37653794066107676
155.4,6.549286813613286,-0.09419585271003654,-0.02462411458149505,0.00791968878946918,2.7269516100089364,-0.3763114899835381
155.5,6.538918996884215,-0.09420456661009591,-0.0159209434385239,0.008121821796085357,2.713031653725217,-0.37608503930599946
155.60000000000002,6.529956985813324,-0.09421328051015528,-0.007156222287469505,0.008323954802701535,2.6983729932937712,-0.37587274179580693
155.70000000000002,6.522356848973794,-0.09422199441021466,0.0016208088652015392,0.008524538897389619,2.6830910512376813,-0.37566044428561446
155.8,6.5162503806460785,-0.0942278036769209,0.010354755012214311,0.008723961308131632,2.6672089120615636,-0.375448146775422
155.9,6.511681512256997,-0.09423361294362714,0.01899637614710221,0.008920673122999483,2.650865082793117,-0.37524292584890256
156.0,6.50860631237973,-0.09423651757698027,0.027484122261781995,0.009115061569975194,2.6341288169461907,-0.37504478150605625
156.10000000000002,6.507068712441097,-0.09424232684368652,0.035781063351403714,0.009307513877040789,2.6170924525392505,-0.37484663716320993
156.20000000000002,6.507068712441097,-0.09424232684368652,0.043831804408692436,0.009496868360250196,2.5998714120953785,-0.3746343396530174
156.3,6.50860631237973,-0.09424523147703964,0.0515932604279899,0.009685448387495556,2.5825811181376577,-0.37442204214282493
156.4,6.511637580830179,-0.09424813611039277,0.05901619140282951,0.00987441564272294,2.5653600776937857,-0.3742097446326324
156.5,6.516074654938806,-0.09425685001045214,0.06606982232916964,0.010066867949788534,2.548254459772996,-0.37399744712243993
156.60000000000002,6.521873603278794,-0.09426265927715839,0.07270491320054367,0.010259707484836152,2.5314258559076044,-0.3737993027795936
156.70000000000002,6.528990494423326,-0.09427137317721776,0.07889684401371834,0.010452934247865793,2.5149204351068426,-0.3735940818530742
156.8,6.537337465518764,-0.09428299171063026,0.08460868476384367,0.010647322694841505,2.498853619893793,-0.37339593751022787
156.9,6.546738790857836,-0.09429751487739588,0.08982197044849471,0.010842485597781261,2.483340832791539,-0.37320486975105466
157.0,6.557150539013724,-0.09431494267751463,0.09450592606362983,0.011038035728703042,2.468428242809312,-0.3730138019918814
157.10000000000002,6.568396984279156,-0.09433237047763338,0.09864824160763236,0.011232424175678752,2.454208187965579,-0.3728227342327081
157.20000000000002,6.5803463323736775,-0.09435270291110524,0.10223660707888567,0.011423327570816254,2.4407499217741884,-0.3726245898898618
157.3,6.592910720443652,-0.09437303534457711,0.10525255747496477,0.011610745914115544,2.4281457822536066,-0.37241936896334243
157.4,6.60587049135499,-0.09439336777804898,0.10769609279586968,0.011793130293648531,2.416465022917683,-0.37222122462049606
157.5,6.619093850827237,-0.0944195094782271,0.10956105804079208,0.011972029621343309,2.405730728271034,-0.37202308027764974
157.60000000000002,6.632449004579937,-0.0944427465450521,0.11085976321134859,0.01214086102150548,2.396012151827508,-0.37183201251847653
157.70000000000002,6.64576022690582,-0.09446307897852396,0.11158605330673091,0.012297688354224928,2.3873554625963394,-0.37164094475930326
157.8,6.658851792097612,-0.09448341141199583,0.111758393329364,0.01244096270757356,2.3797837450821437,-0.3714569535838031
157.9,6.671591905874859,-0.0945037438454677,0.11137678327924787,0.01257029685356935,2.3733431682941544,-0.37127296240830293
158.0,6.6838048425302885,-0.09452117164558645,0.11047199816042413,0.012683754652302186,2.368033732232371,-0.37109604781647587
158.10000000000002,6.695402739210266,-0.09453569481235206,0.10905019297370112,0.012780561647808018,2.3638554368967934,-0.3709120566409757
158.20000000000002,6.706209870207517,-0.09454731334576456,0.10714214272312046,0.012859943384122802,2.360831366792038,-0.37072806546547554
158.3,6.716138372668406,-0.09455602724582393,0.10476631241110712,0.012925384913084743,2.359007690927339,-0.37053699770630233
158.4,6.725056452312479,-0.0945647411458833,0.1019473220408944,0.012976886234693846,2.358361324798078,-0.37035300653080216
158.5,6.7328762462861,-0.0945763596792958,0.09870979161571561,0.013019481312716411,2.3588922684042566,-0.3701760919389751
158.60000000000002,6.739597754589268,-0.09458507357935517,0.09507834113880402,0.013050072323296255,2.36062360625049,-0.3700062539308211
158.70000000000002,6.7450452515147115,-0.09459378747941455,0.0910899006150096,0.013072918774235632,2.36348608482293,-0.3698364159226671
158.8,6.749218737062431,-0.09460250137947392,0.08676909004756565,0.013089569577462634,2.367479704121576,-0.3696665779145131
158.9,6.752074279805607,-0.09461702454623953,0.08214668444051379,0.013103509784815474,2.3725813796418116,-0.3694967399063591
159.0,6.75361187974424,-0.09463154771300517,0.07725345879789565,0.013117062764186291,2.3787449423744036,-0.3693339784818782
159.10000000000002,6.753831536878331,-0.09465188014647703,0.07212018812375283,0.013132551883467224,2.3859242233101194,-0.36917829364107035
159.20000000000002,6.7526893197810605,-0.0946722125799489,0.06677764742212698,0.013149977142658274,2.394096137944343,-0.36901553221658945
159.3,6.750273091306065,-0.09470125891348014,0.061250456696251385,0.013170887453687533,2.4032145172678407,-0.36885277079210854
159.4,6.746626782880163,-0.09473030524701138,0.055575545950975996,0.01319605727251905,2.4132101077667634,-0.3687041625349738
159.5,6.741750394503355,-0.09476516084724887,0.04978369019034244,0.013225486599152823,2.4240367404318786,-0.36856263086151214
159.60000000000002,6.735687857602458,-0.09480292108083949,0.04389950941758401,0.013253754241840526,2.4355789927401035,-0.3684210991880505
159.70000000000002,6.728527035031108,-0.0948406813144301,0.03795377863674233,0.01327969851663609,2.4477906956822055,-0.3682866440982619
159.8,6.7203118582161245,-0.09488134618137384,0.03197111785105071,0.013302932195557489,2.4605564267351028,-0.36814511242480025
159.9,6.7111301900111435,-0.09491910641496445,0.02597614706374244,0.013322680822640678,2.473853101394178,-0.36801773391868475
160.0,6.7010698932698,-0.09495977128190819,0.01999964127885914,0.013340106081831728,2.4875422126317326,-0.36789035541256926
160.10000000000002,6.6901748994189125,-0.09500043614885192,0.01406006549882579,0.01335211014927445,2.501554506933918,-0.3677700534901268
160.20000000000002,6.678533071312118,-0.09504110101579567,0.008188194727684011,0.01335675688505873,2.515774561777651,-0.3676497515676844
160.3,6.666276203229869,-0.09507595661603316,0.0024024939678587783,0.013354433517166591,2.5302023771629325,-0.36752944964524203
160.4,6.653492158025804,-0.09511371684962378,-0.0032785717782249342,0.013346688957526125,2.544699446062063,-0.36742330089014574
160.5,6.64022486712674,-0.09514857244986126,-0.008836537508142152,0.013332361522191262,2.5591734304565774,-0.3673242287187226
160.60000000000002,6.626562193386312,-0.09518052341674563,-0.014246783218659577,0.01330912784326986,2.573578161337242,-0.3672251565472994
160.70000000000002,6.612635931084976,-0.09521247438363,-0.019490843907352236,0.013280472972600136,2.587798216180975,-0.3671260843758763
160.8,6.598490011649551,-0.09524152071716124,-0.0245625645734118,0.013247945822110176,2.6018105104831606,-0.3670340887881262
160.9,6.5841683665068516,-0.0952734716840456,-0.02943117021279665,0.013215805899602239,2.615499621720715,-0.3669491697840492
161.0,6.569846721364153,-0.09530542265092996,-0.03409050582469846,0.013187538256914537,2.628819380884407,-0.3668713273636453
161.10000000000002,6.555481144794636,-0.09534027825116746,-0.03852210640669226,0.013165079033957184,2.6417005344603863,-0.3667934849432414
161.20000000000002,6.541247362505574,-0.09537513385140495,-0.042713661957161385,0.013148815458712203,2.6540738289348034,-0.3667085659391644
161.3,6.527101443070148,-0.09541579871834868,-0.046640552472872555,0.013143394266963877,2.6658930952984257,-0.3666378001024336
161.4,6.513131249341994,-0.09545936821864555,-0.05030893295463409,0.01315075159862232,2.6770659955327876,-0.3665741108493758
161.5,6.49938071274793,-0.09550874698564867,-0.05368802839840436,0.013171274681669556,2.6875694451332723,-0.36652457476366423
161.60000000000002,6.485893764714776,-0.09555812575265177,-0.056771683803375037,0.013202640148213447,2.6973111060814143,-0.3664750386779526
161.70000000000002,6.472626473815711,-0.09561331378636113,-0.05955374416873781,0.013246009682200058,2.706221724863364,-0.36642550259224105
161.8,6.459710634331191,-0.09566850182007049,-0.0620157444920677,0.013300996055647371,2.714255132469889,-0.36638304309020253
161.9,6.4470583834075805,-0.0957294991204861,-0.06415152977255636,0.013367986496537407,2.7213882443963717,-0.3663476601718371
162.0,6.434757583898515,-0.09579340105425482,-0.0659487900085872,0.013446981004870167,2.7275518071289637,-0.3663122772534717
162.10000000000002,6.422764304377175,-0.09585730298802356,-0.06740137019935181,0.013535268984771484,2.7326996516584323,-0.3662839709187794
162.20000000000002,6.411122476270379,-0.09592410955514542,-0.0684908053424253,0.013630527068349224,2.7368086934801603,-0.36625566458408704
162.3,6.399788168151312,-0.09599091612226728,-0.06922325043861594,0.013731593571657312,2.739878932594148,-0.36623443483306783
162.4,6.388849242873606,-0.09605772268938913,-0.06958024048549877,0.013837694038731705,2.7418872844957796,-0.3662202816657216
162.5,6.378217837583628,-0.09612452925651098,-0.0695617754830738,0.013946117873698236,2.742787580175821,-0.3662132050820486
162.60000000000002,6.367937883708193,-0.09618843119027971,-0.06917401043214934,0.014052992796736675,2.7426259886435056,-0.3662132050820486
162.70000000000002,6.358009381247304,-0.09625233312404845,-0.06839848033030042,0.014159480491793091,2.741402509898834,-0.3662132050820486
162.8,6.348476261627778,-0.09631042579111093,-0.06725365017995202,0.014264806502903436,2.739094059437189,-0.36622735824939473
162.9,6.339294593422796,-0.09637142309152653,-0.0657272099794875,0.01437013251401378,2.73576989077242,-0.3662415114167409
163.0,6.330552239485995,-0.09642951575858902,-0.06383146973052349,0.014476232981088173,2.7314300039045274,-0.36625566458408704
163.10000000000002,6.322249199817375,-0.0964876084256515,-0.06157873943467664,0.014582720676144589,2.726120567842744,-0.3662768943351063
163.20000000000002,6.3143854744169365,-0.09654279645936087,-0.05896901909194696,0.014691918967075166,2.7198877515963025,-0.3662910475024525
163.3,6.307048926138315,-0.09660088912642335,-0.05602077370475942,0.014804215081861931,2.7128008086790523,-0.3663122772534717
163.4,6.300195623554693,-0.09665898179348584,-0.05274631327473067,0.014922319616379047,2.7049059081002262,-0.36634058358816407
163.5,6.293957360946523,-0.09671997909390144,-0.049170257805094014,0.015045845342644488,2.696226134364441,-0.3663759665065295
163.60000000000002,6.288290206886989,-0.09678097639431704,-0.04531107229827442,0.015172856120748139,2.6868076564809296,-0.3664113494248949
163.70000000000002,6.283238092802908,-0.09684487832808578,-0.04119953175831351,0.015305288090600118,2.6766966434589246,-0.36646088551060646
163.8,6.278888881547917,-0.09690878026185451,-0.036847946186827935,0.0154427540242184,2.665962348812275,-0.3665104215963181
163.9,6.275242573122015,-0.09697558682897636,-0.03230555559028429,0.015585641149585008,2.654627857045598,-0.3665670342657027
164.0,6.272343098952021,-0.09704239339609823,-0.027590824971107562,0.015733175010735897,2.6427393371681265,-0.36663072351876047
164.10000000000002,6.270234390464752,-0.09710919996322008,-0.022752994335764335,0.015883032239778924,2.6303198736844764,-0.36668025960447204
164.20000000000002,6.268960379087027,-0.09717891116369506,-0.017816683687487914,0.016034825608732067,2.6174618046131135,-0.3667368722738567
164.3,6.268521064818847,-0.09724862236417003,-0.012831133032744893,0.016186618977685214,2.6042112989632713,-0.3667864083595683
164.4,6.2690043105138455,-0.09731833356464502,-0.007839427377193548,0.016339574030584426,2.5906376102487987,-0.36685009761262605
164.5,6.270454047598843,-0.09738804476512,-0.0028908067273004773,0.016490205715591504,2.5767638229743124,-0.36692086344935687
164.60000000000002,6.272870276073838,-0.09745775596559499,0.0019777989120843727,0.01663425452490418,2.562705359662894,-0.3669987058697608
164.70000000000002,6.276252995938831,-0.09752456253271684,0.006717149534494404,0.016771720458522463,2.548439135809928,-0.3670765482901647
164.8,6.280690070047458,-0.09758846446648557,0.011271850132654693,0.016901441832500277,2.5341267429477288,-0.3671614672942417
164.9,6.286181498399721,-0.0976523664002543,0.015598815700906968,0.017023418646837624,2.5197450965716803,-0.3672463862983187
165.0,6.292727280995616,-0.09771626833402303,0.01964880623278463,0.017137650901534508,2.5054327037094817,-0.36733838188606877
165.10000000000002,6.300327417835147,-0.09777436100108551,0.02337873672262941,0.017242202456680806,2.491189564361132,-0.36743037747381885
165.20000000000002,6.30902584034513,-0.097832453668148,0.02673321216316638,0.017339009452186638,2.477084932040481,-0.3675082198942228
165.3,6.318778617098746,-0.09789054633521048,0.029675302549545594,0.017428459116034026,2.463280398279844,-0.3675860623146267
165.4,6.3296296795228155,-0.09794863900227296,0.03216192287610878,0.017514423728043207,2.449752878574604,-0.36767805790237673
165.5,6.341491164763701,-0.09800673166933545,0.034143833136389336,0.017596516060232152,2.436571626438611,-0.3677700534901268
165.60000000000002,6.354319141394584,-0.09806772896975106,0.03559641332715397,0.017672412744708724,2.4238058953857142,-0.36786912566155
165.70000000000002,6.368113609415466,-0.09812582163681353,0.036482733443552726,0.01774404992138304,2.41147876992053,-0.3679681978329732
165.8,6.382786705972709,-0.09818681893722915,0.03677201848154399,0.017812202046219146,2.3996595035569075,-0.3680743465880694
165.9,6.398250568212678,-0.09824781623764475,0.03643349343708613,0.017877256347199062,2.3883250117902306,-0.36818757192683876
166.0,6.414417333281737,-0.09831171817141349,0.035461003309370825,0.017938051140376728,2.377544548134348,-0.36830079726560805
166.10000000000002,6.431199138326249,-0.09837562010518222,0.03382377309435645,0.017993424741806062,2.367271943580028,-0.36839986943703124
166.20000000000002,6.44846418906576,-0.09843952203895096,0.031527957792851335,0.018044926063415165,2.357576451641119,-0.3684989416084544
166.3,6.466080691219815,-0.09850632860607281,0.028555092402430496,0.018091780649239986,2.348458072317621,-0.36860509036355066
166.4,6.48396078193478,-0.09857313517319466,0.02491748692471059,0.0181351501832266,2.339939890114151,-0.36871831570231994
166.5,6.501884804076562,-0.09863994174031653,0.020608986358883287,0.018170387929590723,2.3320219050307087,-0.3688315410410893
166.60000000000002,6.519808826218344,-0.09870384367408525,0.015660365708990216,0.018194008836494146,2.324704117067294,-0.36895184296353173
166.70000000000002,6.537469259799218,-0.09876774560785398,0.0100777799758397,0.01820717458788294,2.317986526223907,-0.369065068302301
166.8,6.554822173392365,-0.0988287429082696,0.003892004163473359,0.01820717458788294,2.3118922170051643,-0.3691924468084165
166.9,6.571603978436877,-0.0988897402086852,-0.002872341724875503,0.018195170520440215,2.306398104906449,-0.36931274873085895
167.0,6.587726812079118,-0.09894783287574768,-0.010172172683548615,0.018169613473626677,2.3015503589369946,-0.36944012723697445
167.10000000000002,6.603058880038632,-0.09900302090945703,-0.01797055870769603,0.01812934176349625,2.297325894592184,-0.36956042915941684
167.20000000000002,6.617380525181331,-0.09905530430981328,-0.026224414791659476,0.018076291529959054,2.293770880881251,-0.3696807310818593
167.3,6.630647816080395,-0.09910758771016952,-0.03487834592816402,0.018010075545033064,2.290908402308811,-0.3698081095879748
167.4,6.642685027028553,-0.09915696647717262,-0.04387695710993476,0.01793495331652054,2.2887846278840978,-0.3699425646777633
167.5,6.653404295172168,-0.09920634524417574,-0.053164853329696754,0.017848988704511362,2.287399557607111,-0.370084096351225
167.60000000000002,6.662673826230786,-0.09925572401117884,-0.06268048457936676,0.017752568936987553,2.28675319147785,-0.37022562802468667
167.70000000000002,6.67040575735077,-0.09930510277818196,-0.07236230085086154,0.017647242925877205,2.2868916985055487,-0.3703671596981483
167.8,6.676556157105304,-0.09935448154518507,-0.08214259713528951,0.017536108495036513,2.287815078690207,-0.37051576795528307
167.9,6.680993231213931,-0.09940386031218817,-0.09195982342456743,0.01742187624033963,2.2895695010410573,-0.3706714527960909
168.0,6.683716979676653,-0.09945904834589754,-0.10173396470818709,0.017306869529678703,2.292131881053483,-0.37082713763689873
168.10000000000002,6.684683471066651,-0.0995142363796069,-0.11140962597887354,0.01719031390708968,2.2955022187274845,-0.37098989906137964
168.20000000000002,6.683848773957107,-0.09957232904666938,-0.12090679222611857,0.017073758284500657,2.2997497675769116,-0.37115266048586054
168.3,6.681256819774839,-0.099633326347085,-0.13017006844264728,0.01695758988989366,2.304851443097147,-0.37132249849401455
168.4,6.676907608519848,-0.09970013291420685,-0.13913174961956806,0.016843357635196777,2.310761076278958,-0.3714994130858416
168.5,6.670801140192133,-0.0997669394813287,-0.14772413074798935,0.01672641478462573,2.317524836131578,-0.3716834042613418
168.60000000000002,6.662981346218512,-0.09983374604845055,-0.15589181682063627,0.016604825198270407,2.3251196381503902,-0.371874472020515
168.70000000000002,6.653536089452622,-0.09990345724892553,-0.1635732578294255,0.016478588876130802,2.3334993133261617,-0.37205846319601515
168.8,6.6425532327480985,-0.09997316844940052,-0.17072536876869882,0.016347318590224893,2.342663861658892,-0.37225660753886153
168.9,6.630032776104942,-0.1000428796498755,-0.1772927546311813,0.01621062711257066,2.352567114139349,-0.37245475188170785
169.0,6.616150445230424,-0.10011259085035047,-0.18323233041121464,0.01606619107527596,2.3632321552721494,-0.37265289622455416
169.10000000000002,6.600994102978182,-0.10018230205082546,-0.1885010111031406,0.015912461566412697,2.3745897315434426,-0.3728510405674005
169.20000000000002,6.584695543628669,-0.10025201325130044,-0.19307417670372587,0.01574866413001683,2.386662927457846,-0.3730562614939199
169.3,6.56738656146234,-0.10031591518506917,-0.1969210522089288,0.015574411538106332,2.39938248950151,-0.3732614824204393
169.4,6.549198950759649,-0.10038272175219103,-0.20002317261632446,0.01539163993059132,2.4127484176744347,-0.3734737799306318
169.5,6.530352368654687,-0.10044662368595976,-0.20236207292348785,0.015196864255633586,2.4266914584627703,-0.3736931540244974
169.60000000000002,6.510890746574271,-0.1005105256197285,-0.20392544312880234,0.0149912461971792,2.441188527361901,-0.373919604702036
169.70000000000002,6.491033741652493,-0.10056861828679096,-0.2047132832322679,0.014776334667156252,2.456170370857977,-0.3741389787959016
169.8,6.470957079596624,-0.10062961558720658,-0.20472559323388456,0.014555227489420931,2.4715908199417655,-0.37436542947344026
169.9,6.450792554687118,-0.10069061288762218,-0.20398083813607726,0.014330635259847402,2.4873806210994176,-0.37459188015097894
170.0,6.43071589263125,-0.1007516101880378,-0.20247901793884604,0.014104881346327801,2.5034705208170833,-0.37482540741219067
170.10000000000002,6.41090281913629,-0.10081551212180652,-0.20024475264542416,0.013879901888772247,2.5198143500855297,-0.37504478150605625
170.20000000000002,6.3914851284826915,-0.10088231868892839,-0.19730881725985328,0.013658407483054904,2.536296686381675,-0.37527123218359487
170.3,6.372682477804547,-0.10094912525605024,-0.19368967678455834,0.013443108725049934,2.552894445200903,-0.3755047594448066
170.4,6.354538798528675,-0.10102464572323147,-0.18943041622519763,0.0132367162106315,2.5694460350108974,-0.3757382867060184
170.5,6.3372298163623455,-0.10109726155705957,-0.18456181058581278,0.013034970431997346,2.58588220229781,-0.37598596713457627
170.60000000000002,6.320931257012833,-0.10117568665759392,-0.17913309987287038,0.012840969213003657,2.6021106090431743,-0.3762265709794611
170.70000000000002,6.305687051906954,-0.1012570163914814,-0.1731812140912204,0.01265393809768639,2.617992748219292,-0.37646717482434594
170.8,6.291628995325164,-0.101341250758722,-0.16674923824652105,0.012476587681919706,2.6334593663123136,-0.3767077786692308
170.9,6.278844950121099,-0.1014254851259626,-0.15989872234685565,0.012308917965703605,2.648418125303773,-0.37695545909778866
171.0,6.2674227791483945,-0.10151552875990945,-0.15266044139626578,0.012150928949038088,2.662730518165972,-0.37720313952634654
171.10000000000002,6.257406413833869,-0.1016055723938563,-0.14509594540283471,0.012000297264031012,2.676304206880445,-0.3774437433712314
171.20000000000002,6.248839785604341,-0.10169852066115627,-0.137254474373029,0.011856635682700357,2.6890699379333416,-0.3776914237997893
171.3,6.241810757313446,-0.10179146892845625,-0.12917911331250698,0.011719944205046122,2.700935373306197,-0.3779391042283472
171.4,6.236275397534365,-0.10188441719575622,-0.12092525722854355,0.011589835603086284,2.7117850904759284,-0.3781938612405782
171.5,6.232277637693919,-0.10197736546305619,-0.11252983612598863,0.01146127591305454,2.7215729204333035,-0.3784486182528092
171.60000000000002,6.229773546365288,-0.10206740909700304,-0.10404209001130885,0.011335814046878981,2.7302065251598555,-0.3786962986813671
171.70000000000002,6.228719192121654,-0.1021574527309499,-0.09550510389016247,0.011212675548595563,2.737616651141736,-0.3789510556935981
171.8,6.229114574963017,-0.10224459173154361,-0.08695580776739945,0.011093409330132378,2.7437340448650955,-0.3792058127058291
171.9,6.230827900608922,-0.10233463536549046,-0.07843113164786972,0.010979951531399542,2.748535621825317,-0.37946764630173313
172.0,6.233859169059371,-0.1024217743660842,-0.0699618505356149,0.010871914924415034,2.7519521285085515,-0.3797294798976372
172.10000000000002,6.23803265460709,-0.10250891336667792,-0.06157873943467664,0.010769299509178851,2.753960480410183,-0.3799842369098682
172.20000000000002,6.243304425825261,-0.10259605236727165,-0.0533002633474799,0.01067481588156516,2.754537593025594,-0.3802389939220992
172.3,6.249586619860248,-0.10268609600121849,-0.0451571972780663,0.010590787409466097,2.7536834663547856,-0.38050790410167634
172.4,6.256659579577962,-0.10277613963516534,-0.037161851228052496,0.010518375776827736,2.7513288468839074,-0.3807768142812535
172.5,6.264479373551582,-0.10286327863575907,-0.029332690199863454,0.010454483159793887,2.74754298812681,-0.38105280104450373
172.60000000000002,6.272914207500656,-0.10295622690305904,-0.021675869194307508,0.010400658470292643,2.7422566365696426,-0.38132171122408093
172.70000000000002,6.281744424291093,-0.1030462705370059,-0.014203698213001305,0.010358450620252101,2.735539045726256,-0.38159062140365807
172.8,6.290926092496075,-0.103142123437659,-0.006922332256753166,0.010329408521600351,2.727413300101265,-0.3818666081669083
172.9,6.300283486408329,-0.10323797633831208,0.0001743836752452311,0.010314693858283465,2.717902484199288,-0.38214259493015856
173.0,6.309684811747401,-0.10333673387231831,0.007074139581377237,0.010311983262409301,2.70702968252494,-0.38242565827708186
173.10000000000002,6.319042205659655,-0.10343549140632453,0.013776935461642853,0.01032011505003179,2.6948872330966873,-0.3827016450403321
173.20000000000002,6.328223873864636,-0.10353424894033075,0.020295081317658725,0.010337927537204864,2.6815674739329953,-0.38297763180358235
173.3,6.337141953508709,-0.1036359111076901,0.02662857714942486,0.010365420723928521,2.6671396585477143,-0.38326069515050565
173.4,6.34566465031142,-0.10374047790840257,0.03277742295694125,0.01040027124231062,2.651696124959309,-0.38355791166477515
173.5,6.353791964272767,-0.10383923544240879,0.03874777374101623,0.010437057900602837,2.635329211186246,-0.38384805159537155
173.60000000000002,6.3613481696854794,-0.10394089760976814,0.04454578450245811,0.010476555154769217,2.6181774242562237,-0.38413819152596795
173.70000000000002,6.368421129403193,-0.10403965514377436,0.05017145524126689,0.010516826864899641,2.6003100176830913,-0.38443540804023746
173.8,6.374879049145452,-0.10413841267778058,0.05563094095825092,0.010558260258976139,2.5819116675037805,-0.38473970113818
173.9,6.3807219289122585,-0.1042371702117868,0.0609303966542185,0.010598531969106564,2.5630516272321406,-0.3850439942361226
174.0,6.385949768703612,-0.1043330231124399,0.06606982232916964,0.01063531862739878,2.5438914884004875,-0.3853482873340652
174.10000000000002,6.3905625685195115,-0.104428876013093,0.07104306298229601,0.010668233005870763,2.5245928425411353,-0.3856384272646616
174.20000000000002,6.394648191213594,-0.10452182428039297,0.07585627361440593,0.010697662332504536,2.505294196681783,-0.385928567195258
174.3,6.398162705359042,-0.10461477254769294,0.0805032992246911,0.010726317203174263,2.4861340578501294,-0.38623286029320053
174.4,6.40119397380949,-0.10470772081499292,0.08498413981315149,0.010753035933933872,2.4672740175784895,-0.38653715339114314
174.5,6.403785927991758,-0.1048006690822929,0.08929264037897879,0.010773171788999085,2.448829498389946,-0.3868414464890857
174.60000000000002,6.405982499332663,-0.10489361734959286,0.09342264592136468,0.01078866090828002,2.4309620918168138,-0.38715281617070135
174.70000000000002,6.407915482112659,-0.10498947025024596,0.09736184643869249,0.010799890519758696,2.413787220382175,-0.387464185852317
174.8,6.409628807758565,-0.10508241851754593,0.10109793192934559,0.010807635079399162,2.3973972221044955,-0.3877826321176057
174.9,6.411210339124016,-0.10517827141819903,0.10461859239170733,0.010811507359219395,2.38195368851609,-0.3881010783828945
175.0,6.412704007635831,-0.10527702895220525,0.1079238278257777,0.010810732903255349,2.3675489576354254,-0.38841952464818325
175.10000000000002,6.414285539001282,-0.10537288185285835,0.11098286322751509,0.010803762799578929,2.3542753674809664,-0.3887238177461258
175.20000000000002,6.415998864647189,-0.10547163938686457,0.11378338859530283,0.010791371504154181,2.3422714250804124,-0.38902811084406835
175.3,6.417975778854003,-0.10557330155422393,0.11631309392752429,0.010773171788999085,2.331629468452229,-0.389339480525684
175.4,6.420304144475361,-0.10567496372158326,0.11854735922094616,0.010748776426131616,2.3224418356148817,-0.38965085020729967
175.5,6.423027892938083,-0.10577953052229574,0.1204738744739518,0.010712764223803446,2.314754695577604,-0.38996929647258843
175.60000000000002,6.426278818522622,-0.10588119268965508,0.1220680196833079,0.010666296865960647,2.308660386358861,-0.39028774273787714
175.70000000000002,6.430144784082614,-0.10598285485701443,0.12331132984658949,0.010607050984711078,2.3042050769678863,-0.3906061890031659
175.8,6.43462578961806,-0.1060874216577269,0.1241853399613716,0.010534639352072715,2.301411851909296,-0.3909246352684546
175.9,6.439853629409413,-0.10618908382508625,0.12467158502522925,0.010448287512081513,2.3003499646969394,-0.3912501581174164
176.0,6.445828303456674,-0.10628784135909247,0.12475160003573747,0.010344897640881284,2.3009963308262,-0.39155445121535903
176.10000000000002,6.45259374318666,-0.10638659889309869,0.12440691999047129,0.010226793106364169,2.3033971193063105,-0.3918587443133016
176.20000000000002,6.460237811453009,-0.10648535642710491,0.12361907988700573,0.010093586680548144,2.3075292456326553,-0.3921559608275711
176.3,6.468672645402083,-0.10658411396111113,0.12237576972372413,0.009949150643253442,2.3133927098052336,-0.39246025392551365
176.4,6.477986107887519,-0.10668287149511736,0.12065852449820154,0.009791548854569948,2.320964427319429,-0.3927645470234562
176.5,6.488090336055681,-0.10678162902912358,0.11846118920962961,0.009620394086515638,2.3301751446613927,-0.3930617635377257
176.60000000000002,6.49894139847975,-0.1068803865631298,0.11577145385639172,0.009437622479000627,2.340955608317275,-0.3933589800519952
176.70000000000002,6.5105392951597265,-0.10697914409713602,0.11258316343767952,0.009243621260006938,2.3532365647732263,-0.39365619656626466
176.8,6.522796163241974,-0.10707790163114224,0.10889631795349301,0.009041875481372785,2.366971845020014,-0.39395341308053416
176.9,6.535668071299676,-0.10717956379850159,0.1047109174038322,0.008833934055026258,2.3820229420299395,-0.39424355301113057
177.0,6.548979293625559,-0.10728122596586094,0.10003311678950541,0.008621733120877474,2.398297517784537,-0.39453369294172697
177.10000000000002,6.562685898792804,-0.10738579276657341,0.09486291611051266,0.00840720881883655,2.4157263187699565,-0.3948167562886503
177.20000000000002,6.576700023947776,-0.107493264200639,0.08921262536847056,0.008192297288813603,2.434217006967733,-0.3951068962192467
177.3,6.59088987481002,-0.10760364026805772,0.08310686456661245,0.007981258038610889,2.4536079908455513,-0.3954041127335162
177.4,6.605123657099083,-0.10771692096882957,0.07655794370655496,0.007769444332444129,2.473806932384945,-0.3956942526641126
177.5,6.619269576534509,-0.1078302016696014,0.06958432779072304,0.007556081714349275,2.494698409062832,-0.395984392594709
177.60000000000002,6.633195838835845,-0.10794638700372637,0.06222294682396669,0.007344655236164538,2.516166998356131,-0.3962674559416323
177.70000000000002,6.646814581149454,-0.10806547697120446,0.05449842080951917,0.007137101037800034,2.5380972777417585,-0.3965575958722287
177.8,6.659950077768064,-0.10818747157203568,0.04644767975223044,0.0069357424871479036,2.5603507401920163,-0.3968548123864982
177.9,6.672514465838039,-0.10831237080622001,0.03810765365695045,0.006740579584208146,2.582811963183822,-0.3971661820681139
178.0,6.684288088225288,-0.10843727004040436,0.029521427529337476,0.006549288961088621,2.6053424396894775,-0.39747755174972954
178.10000000000002,6.695270944929812,-0.10856507390794182,0.02073208637504978,0.006359160021915168,2.6278036626812833,-0.3977889214313452
178.20000000000002,6.705243378817519,-0.10869287777547929,0.011782715199745645,0.006170579994669806,2.650149463150007,-0.39810029111296086
178.3,6.714117527034774,-0.10882068164301675,0.0027225540098916633,0.005984323335316586,2.6721489960494837,-0.39842581396192267
178.4,6.72180552672794,-0.10894558087720109,-0.0063930021872372405,0.005798841131927412,2.693733007865865,-0.3987584133945576
178.5,6.728175583616564,-0.10907338474473856,-0.015508558384366143,0.005612584472574191,2.7148091605806837,-0.3990768596598463
178.60000000000002,6.733183766273826,-0.10919537934556976,-0.024581029575836775,0.00542865118111311,2.7352158626616254,-0.39940238250880816
178.70000000000002,6.736698280419274,-0.10932027857975411,-0.03354271075275756,0.005248977397454286,2.7549069450994574,-0.399734981941443
178.8,6.738675194626088,-0.10944517781393845,-0.042350516909470226,0.0050762737174718815,2.7736977318572476,-0.4000888111250972
178.9,6.739070577467451,-0.1095729816814759,-0.050936743037083204,0.004912476281076014,2.7914958849165306,-0.4004426403087513
179.0,6.737752634662908,-0.10969788091566025,-0.05924599412832157,0.004756036176338589,2.8081628972496073,-0.4008035460760786
179.10000000000002,6.73472136621246,-0.10982278014984459,-0.06723518517752705,0.004609276771151747,2.8236525998472457,-0.4011715284270789
179.20000000000002,6.729976772116106,-0.10995058401738206,-0.07484276617661641,0.004476457573317746,2.8378726546909787,-0.4015465873617523
179.3,6.7234749209470275,-0.11008129251827264,-0.08201949711912301,0.004358740266782654,2.850707639257725,-0.4019287228800988
179.4,6.715215812705226,-0.11021490565251635,-0.08870998299777198,0.004255737623564449,2.862111384538251,-0.40231085839844527
179.5,6.705243378817519,-0.11034851878676007,-0.09488344880852168,0.004168224099627177,2.8720146370187085,-0.40269299391679175
179.60000000000002,6.693601550710724,-0.11048213192100377,-0.10047834454328884,0.004099297518827025,2.88039431219448,-0.40307512943513824
179.70000000000002,6.680290328384841,-0.11062155432195374,-0.10547005019884019,0.0040532173889662486,2.887181156551716,-0.40347141812083087
179.8,6.6653975746935075,-0.11076678598960994,-0.10981548076951743,0.004030758166008896,2.892352085585801,-0.40386770680652356
179.9,6.649011152490359,-0.11091492229061928,-0.11348386125127896,0.0040299837100448484,2.895907099296734,-0.40427814865956235
180.0,6.631218924629031,-0.11106596322498173,-0.11645057164089148,0.004050894021074109,2.897800028675283,-0.4046815139289281
180.10000000000002,6.61210875396316,-0.11121990879269732,-0.11869099193512167,0.0040950380110247675,2.898100127235297,-0.40509903236564
180.20000000000002,6.591856366200018,-0.11137966362711915,-0.1201928121323529,0.004157768944112547,2.8967843104721593,-0.405523627386025
180.3,6.570593555620061,-0.11153941846154097,-0.12094372223096853,0.004242571872175656,2.893898747395103,-0.40595529899008304
180.4,6.548452116503741,-0.11170207792931593,-0.12094372223096853,0.004342863919519698,2.889466522508745,-0.4063940471778142
180.5,6.525607774558333,-0.11186473739709088,-0.12018665713154458,0.004457483402198603,2.8835799738315497,-0.40683987194921845
180.60000000000002,6.5022801869179245,-0.11203030149821896,-0.11867868193350503,0.004586043092230348,2.876239101363519,-0.40728569672062265
180.70000000000002,6.47864507928979,-0.11219586559934704,-0.11643826163927483,0.004727381305668863,2.8675593276277334,-0.4077385980757
180.8,6.454966040234837,-0.11236142970047512,-0.11348386125127896,0.004879949130586054,2.85763299064266,-0.4081914994307773
180.9,6.431374864033521,-0.11252699380160319,-0.10983394577194242,0.005041810427071805,2.846552428426764,-0.4086444007858546
181.0,6.408135139246749,-0.11269255790273128,-0.10551313520449845,0.005209092915305883,2.834386894493895,-0.4090902255572588
181.10000000000002,6.385510454435431,-0.11285521737050623,-0.10056451455460538,0.005382183823270311,2.821321064880984,-0.40952897374499
181.20000000000002,6.363764398160474,-0.1130207814716343,-0.09501885882630481,0.005559147011054972,2.8074241931018813,-0.40997479851639423
181.3,6.343072696129152,-0.11318344093940925,-0.08893156302687168,0.005742305846552006,2.792857870688901,-0.41043477645514465
181.4,6.323655005475555,-0.11334610040718421,-0.0823395571611559,0.005927013593977133,2.777737520165126,-0.41088767781022195
181.5,6.3058188461874085,-0.11350585524160604,-0.0752920812356241,0.0061124957973663074,2.7621554795490226,-0.41134765574897236
181.60000000000002,6.28965208111835,-0.113668514709381,-0.06785684025916786,0.006299526912683575,2.746273340372905,-0.4118147102713958
181.70000000000002,6.275462230256106,-0.11382826954380282,-0.060089229239062056,0.006487332483964889,2.7302065251598555,-0.41228176479381934
181.8,6.26338108788113,-0.11399092901157777,-0.05203848818177333,0.00667707419515632,2.7140473719283404,-0.4127488193162428
181.9,6.253584379700695,-0.11415358847935274,-0.04378463209780989,0.006869139274239891,2.6979343877060584,-0.41321587383866626
182.0,6.246159968568437,-0.11431624794712769,-0.03537690099363833,0.007063140493233578,2.681936826006859,-0.41367585177741667
182.10000000000002,6.24123964876481,-0.11448181204825576,-0.026882999878150217,0.007259852308101429,2.666216278363056,-0.414128753132494
182.20000000000002,6.23895521457027,-0.11465028078273697,-0.018382943761853787,0.007458500262879396,2.650865082793117,-0.4145816544875713
182.3,6.239350597411632,-0.11481874951721817,-0.009925972651215626,0.007659471585549504,2.63595249281089,-0.41503455584264864
182.4,6.242381865862081,-0.11498721825169937,-0.0015859465559356376,0.00785811954032747,2.621570846434842,-0.41548745719772595
182.5,6.248136882775251,-0.11515859161953369,0.00658173951671126,0.008053282443267229,2.6078124816834376,-0.41593328196913015
182.60000000000002,6.256571716724325,-0.11532996498736803,0.014497070556216844,0.008244573066386752,2.5946773985566773,-0.4163861833242075
182.70000000000002,6.267598504855667,-0.11550133835520235,0.022116961556922842,0.00843160418170402,2.5822579350730273,-0.4168320080956117
182.8,6.28112938431564,-0.11567271172303667,0.02937370750993768,0.008612826877290938,2.57060026024172,-0.417284909450689
182.9,6.297076492250608,-0.115844085090871,0.03621806840879477,0.008786305013237388,2.5597043740627554,-0.4177307342220933
183.0,6.315351965806935,-0.11601255382535221,0.04258849424541085,0.008950102449633256,2.5495933610407504,-0.4181553292424783
183.10000000000002,6.335692216423713,-0.11618102255983341,0.04844805501493597,0.009104606414460564,2.5403133901849375,-0.4185799242628632
183.20000000000002,6.358053312674122,-0.11634949129431461,0.05374135571009523,0.009252140275611453,2.53191063050455,-0.4189974426995751
183.3,6.382215597424074,-0.11652086466214893,0.05843146632603866,0.009394252945014014,2.5243158284857374,-0.4194220377199601
183.4,6.407915482112659,-0.11668933339663014,0.06248761185872465,0.009526684914865993,2.5175520686331176,-0.419839556156672
183.5,6.4349772410326045,-0.11685489749775821,0.06587901730411157,0.009649436185167387,2.5115962664420737,-0.4202570745933839
183.60000000000002,6.463181217049821,-0.11702336623223941,0.06856875265734946,0.009762893983900222,2.5064484219126055,-0.42066751644642275
183.70000000000002,6.492307753030217,-0.1171889303333675,0.07055066291763003,0.009867058311064497,2.502016197026247,-0.4210708817157885
183.8,6.522137191839703,-0.11735449443449557,0.07179397308091162,0.009964252534552354,2.4982995917829984,-0.4214813235688273
183.9,6.552362013490551,-0.11751715390227052,0.07229868314719425,0.010053702198399742,2.4952293526690106,-0.42187761225452
184.0,6.582806492275491,-0.1176827180033986,0.07206479311647791,0.01013734344251678,2.4927593106750505,-0.4222739009402126
184.10000000000002,6.613207039633612,-0.11784828210452668,0.07107999298714596,0.010216337950849539,2.490843296791885,-0.42266311304223214
184.20000000000002,6.643343998430824,-0.11801384620565476,0.06935659276081503,0.010293396319272181,2.4894120575056653,-0.42305940172792483
184.3,6.673041642959856,-0.11817941030678283,0.0669069024391018,0.010370067459712801,2.4883963393025414,-0.4234627669972906
184.4,6.70199245323298,-0.11834787904126404,0.06374323202362289,0.01044209186436914,2.4877268886686643,-0.4238590556829832
184.5,6.730064634969742,-0.11851344314239212,0.0598840465168033,0.01051063121718727,2.4873344520901846,-0.4242482677850028
184.60000000000002,6.757038531036051,-0.11868191187687332,0.05536012092268463,0.010577621658077305,2.4871497760532533,-0.42463747988702233
184.70000000000002,6.782694484297818,-0.1188474759780014,0.05018992024369187,0.01064461209896734,2.4871266915486365,-0.425033768572715
184.8,6.806944631901406,-0.11901884934583572,0.04441652948548329,0.010713925907749515,2.4871728605578696,-0.42543005725840766
184.9,6.829569316712725,-0.11918731808031692,0.038070723652100506,0.010784014172495738,2.487242114071719,-0.4258263459441003
185.0,6.850480675878138,-0.11935578681479812,0.031195587749201798,0.010853327981277914,2.487265198576335,-0.42622263462979293
185.10000000000002,6.869502983690372,-0.11952716018263246,0.02384036178325376,0.01092380347400616,2.487195945062486,-0.42662599989915867
185.20000000000002,6.886548377295792,-0.11969562891711366,0.016048130759914674,0.010993117282788336,2.4870112690255546,-0.4270364417521975
185.3,6.901572925267581,-0.11986409765159485,0.00787428968645945,0.011060882179642418,2.4866650014563074,-0.4274468836052363
185.4,6.9144887647521,-0.12003256638607605,-0.0006319214306453067,0.011125549252640313,2.4861109733455127,-0.42785024887460205
185.5,6.925251964322533,-0.12019813048720414,-0.009415107584124676,0.011187505729764046,2.4853261001885536,-0.4282536141439678
185.60000000000002,6.933862523978879,-0.12036369458833221,-0.018419873766703735,0.011249849434869803,2.4843103819854297,-0.4286569794133335
185.70000000000002,6.940232580867503,-0.1205292586894603,-0.02757851496949091,0.011314516507867698,2.483040734231525,-0.42906034468269927
185.8,6.9444060664152225,-0.12069482279058837,-0.03684179118601961,0.011383055860685828,2.4814709879176062,-0.42947786311941116
185.9,6.946470843475673,-0.12086329152506957,-0.04614199740739825,0.01145430580937812,2.479647312052907,-0.42988830497244995
186.0,6.946382980622037,-0.12102885562619765,-0.0554175836255436,0.011528266353944576,2.47754662213281,-0.4302987468254888
186.10000000000002,6.944274272134768,-0.12119732436067886,-0.06461315483318072,0.011606873634295311,2.4752150871665486,-0.4307091886785276
186.20000000000002,6.940232580867503,-0.12136869772851318,-0.07366716102222638,0.01169283824630449,2.4726065381448894,-0.4311337836989126
186.3,6.934301838247061,-0.12154297572970063,-0.08251805218459732,0.011785772961990088,2.4697671440770663,-0.43156545530297064
186.4,6.926569907127076,-0.12171725373088808,-0.09111658831382695,0.011881031045567828,2.4666969049630785,-0.43199005032335563
186.5,6.917212513214822,-0.12189153173207554,-0.09940737440264034,0.0119801614089658,2.4633727362983096,-0.43241464534374063
186.60000000000002,6.906317519363935,-0.12206580973326298,-0.10733501544376257,0.012081615140255911,2.4598408070919926,-0.4328463169477987
186.70000000000002,6.894016719854869,-0.12224008773445043,-0.11485027143072706,0.012188102835312327,2.4561011173441276,-0.4332709119681837
186.8,6.880485840394895,-0.122417270368991,-0.1219100573578755,0.012299624494135046,2.4521767515593313,-0.43370258357224173
186.9,6.865812743837652,-0.1225973576368847,-0.1284651332187413,0.012413856748831926,2.4480446252329866,-0.43412717859262673
187.0,6.850217087317229,-0.12277454027142527,-0.1344908790100912,0.012531186827384995,2.443750907374327,-0.4345446970293386
187.10000000000002,6.83383066511408,-0.12295172290596586,-0.13994420972626692,0.012649678589884134,2.439341766992585,-0.4349692920497236
187.20000000000002,6.816785271508659,-0.12313181017385955,-0.14480050536403513,0.012768557580365296,2.4348402885923774,-0.4353938870701086
187.3,6.79925663220824,-0.12330899280840013,-0.1490289909193542,0.012887049342864434,2.4302464721737036,-0.43581848209049356
187.4,6.781464404346912,-0.1234861754429407,-0.1526112013897992,0.013000894369579291,2.4256295712504135,-0.43623600052720546
187.5,6.7634964507783115,-0.12366335807748127,-0.15554098177456174,0.01311125434445594,2.4209665013178907,-0.43666059554759046
187.60000000000002,6.745528497209711,-0.12383763607866873,-0.15779986707121693,0.013217742039512356,2.4163496003946006,-0.43708519056797546
187.70000000000002,6.727692337921565,-0.12401191407985618,-0.15938170227895637,0.01331958299878449,2.4117788684805435,-0.4375168621720335
187.8,6.710207630047964,-0.1241832874476905,-0.16029264239858843,0.0134160027663083,2.4073004745849524,-0.4379343806087454
187.9,6.693206167869361,-0.12435466081552483,-0.16052653242930476,0.013504677974191642,2.4029605877170597,-0.4383518990454573
188.0,6.676775814239394,-0.1245202249166529,-0.16010183737353037,0.013586770306380587,2.3987822923814823,-0.43874818773115
188.10000000000002,6.661092294865334,-0.12468869365113411,-0.15903086723288187,0.01366382867480323,2.3948810111013024,-0.4391444764168426
188.20000000000002,6.646331335454454,-0.12485716238561531,-0.1573259320089759,0.013738950903315755,2.391233659371903,-0.43954784168620836
188.3,6.632536867433573,-0.12502563112009651,-0.15501165170504583,0.013811362535954119,2.387932575211751,-0.4399512069555741
188.4,6.619840685083144,-0.12519409985457772,-0.15210649132351656,0.013878740204826177,2.384977758620845,-0.44035457222493984
188.5,6.60841851411044,-0.12536256858905892,-0.1486535358700464,0.01394302004984205,2.3824384631130355,-0.4407508609106325
188.60000000000002,6.59827035451546,-0.12553103732354012,-0.1446712503470603,0.014005363754947805,2.380291604183706,-0.4411471495963251
188.70000000000002,6.589484069151841,-0.12570241069137444,-0.14019656475940823,0.014066933004089515,2.3785833508420886,-0.4415434382820178
188.8,6.582147520873219,-0.12587668869256188,-0.13527256411274846,0.014127340569285154,2.3773367875928,-0.44193265038403734
188.9,6.576348572533231,-0.12604806206039623,-0.1299300234111226,0.0141861992225527,2.3765288299312246,-0.4423077093187108
189.0,6.572043292705058,-0.1262252446949368,-0.12421818266099727,0.014245057875820246,2.3761825623619774,-0.442668615086038
189.10000000000002,6.569319544242336,-0.12640242732947737,-0.11818012686803073,0.014304690985051839,2.3763210693896766,-0.4430295208533652
189.20000000000002,6.568221258571883,-0.12658251459737108,-0.11184663103626459,0.014365873006211524,2.376921266509704,-0.44339750320436555
189.3,6.568660572840065,-0.12676260186526478,-0.10527924517378212,0.01442473165947907,2.377983153722061,-0.4437654855553659
189.4,6.570681418473697,-0.12694268913315848,-0.09850874428462493,0.014477394665034242,2.3795067310267464,-0.44411931473902
189.5,6.574195932619144,-0.12712277640105216,-0.09158436837525963,0.014524636478841089,2.3814458294145284,-0.4444731439226742
189.60000000000002,6.579291978130043,-0.12730286366894586,-0.0845553574521528,0.014564520960989492,2.38377736438079,-0.44482697310632835
189.70000000000002,6.5857498978723035,-0.12748004630348644,-0.07746479652096273,0.014597822567443498,2.386478251420914,-0.4451737257063094
189.8,6.59365755469956,-0.12765722893802703,-0.07034961558653936,0.014623766842239061,2.389548490534902,-0.4455134017226174
189.9,6.602839222904541,-0.12783150693921447,-0.06325289965454096,0.014639643189502017,2.392918828208904,-0.4458389245715792
190.0,6.61325097106043,-0.1280057849404019,-0.056217733730625816,0.014647387749142484,2.396566179938303,-0.44615737083686796
190.10000000000002,6.624848867740407,-0.12817715830823626,-0.04928104781964386,0.01464467715326832,2.400513630227716,-0.44647581710215667
190.20000000000002,6.637413255810381,-0.12834562704271743,-0.042479771926445045,0.014635770909681784,2.404668841058677,-0.4467871867837723
190.3,6.650988066697173,-0.12851409577719863,-0.03584468105507101,0.014618732878472757,2.409031812431186,-0.4471056330490611
190.4,6.665353643266689,-0.12867965987832672,-0.029412705210371676,0.014592788603677194,2.41355637533601,-0.44740992614700364
190.5,6.680378191238478,-0.1288452239794548,-0.023214619396388688,0.014560648681169259,2.418150191754684,-0.4477142192449462
190.60000000000002,6.695973847758901,-0.12900788344722974,-0.017268888615547012,0.01452347479489502,2.4228132616872067,-0.4480185123428888
190.70000000000002,6.712008818547505,-0.12917344754835783,-0.01160013287107995,0.01448397754072864,2.42747633161973,-0.44831572885715826
190.8,6.728351309323836,-0.1293361070161328,-0.006226817165412473,0.014444867514544282,2.432047063533787,-0.44861294537142776
190.9,6.744825594380622,-0.12950167111726085,-0.0011735615017778817,0.014405757488359927,2.4365023729247617,-0.44889600871835106
191.0,6.761343810864225,-0.12966433058503582,0.0035534791190154997,0.01437013251401378,2.4407499217741884,-0.4491790720652744
191.10000000000002,6.777730233067373,-0.12983279931951702,0.007941994695351022,0.014340703187380007,2.4447666255774507,-0.4494621354121977
191.20000000000002,6.793809135282796,-0.13000417268735134,0.011985830226420361,0.014319405648368725,2.4484370618114664,-0.44974519875912106
191.3,6.809536586083674,-0.13017264142183255,0.015684985712223515,0.014301980389177675,2.4517150614670022,-0.45002826210604435
191.4,6.8247368597627345,-0.13034401478966687,0.019039461152760485,0.014287652953842812,2.4545082865255927,-0.45029717228562155
191.5,6.839278162039523,-0.1305153881575012,0.02204925654803127,0.014277197798328181,2.4567705679780047,-0.4505590058815256
191.60000000000002,6.853028698633587,-0.1306838568919824,0.024720526898844197,0.014271776606579856,2.4584557368150057,-0.4508208394774297
191.70000000000002,6.865944538118106,-0.13085813489316986,0.027065582206815913,0.014273325518507948,2.4594714550181296,-0.4510826730733338
191.8,6.877893886212628,-0.13102950826100418,0.029090577472754744,0.014279521166220322,2.4597946380827596,-0.4513445066692378
191.9,6.888832811490333,-0.1312008816288385,0.03082013269989399,0.014288040181824835,2.459356032495047,-0.4515992636814688
192.0,6.8986734510975865,-0.13137225499667282,0.03226040288904197,0.014299269793303511,2.4581325537503753,-0.4518540206936998
192.10000000000002,6.907371873607569,-0.13154072373115402,0.033436008043432,0.014311273860746234,2.456170370857977,-0.4521087777059308
192.20000000000002,6.9148841475934635,-0.1317062878322821,0.0343592581646807,0.014324826840117051,2.45335406129477,-0.45236353471816176
192.3,6.9212102730552685,-0.1318718519334102,0.035060928256829715,0.014337218135541797,2.449752878574604,-0.45261829173039275
192.4,6.926394181419804,-0.13203451140118513,0.03555948332230402,0.014347673291056427,2.4453668226974785,-0.4528659721589507
192.5,6.93039194126025,-0.13219426623560698,0.03587338836352858,0.014358902902535104,2.4401728091587773,-0.4531065760038355
192.60000000000002,6.933247484003426,-0.1323511164366757,0.0360272633837367,0.014372068653923898,2.4342400914723497,-0.4533471798487203
192.70000000000002,6.93500474107615,-0.1325108712710975,0.03605188338697,0.014388332229168877,2.4275686696381955,-0.45358778369360514
192.8,6.935707643905239,-0.1326677214721662,0.03595955837484513,0.014408080856252066,2.4201816281609316,-0.45382838753849
192.9,6.935487986771149,-0.13282457167323491,0.035781063351403714,0.014430927307191444,2.412148220554407,-0.4540619147997017
193.0,6.934389701100697,-0.13298142187430362,0.035528708318262395,0.01445725880996903,2.4035146158278544,-0.4542883654772404
193.10000000000002,6.932500649747519,-0.13313827207537232,0.035227113278654486,0.014488624276512919,2.3943269829905076,-0.454514816154779
193.20000000000002,6.929952626992069,-0.13329802690979417,0.03490089823581328,0.014527347074715253,2.384654575556215,-0.4547483434159908
193.3,6.926789564261166,-0.133457781744216,0.03455621819054709,0.014569554924755795,2.3745435625342095,-0.4549818706772025
193.4,6.923231118688901,-0.1336146319452847,0.03421769314608923,0.0146144733706705,2.3640170284291084,-0.45520832135474115
193.5,6.9193212217020905,-0.13377438677970652,0.033891478103248024,0.014661715184477347,2.3531903957639932,-0.45544184861595294
193.60000000000002,6.915147736154371,-0.13393414161412837,0.033589883063640115,0.01471089313819431,2.3421098335480974,-0.45566829929349156
193.70000000000002,6.910974250606652,-0.1340968010819033,0.03332521802888215,0.014762394459803412,2.330867679799886,-0.45589474997103024
193.8,6.906800765058934,-0.13425655591632513,0.03309748299897414,0.014813895781412515,2.3194870190239762,-0.4561141240648958
193.9,6.902759073791669,-0.13441340611739383,0.032912832974724394,0.014863073735129477,2.30808327374345,-0.45631934499141524
194.0,6.89906883393895,-0.13457316095181568,0.032783577957749575,0.0149099283209543,2.2967949509860057,-0.45651748933426156
194.10000000000002,6.89581790835441,-0.1347329157862375,0.0326912529456247,0.014952136170994843,2.285668219760877,-0.4567085570934348
194.20000000000002,6.893138091318507,-0.1348897659873062,0.032642012939158103,0.014990858969197175,2.274795418086529,-0.4569137780199542
194.3,6.8910733142580565,-0.1350437115550218,0.03262970293754146,0.015018352155920832,2.2643150529906606,-0.45710484577912747
194.4,6.88984323430715,-0.13519765712273737,0.032642012939158103,0.015035390187129858,2.2542963779871212,-0.4572959135383007
194.5,6.889447851465786,-0.13534869805709981,0.03267278794319973,0.015041198606860208,2.2448548155989934,-0.45748698129747395
194.60000000000002,6.889975028587604,-0.13549973899146228,0.03270971794804968,0.015036551871075929,2.2360365348355096,-0.45767804905664716
194.70000000000002,6.891556559953055,-0.1356478752924716,0.0327404929520913,0.01502144997977702,2.227956958219752,-0.45786911681582043
194.8,6.89419244556214,-0.13579601159348095,0.0327404929520913,0.014994344021035385,2.2207084237701866,-0.4580460314076475
194.9,6.897970548268497,-0.13593833862778404,0.03270356294724135,0.014954459538886983,2.2142909314868136,-0.4582017162484553
195.0,6.902846936645306,-0.13608357029544024,0.03261123793511648,0.01490411990122395,2.2088891574065643,-0.45835740108926315
195.10000000000002,6.908953404973021,-0.13622880196309645,0.03243889791248339,0.014845648475938427,2.204480017024822,-0.4585060093463979
195.20000000000002,6.916158158971188,-0.13637403363075265,0.032174232877725424,0.014782530314868625,2.201132763855437,-0.45865461760353265
195.3,6.924461198639808,-0.136522169931762,0.03179262282760929,0.01471089313819431,2.1989166514122576,-0.45880322586066735
195.4,6.9339064554056975,-0.13667030623277132,0.03128175776051834,0.014632285857843574,2.1977855106860518,-0.45894475753412906
195.5,6.944318203561586,-0.13681844253378067,0.030623172674027598,0.014546708473816419,2.197808595190668,-0.4590862892075907
195.60000000000002,6.95574037453429,-0.1369694834681431,0.029792247564903764,0.014452999302166774,2.1989628204214906,-0.4592207442973793
195.70000000000002,6.967997242616539,-0.13712052440250558,0.028776672431530183,0.014351158342894637,2.2012251018739026,-0.4593481228034948
195.8,6.981044876381513,-0.13727156533686802,0.027564137272290214,0.014240798368017988,2.204618524052521,-0.4594684247259372
195.9,6.994751481548758,-0.13742260627123049,0.02613617708475888,0.014122693833500875,2.2090507489388793,-0.4595674968973604
196.0,7.00898526383782,-0.13757364720559295,0.024480481867319534,0.013996844739343293,2.2145910300468272,-0.4596665690687835
196.10000000000002,7.023658360395063,-0.13772759277330854,0.022590896619163844,0.013863251085545245,2.221147029357899,-0.4597656412402067
196.20000000000002,7.038682908366852,-0.13787863370767098,0.020461266339483492,0.013720751188160659,2.228672577862862,-0.4598647134116298
196.3,7.053839250619094,-0.13802967464203345,0.018079281026661828,0.013564698311405258,2.237144591057099,-0.4599567089993799
196.4,7.069039524298154,-0.13817781094304277,0.01544494068069885,0.013395092455279041,2.246470730922145,-0.46004162800345694
196.5,7.084108003696761,-0.13832594724405212,0.012552090300786235,0.013212708075746054,2.2566509974579994,-0.46011239384018776
196.60000000000002,7.099000757388095,-0.1384682742783552,0.00941303988854063,0.01302025576868046,2.26756996814158,-0.46019023626059163
196.70000000000002,7.1135420596648835,-0.1386135059460114,0.0060216344431537104,0.012818897218028327,2.2792276429728875,-0.46026807868099556
196.8,7.127600116246674,-0.1387558329803145,0.002396338967050453,0.012609019651771684,2.2914855149242226,-0.4603388445177264
196.9,7.141087064279829,-0.13889816001461758,-0.001469001540577468,0.01238984861394648,2.304343583995585,-0.46039545718711106
197.0,7.1538711094838945,-0.13903758241556752,-0.005549767076496754,0.01216525638437295,2.3177095121685096,-0.46045914644016883
197.10000000000002,7.1659083204320515,-0.1391799094498706,-0.009839802639899082,0.011935242963051092,2.331514045929147,-0.46052283569322655
197.20000000000002,7.1770229714170295,-0.13931933185082057,-0.014320643228359475,0.011701357261909002,2.3456648472590307,-0.4605794483626112
197.3,7.187171131012009,-0.13945875425177054,-0.018967668838644633,0.011463212052964656,2.3601388316535448,-0.4606360610319959
197.4,7.196308867790173,-0.13959527201936736,-0.023768569469137912,0.011223517932092216,2.3747974920849906,-0.4606785205340344
197.5,7.204348318897884,-0.13973759905367045,-0.02869872511660601,0.01098653440709394,2.389571575039519,-0.46072098003607287
197.60000000000002,7.2112894843351425,-0.13987992608797353,-0.033727360777007304,0.01075613375779006,2.404414911507896,-0.4607705161217845
197.70000000000002,7.217000569821495,-0.14002515775562974,-0.03883601144791682,0.010531928756198551,2.4192120789670404,-0.46082005220749606
197.8,7.221525506783759,-0.14017038942328597,-0.043987747124484604,0.010315855542229534,2.433870739398486,-0.4608695882932076
197.9,7.224820363795116,-0.1403214303576484,-0.04916410280428569,0.010107526887900984,2.4482985547837677,-0.4609191243789192
198.0,7.226841209428748,-0.14047247129201088,-0.0543219934816618,0.00990578110926683,2.462472440618268,-0.4609686604646308
198.10000000000002,7.227675906538292,-0.14062351222637332,-0.05943679915337964,0.009714103258165283,2.476276974378905,-0.4610252731340155
198.20000000000002,7.227236592270111,-0.14078036242744202,-0.0644838998162059,0.009532493334596341,2.489665987056446,-0.46107480921972704
198.3,7.225611129477842,-0.1409343079951576,-0.06942021046448232,0.009355530146811682,2.502524056127809,-0.4611243453054386
198.4,7.222843449588302,-0.1410911581962263,-0.07421495609416728,0.009185149834721417,2.5148511815929933,-0.4611668048074771
198.5,7.218889621174673,-0.1412451037639419,-0.07884351670202747,0.009021739626307573,2.52657810993815,-0.46120218772584254
198.60000000000002,7.213881438517411,-0.1414019539650106,-0.08327511728402126,0.008865299521570148,2.5376586721540457,-0.4612517238115541
198.70000000000002,7.2078189016165135,-0.1415588041660793,-0.08746667283449039,0.008716216748491165,2.548069783736065,-0.46130125989726567
198.8,7.2007459418988,-0.141715654367148,-0.09140587335181821,0.008572167939178489,2.557765275674974,-0.4613437193993042
198.9,7.192794353644725,-0.14187250456821673,-0.09504963383034644,0.008433540321614136,2.56669897896154,-0.4613791023176696
199.0,7.183964136854288,-0.1420264501359323,-0.09838564426845844,0.008299559439834065,2.5748939781003797,-0.4614215618197081
199.10000000000002,7.174387085807944,-0.14218039570364788,-0.10137697466130426,0.008170225293838273,2.5823271885868766,-0.4614710979054197
199.20000000000002,7.164151063359328,-0.14233434127136346,-0.10401131500726724,0.008044763427662716,2.5889755259164144,-0.4615135574074582
199.3,7.153256069508441,-0.14248538220572593,-0.10626404530311408,0.00792085047341525,2.5948389900889928,-0.4615560169094967
199.4,7.141877829962555,-0.14263351850673525,-0.10811670054641981,0.007802745938898135,2.5998944965999953,-0.4615984764115352
199.5,7.130016344721669,-0.14278455944109772,-0.10955697073556779,0.00769161150805744,2.604188214458655,-0.4616338593299006
199.60000000000002,7.117847339493057,-0.14293560037546016,-0.11057254586894137,0.007589383320803281,2.607697059160355,-0.4616763188319391
199.70000000000002,7.105414745703537,-0.14308664130982263,-0.11115727094573222,0.007497610289063752,2.6104671997143294,-0.4617187783339776
199.8,7.092850357633561,-0.1432405868775382,-0.11129883596432369,0.007415517956874807,2.612452467111344,-0.4617470846686699
199.9,7.080154175283132,-0.1433945324452538,-0.11099724092471579,0.007343106324236444,2.6137221148652485,-0.46177539100336223
200.0,7.0675458557863395,-0.14354847801296938,-0.11025248582690848,0.0072819243030767585,2.61429922748066,-0.4618036973380546
200.10000000000002,7.055069330570001,-0.1437082328473912,-0.10907072567171014,0.007234295261287889,2.6142068894621944,-0.4618320036727469
200.20000000000002,7.042812462487753,-0.14386798768181303,-0.10745811545992907,0.007199057514923767,2.613468185314468,-0.46186031000743927
200.3,7.030863114393231,-0.144030647149588,-0.10542696519318191,0.00717388769609225,2.6120831150374806,-0.4618886163421316
200.4,7.019353080566891,-0.14419330661736293,-0.10297727487146868,0.007159173032775364,2.6101209321450827,-0.46191692267682394
200.5,7.008326292435549,-0.14435887071849102,-0.10013981949883098,0.007152977385062991,2.607627805646506,-0.46194522901151625
200.60000000000002,6.99791454427966,-0.1445244348196191,-0.09692690907688548,0.0071556879809371535,2.604603735541751,-0.4619664587625355
200.70000000000002,6.988205698952862,-0.1446929035541003,-0.09336316360886547,0.007166143136451784,2.6011410598492835,-0.46198768851355476
200.8,6.9792876193087885,-0.14485846765522836,-0.08947320309800424,0.007182406711696764,2.59726286307372,-0.46198768851355476
200.9,6.971248168201077,-0.14502693638970957,-0.08528164754753512,0.007204478706672093,2.593015314224293,-0.46198768851355476
201.0,6.964219139910183,-0.14519540512419077,-0.0808192719614997,0.007231197437431703,2.5885138358240853,-0.46198061192988166
201.10000000000002,6.958200534436104,-0.14536387385867197,-0.07611069634313129,0.007262175675993569,2.583781512377713,-0.4619735353462086
201.20000000000002,6.9532802146324775,-0.14553234259315317,-0.07119285069727985,0.007292379458591389,2.578864512894409,-0.4619593821788624
201.3,6.949589974779757,-0.14569790669428126,-0.0661026650287953,0.007319485417333021,2.5738551753926395,-0.46194522901151625
201.4,6.947085883451126,-0.14586347079540934,-0.06087706934252762,0.007343106324236444,2.5687765843770203,-0.4619310758441701
201.5,6.945899734927037,-0.14602613026318428,-0.05554683864251842,0.007363242179301658,2.5636979933614015,-0.46190984609315083
201.60000000000002,6.94607546063431,-0.14618588509760613,-0.05015505793442597,0.007380667438492707,2.558642486850399,-0.4618886163421316
201.70000000000002,6.947569129146125,-0.14634563993202795,-0.04472634722148357,0.007394220417863524,2.553656233853246,-0.46186031000743927
201.8,6.9504246718893015,-0.14650539476644978,-0.03930994651015782,0.007402739433468037,2.5487623188745583,-0.46181785050540075
201.9,6.954686020290656,-0.14665934033416536,-0.033942785805298664,0.00740777339723434,2.544029995428186,-0.4617612378360161
202.0,6.96035317435019,-0.14681619053523406,-0.028655640110947737,0.007409709537144457,2.5395054325233617,-0.4617046251666314
202.10000000000002,6.967426134067903,-0.14697304073630277,-0.023485439431954976,0.007412807361000644,2.535211714664702,-0.46164801249724674
202.20000000000002,6.9758170365901595,-0.14712989093737147,-0.01847526877397866,0.0074147435009107605,2.531148841852207,-0.4615913998278621
202.3,6.985525881916958,-0.14728674113844017,-0.01364974814025208,0.007415130728892784,2.527362983095109,-0.46153478715847746
202.4,6.9965526700483,-0.14744359133950888,-0.009039652534816868,0.00741590518485683,2.523831053888792,-0.46146402132174663
202.5,7.008765606703729,-0.14760044154057758,-0.00468191196252297,0.00741590518485683,2.520599223242489,-0.46140033206868886
202.60000000000002,7.0221646918832485,-0.14775729174164628,-0.000601146426603683,0.007415517956874807,2.5176674911562,-0.46132248964828493
202.70000000000002,7.036618131306401,-0.14791704657606813,0.0031718690688993675,0.007415517956874807,2.5150358576299245,-0.46124464722788105
202.8,7.052081993546371,-0.14807389677713684,0.006624824522369533,0.0074147435009107605,2.512704322663663,-0.461152651640131
202.9,7.068424484322701,-0.14823365161155866,0.00972694492976519,0.007415130728892784,2.5106728862574155,-0.4610535794687078
203.0,7.085601672208576,-0.14839340644598048,0.012459765288661363,0.007416292412838854,2.508987717420415,-0.4609545072972846
203.10000000000002,7.103437831496723,-0.14855606591375545,0.014810975597441404,0.007419777464677063,2.5075795626388113,-0.46085543512586147
203.20000000000002,7.121845099333504,-0.1487187253815304,0.016774420855296988,0.007421326376605157,2.506494590921838,-0.4607563629544383
203.3,7.140691681438466,-0.14887848021595224,0.018325481058994817,0.007419777464677063,2.505709717764879,-0.460643137615669
203.4,7.159845783531155,-0.14903823505037406,0.01947646621015154,0.007413969044946713,2.5051787741587006,-0.46052991227689966
203.5,7.179175611331116,-0.14919798988479588,0.02020891130634218,0.007405450029342201,2.5049248446079195,-0.4604166869381303
203.60000000000002,7.198505439131077,-0.14935484008586458,0.020528971348375065,0.00739499487382757,2.5049017601033032,-0.4602963850156879
203.70000000000002,7.217747404077403,-0.14951459492028643,0.020448956337866843,0.007383378034366871,2.5051326051494676,-0.4601760830932455
203.8,7.236681849036001,-0.14967144512135513,0.01996271127400919,0.007370212282978078,2.5055481262325636,-0.46004870458713
203.9,7.255264842580055,-0.14982829532242384,0.019088701159227082,0.007355884847643214,2.5061483233525914,-0.45991424949734144
204.0,7.273276727575474,-0.14998805015684566,0.017839235995137166,0.007340782956344305,2.5069562810141672,-0.45977979440755284
204.10000000000002,7.2906296411686204,-0.15014490035791436,0.01622662578335609,0.007328004432937535,2.5079027457034417,-0.45964533931776425
204.20000000000002,7.3071478576522235,-0.15030175055898307,0.01426933552630883,0.0073140642255846945,2.508964632915798,-0.4595108842279757
204.3,7.322743514172648,-0.15045860076005177,0.01199814022803701,0.007297800650339715,2.5101188581466207,-0.45936227597084095
204.4,7.337240885022618,-0.15061545096112047,0.009425349890157279,0.007283085987022829,2.5113654213959093,-0.4592136677137062
204.5,7.350596038775318,-0.15077230116218918,0.006587894517519585,0.007269920235634036,2.512635069149814,-0.45906505945657144
204.60000000000002,7.3626771811502945,-0.1509291513632579,0.003504239112548902,0.007261013992047499,2.513950885912952,-0.45890937461576364
204.70000000000002,7.373440380720727,-0.15108890619767973,0.0002113136800951794,0.0072559800282811955,2.5152436181714726,-0.4587607663586289
204.8,7.382753843206164,-0.15124575639874843,-0.0032601067757999603,0.007251720520478939,2.5165132659253775,-0.45860508151782103
204.9,7.390573637179784,-0.15140551123317025,-0.006873092250286568,0.007250171608550846,2.5177829136792824,-0.4584423200933401
205.0,7.39689976264159,-0.1515652660675921,-0.01060917774093967,0.0072524949764429854,2.5190063924239543,-0.4582866352525323
205.10000000000002,7.401644356737944,-0.15172502090201392,-0.014412968240484344,0.007258303396173335,2.520160617654777,-0.4581380269953976
205.20000000000002,7.4048952823224825,-0.15188477573643575,-0.01827215374730394,0.007264111815903686,2.5212455893717496,-0.4579823421545897
205.3,7.406564676541571,-0.15204162593750445,-0.022131339254123538,0.007269145779669989,2.5222613075748734,-0.4578266573137819
205.4,7.406696470822025,-0.15219847613857315,-0.02597205975851816,0.007274179743436292,2.523207772264148,-0.457663895889301
205.5,7.405334596590664,-0.15235532633964186,-0.029751230254829536,0.007279988163166642,2.524061898934957,-0.4575011344648201
205.60000000000002,7.402566916701124,-0.15251217654071056,-0.03344423073982437,0.007287732722807108,2.5248236875872996,-0.4573383730403392
205.70000000000002,7.398437362580223,-0.15266902674177926,-0.037020286209461024,0.007297800650339715,2.5254931382211767,-0.4571756116158583
205.8,7.39298986565478,-0.15282297230949485,-0.040442466658889564,0.007309417489800415,2.5260471663319715,-0.4570128501913774
205.9,7.386356220205247,-0.15297982251056355,-0.043692307085685014,0.007322583241189208,2.526531940928917,-0.4568430121832234
206.0,7.378668220512081,-0.15313376807827914,-0.046745187486614076,0.007337685132488118,2.526947462012013,-0.45667317417506936
206.10000000000002,7.370057660855735,-0.15329061827934784,-0.049576487858443444,0.007357046531589285,2.5272706450766433,-0.45651041275058846
206.20000000000002,7.360568472663026,-0.15344746848041654,-0.052161588197939826,0.007376795158672474,2.5275014901228077,-0.45634765132610755
206.3,7.350376381641229,-0.15360141404813213,-0.05449433350429489,0.007398092697683757,2.5276399971505064,-0.45617781331795354
206.4,7.339657113497614,-0.15375826424920083,-0.05655625877508367,0.00742287528853325,2.5276861661597394,-0.45601505189347263
206.5,7.328498531085818,-0.15391220981691642,-0.05833505400868951,0.007451530159202977,2.5276399971505064,-0.4558452138853187
206.60000000000002,7.317076360113113,-0.15406906001798512,-0.05983071920511242,0.007486380677585076,2.5275014901228077,-0.45567537587716467
206.70000000000002,7.305522394859954,-0.15422881485240694,-0.06103094436273574,0.007527039615697525,2.5272706450766433,-0.4554984612853376
206.8,7.294012361033614,-0.15438566505347567,-0.0619418844823678,0.007571958061612231,2.5269243775073966,-0.45531447010983744
206.9,7.282678052914545,-0.1545454198878975,-0.06256353956400859,0.007623846611203357,2.526531940928917,-0.4551234023506642
207.0,7.271695196210022,-0.15470807935567243,-0.06290206460846645,0.007681930808506857,2.5260933353412045,-0.45493233459149096
207.10000000000002,7.2611516537736795,-0.1548707388234474,-0.0629636146165497,0.007747759565450822,2.5255854762396424,-0.4547412668323177
207.20000000000002,7.25122315131279,-0.15503339829122234,-0.06276049958987498,0.007816298918268951,2.5250314481288476,-0.4545501990731445
207.3,7.24199755168099,-0.15519896239235043,-0.06230502953005895,0.007887548866961244,2.52443125100882,-0.4543520547302981
207.4,7.233562717731917,-0.1553616218601254,-0.06161566943952659,0.007959186043635559,2.5238079693841757,-0.4541539103874518
207.5,7.22609437517284,-0.15552428132790033,-0.06071088432070285,0.008031597676273922,2.5231385187502986,-0.45395576604460547
207.60000000000002,7.219592524003763,-0.1556869407956753,-0.059602984175204404,0.008103234852948237,2.522445983611805,-0.45375054511808605
207.70000000000002,7.214145027078319,-0.15584669563009712,-0.05831658900626454,0.00817216143374839,2.5217303639686954,-0.4535382476078936
207.8,7.209795815823328,-0.15600354583116582,-0.05687631881711656,0.008238764646656403,2.520968575316352,-0.4533117969303549
207.9,7.206588821665607,-0.15616039603223453,-0.055306793610993756,0.008302657263690252,2.5202067866640094,-0.45308534625281627
208.0,7.204524044605156,-0.15631724623330323,-0.05362032338951278,0.008365000968796008,2.5194219135070504,-0.4528588955752776
208.10000000000002,7.2036893474956125,-0.15647409643437193,-0.05185383815752359,0.008425408533991647,2.5186139558454745,-0.45263244489773896
208.20000000000002,7.203952936056521,-0.1566251373687344,-0.050019647916642825,0.008480782135420983,2.5178059981838987,-0.4524059942202003
208.3,7.205314810287883,-0.15677908293645,-0.04814237267010379,0.008532283457030086,2.5169749560177066,-0.45217246695898855
208.4,7.207774970189695,-0.1569272192374593,-0.0462527874219481,0.008581461410747048,2.5160977448422814,-0.4519389396977768
208.5,7.211245552908325,-0.15707826017182178,-0.04436320217379241,0.008628703224553894,2.51519744916224,-0.451698335852892
208.60000000000002,7.215638695590134,-0.1572263964728311,-0.042498236928870024,0.00867710672230681,2.514227899968349,-0.45145773200800715
208.70000000000002,7.2208226039546695,-0.15737453277384045,-0.040676356689605904,0.008725510220059726,2.5132121817652253,-0.45120297499577616
208.8,7.22679727800193,-0.15752266907484977,-0.038909871457616714,0.008776237085704783,2.512127210048252,-0.4509482179835452
208.9,7.233430923451462,-0.15767371000921224,-0.03721724623532741,0.008830449003188048,2.5110191538266626,-0.4506863843876411
209.0,7.240547814595994,-0.15782475094357468,-0.035616946025162986,0.008888145972509524,2.5098418440912234,-0.45042455079173704
209.10000000000002,7.2481040200087055,-0.15797579187793714,-0.034108970827123435,0.00895281304550742,2.508572196337319,-0.45016271719583295
209.20000000000002,7.255967745409144,-0.15812973744565273,-0.03271794064444205,0.009019803486397455,2.507256379574181,-0.44990088359992886
209.3,7.263963265090037,-0.15828077838001517,-0.03143770047631051,0.009091827891053795,2.5058482247925777,-0.4496390500040248
209.4,7.271958784770931,-0.15843762858108387,-0.030274405323537135,0.009167337347548344,2.5043477319925085,-0.4493701398244476
209.5,7.279910373025006,-0.15859157414879946,-0.02923421018693026,0.009247106311845148,2.502754901173973,-0.4491012296448705
209.60000000000002,7.28764230414499,-0.15874842434986816,-0.028323270067298203,0.009331134783944211,2.5010697323369726,-0.44883231946529334
209.70000000000002,7.295066715277248,-0.15890236991758375,-0.02753542996383264,0.00941942276384553,2.4992691409768892,-0.4485563327020431
209.8,7.302007880714507,-0.15905922011865245,-0.026864534875725245,0.009510034111638989,2.497353127093724,-0.4482732693551198
209.9,7.3084218690299485,-0.15921607031972115,-0.026316739803784343,0.009602968827324587,2.4953678596967093,-0.4479831294245234
210.0,7.314220817369937,-0.15937001588743674,-0.025873579745584966,0.00969861413888435,2.4932671697766122,-0.44770006607760005
210.10000000000002,7.319316862880836,-0.15952686608850544,-0.025535054701127106,0.009796970046318276,2.4910510573334332,-0.44741700273067675
210.20000000000002,7.323578211282191,-0.15968081165622103,-0.025288854668794117,0.009892228129896014,2.488719522367172,-0.4471339393837534
210.3,7.327004862574002,-0.1598347572239366,-0.025128824647777673,0.009984775617599589,2.486272564877828,-0.446843799453157
210.4,7.329508953902634,-0.15998289352494593,-0.025048809637269454,0.010074225281446978,2.483710184865402,-0.4465536595225606
210.5,7.331090485268085,-0.16013102982595528,-0.02503034463484448,0.01016173880538425,2.4810092978252776,-0.4462635195919642
210.60000000000002,7.331705525243539,-0.1602791661269646,-0.025061119638886104,0.010248090645375452,2.478169903757454,-0.4459733796613678
210.70000000000002,7.331354073828994,-0.1604243977946208,-0.025141134649394326,0.010332506345456538,2.4752150871665486,-0.4456761631470983
210.8,7.330036131024451,-0.1605667248289239,-0.025245769663135843,0.010415760361591553,2.4721448480525607,-0.44537187004915574
210.9,7.3277956282567285,-0.16070905186322698,-0.02537502468011066,0.010497465465798475,2.468982270920107,-0.44506757695121313
211.0,7.324676496952644,-0.16085137889753007,-0.02551658969870213,0.01057955779798742,2.4657273557691872,-0.4447632838532706
211.10000000000002,7.320678737112197,-0.16099080129848004,-0.0256581547172936,0.010662424586140414,2.4624031871044187,-0.444458990755328
211.20000000000002,7.315890211589025,-0.16113022369943,-0.025787409734268418,0.010743355234383288,2.4590097649258005,-0.44414762107371236
211.3,7.310398783236763,-0.16126674146702683,-0.025898199748818265,0.010824285882626164,2.455547089233333,-0.44384332797576975
211.4,7.304248383482229,-0.1614061638679768,-0.025990524760943136,0.010905990986833087,2.4520382445316327,-0.44353195829415415
211.5,7.297526875179061,-0.16154268163557362,-0.026052074769026382,0.01098885777498608,2.4485063153253157,-0.44322766519621154
211.60000000000002,7.290366052607712,-0.16168210403652358,-0.026082849773068004,0.01107404793103121,2.4449743861189988,-0.4429162955145959
211.70000000000002,7.282853778621818,-0.1618157171707673,-0.026070539771451354,0.01115768917514825,2.4414193724080655,-0.44259077266563407
211.8,7.275077916075015,-0.16195223493836414,-0.026021299764984757,0.011242104875229336,2.4378874432017485,-0.44226524981667226
211.9,7.26712632782094,-0.16208875270596096,-0.025928974752859886,0.011327295031274469,2.4344016830046646,-0.44193265038403734
212.0,7.259174739566865,-0.1622252704735578,-0.025799719735885067,0.011414421327229717,2.4310082608260464,-0.4416071275350755
212.10000000000002,7.25122315131279,-0.1623588836078015,-0.025627379713251977,0.01150193485116699,2.427684092161278,-0.4412816046861137
212.20000000000002,7.243447288765988,-0.16249540137539836,-0.025418109685768936,0.011586350551248074,2.4244753460195914,-0.4409560818371519
212.3,7.235891083353276,-0.16262901450964207,-0.025178064654244273,0.01166844288343702,2.4213589378963705,-0.440623482404517
212.4,7.228686329355108,-0.16275972301053265,-0.02491339961948631,0.011747050163787756,2.418404121305465,-0.4402979595555552
212.5,7.221876958198304,-0.16289043151142324,-0.02462411458149505,0.011822946848264328,2.415587811742258,-0.43996536012292026
212.60000000000002,7.215550832736498,-0.16302114001231383,-0.024322519541887137,0.01189652016484876,2.4129100092067497,-0.43963276069028534
212.70000000000002,7.20975188439651,-0.1631489438798513,-0.024008614500662575,0.01196622120161296,2.410416882708173,-0.4392930846739774
212.8,7.204524044605156,-0.16327674774738876,-0.023694709459438017,0.01203243718653895,2.4081084322465283,-0.4389392554903232
212.9,7.199955176216075,-0.16340164698157308,-0.023380804418213455,0.012095942575590775,2.4060308268310475,-0.4385854263066691
213.0,7.196001347802446,-0.16352945084911055,-0.02308536437941387,0.012158286280696531,2.404207150966348,-0.4382315971230149
213.10000000000002,7.192794353644725,-0.1636543500832949,-0.02281454434384758,0.012217919389928123,2.402614320147813,-0.43787776793936073
213.20000000000002,7.190290262316094,-0.16377924931747925,-0.022568344311514592,0.012272905763375435,2.4012985033846754,-0.4375239387557066
213.3,7.188445142389734,-0.16390414855166358,-0.02235291928322323,0.01232479431296656,2.4002597006769353,-0.43717010957205243
213.4,7.187302925292464,-0.1640261431524948,-0.022180579260590135,0.012373585038701502,2.399520996529209,-0.4368162803883983
213.5,7.1868636110242825,-0.164148137753326,-0.022057479244423642,0.012419665168562277,2.3991054754461127,-0.43645537462107103
213.60000000000002,7.187083268158373,-0.16427303698751036,-0.02197746423391542,0.012463809158512936,2.3990131374276467,-0.4360944688537438
213.70000000000002,7.187874033841099,-0.16439212695498845,-0.021952844230682122,0.012504468096625386,2.3992208979691947,-0.43571940991907043
213.8,7.18923590807246,-0.16451412155581965,-0.021983619234723743,0.012543190894827718,2.3997749260799894,-0.43533727440072395
213.9,7.191168890852456,-0.16463611615665086,-0.022075944246848615,0.012579203097155888,2.400721390769264,-0.43495513888237747
214.0,7.193541187900633,-0.1647581107574821,-0.02222366426624841,0.012613666387555964,2.401991038523169,-0.43458007994770403
214.10000000000002,7.196264936363355,-0.16487720072496018,-0.0224206242921148,0.012645031854099854,2.403630038350937,-0.43419794442935755
214.20000000000002,7.19938406766744,-0.16499919532579138,-0.022672979325256113,0.01267020167293137,2.4056153057479515,-0.4338228854946842
214.3,7.2027228561056145,-0.16511538065991635,-0.022974574364864025,0.012690337527996583,2.4079237562095965,-0.4334407499763377
214.4,7.206281301677881,-0.16523156599404132,-0.02331925441013021,0.012703890507367399,2.4105553897358716,-0.4330586144579912
214.5,7.209927610103782,-0.1653477513281663,-0.02370086446024634,0.012711247839025842,2.4134871218221607,-0.4326694023559716
214.60000000000002,7.213617849956502,-0.16546103202893814,-0.024113249514404096,0.012713571206917983,2.4166958679638477,-0.43228726683762514
214.70000000000002,7.217220226955585,-0.16557140809635684,-0.02455025457179515,0.012710086155079773,2.4201354591516986,-0.4318909781519325
214.8,7.220734741101033,-0.16568178416377558,-0.02499341462999453,0.012701954367457283,2.4238289798903305,-0.4314946894662398
214.9,7.224073529539209,-0.16578925559784116,-0.025442729689002234,0.012689175844050514,2.4277533456751272,-0.43109132419687407
215.0,7.227192660843293,-0.16589672703190675,-0.025885889747201615,0.01267601009266172,2.4318623874968552,-0.43069503551118143
215.10000000000002,7.230004272159651,-0.16600419846597236,-0.02631058480297602,0.012660133745398764,2.4361330208508987,-0.4303058234091619
215.20000000000002,7.232464432061464,-0.16610876526668483,-0.0267045048547088,0.012639223434369504,2.440519076728024,-0.4299095347234692
215.3,7.234529209121915,-0.1662133320673973,-0.02706764990239996,0.012615602527466081,2.4449743861189988,-0.4295132460377766
215.4,7.236198603341002,-0.16631499423475665,-0.02738155494362452,0.012590045480652541,2.4495220335284396,-0.42910988076841083
215.5,7.237428683291909,-0.16641956103546912,-0.02764006497757416,0.012566424573749117,2.4540927654424967,-0.4287135920827182
215.60000000000002,7.238219448974634,-0.16652122320282847,-0.027830870002632225,0.012545127034737836,2.45868658186117,-0.42831730339702556
215.70000000000002,7.238570900389179,-0.1666228853701878,-0.027953970018798718,0.012524991179672621,2.463234229270611,-0.4279139381276598
215.8,7.238483037535543,-0.16672454753754715,-0.027997055024456992,0.012506791464517525,2.4677357076708186,-0.427503496274621
215.9,7.237999791840544,-0.16682911433825962,-0.027953970018798718,0.012491689573218615,2.4721910170617933,-0.4270930544215822
216.0,7.237121163304182,-0.16693077650561897,-0.0278247150018239,0.01248162164568601,2.476530903929686,-0.42668968915221644
216.10000000000002,7.235935014780094,-0.16703534330633144,-0.02760313497272421,0.012473489858063519,2.4807322837698798,-0.42629340046652375
216.20000000000002,7.23439741484146,-0.1671370054736908,-0.027295384932307973,0.012465745298423052,2.484795156582375,-0.42588295861348496
216.3,7.232640157768737,-0.16723866764105014,-0.026889154878958543,0.012459162422728657,2.488627184348706,-0.4254795933441192
216.4,7.230619312135104,-0.16733742517505634,-0.026396754814292565,0.012454515686944376,2.492228367068872,-0.42506915149108043
216.5,7.228466672221018,-0.16743618270906258,-0.025812029737501716,0.012451417863088189,2.4955756202382573,-0.4246657862217147
216.60000000000002,7.226182238026476,-0.1675349402430688,-0.025153444651010975,0.012448707267214027,2.498599690343012,-0.42425534436867585
216.70000000000002,7.2238099409783,-0.1676307931437219,-0.024414844554012008,0.01244560944335784,2.5012774928785206,-0.42384490251563706
216.8,7.221481575356941,-0.16772664604437498,-0.023602384447313145,0.012441737163537607,2.5035859433401657,-0.42342738407892516
216.9,7.219153209735581,-0.16781668967832183,-0.02273452933333936,0.012437090427753327,2.5055481262325636,-0.4230169422258863
217.0,7.216912706967859,-0.1679096379456218,-0.021817434212898976,0.01243399260389714,2.507048619032633,-0.4226135769565206
217.10000000000002,7.214847929907409,-0.16799968157956865,-0.020863409087608645,0.012427796956184766,2.5081105062449898,-0.42221021168715483
217.20000000000002,7.2129149471274125,-0.16808391594680927,-0.019878608958276693,0.01241889071259823,2.5087107033650176,-0.42179976983411605
217.3,7.211201621481507,-0.16816815031404986,-0.018881498827328088,0.012408048329101577,2.508779956878867,-0.4213893279810772
217.4,7.20975188439651,-0.16824948004793736,-0.017884388696379483,0.012397205945604924,2.508364435795771,-0.42098596271171146
217.5,7.208565735872421,-0.1683279051484717,-0.01689958856704753,0.012388299702018386,2.5074410556111126,-0.42057552085867267
217.60000000000002,7.207643175909241,-0.16840923488235918,-0.015939408440948873,0.012382104054306014,2.5059867318202764,-0.4201650790056338
217.70000000000002,7.207028135933788,-0.16848765998289353,-0.015022313320508492,0.012377844546503758,2.504024548927878,-0.41974756056892193
217.8,7.206764547372879,-0.16856318045007476,-0.014166768208151355,0.012378619002467804,2.501554506933918,-0.41933004213221003
217.9,7.2068524102265155,-0.1686416055506091,-0.013372773103877468,0.01238287851027006,2.498645859352245,-0.41891252369549814
218.0,7.207247793067879,-0.16872003065114347,-0.0126587930101118,0.012394108121748737,2.495252437173627,-0.41849500525878625
218.10000000000002,7.207994627323786,-0.16879845575167782,-0.01204329292927933,0.012407661101119554,2.491443493911913,-0.41807748682207435
218.20000000000002,7.2090929129942385,-0.16887688085221217,-0.011526272861380053,0.012423924676364533,2.487195945062486,-0.41765996838536246
218.3,7.210454787225599,-0.1689524013193934,-0.011126197808838946,0.012442898847483676,2.482579044139196,-0.41724244994865056
218.4,7.212124181444687,-0.16903082641992775,-0.010849222772464334,0.012465358070441029,2.4775927911420426,-0.4168249315119386
218.5,7.214057164224683,-0.16910634688710896,-0.010707657753872866,0.012490527889272546,2.4722602705756427,-0.4164074130752267
218.60000000000002,7.216253735565587,-0.1691818673542902,-0.010701502753064541,0.012518021075996201,2.466627651449229,-0.4159898946385148
218.70000000000002,7.218582101186946,-0.16925738782147143,-0.01083075777003936,0.012545514262719859,2.4607180182674178,-0.4155582230344568
218.8,7.2211301239423955,-0.16933000365529954,-0.011107732806413972,0.012574943589353632,2.454577540039442,-0.4151265514303987
218.9,7.2238099409783,-0.16940261948912763,-0.011526272861380053,0.012603985688005382,2.4482523857745346,-0.41470195641001373
219.0,7.22657762086784,-0.16947523532295575,-0.012098687936554251,0.01263535115454927,2.441742555472696,-0.41427736138962873
219.10000000000002,7.2293892321841975,-0.16954785115678384,-0.012806513029511593,0.012663231569254951,2.435117302647775,-0.41385276636924373
219.20000000000002,7.232156912073737,-0.16961465772390572,-0.01366205814186873,0.01268762693212242,2.4283766272997713,-0.4134281713488588
219.3,7.234924591963278,-0.16968146429102757,-0.014646858271200684,0.012707762787187634,2.421589782942535,-0.4130035763284738
219.4,7.237560477572363,-0.1697453662247963,-0.015767068418315783,0.01272363913445059,2.414779854080682,-0.4125860578917619
219.5,7.240108500327812,-0.1698063635252119,-0.017010378581597374,0.012734868745929266,2.407993009723446,-0.41216853945505
219.60000000000002,7.242436865949172,-0.1698673608256275,-0.018370633760237138,0.012741451621623663,2.4012523343754424,-0.411743944434665
219.70000000000002,7.244589505863258,-0.16992545349269,-0.019841678953426745,0.01274222607758771,2.394603997045905,-0.41131227283060695
219.8,7.246478557216436,-0.16998064152639936,-0.02140504915874122,0.0127387410257495,2.388140335753299,-0.41088060122654885
219.9,7.248147951435524,-0.1700329249267556,-0.02306074437618057,0.01273177092207308,2.381884435002241,-0.4104489296224908
220.0,7.249553757093703,-0.17008811296046494,-0.02479645460412814,0.012722477450504519,2.37590554830658,-0.4100243346021058
220.10000000000002,7.250652042764155,-0.17013749172746806,-0.026593714840158957,0.012706988331223586,2.3702729291801665,-0.40959973958172086
220.20000000000002,7.251442808446881,-0.17018687049447118,-0.028452525084273022,0.012686852476158373,2.3649865776229992,-0.40917514456133586
220.3,7.2519260541418795,-0.17023624926147427,-0.030360575334853684,0.012661682657326857,2.360092662644312,-0.40875762612462396
220.4,7.25214571127597,-0.17028272339512426,-0.03230555559028429,0.012632640558675107,2.3557066067671864,-0.40833303110423896
220.5,7.252013916995516,-0.17032919752877426,-0.034281310849756524,0.012599726180203124,2.35178224098239,-0.40791551266752707
220.60000000000002,7.2516185341541535,-0.17037567166242423,-0.03626937611084541,0.012561777837964838,2.348411903308388,-0.4074979942308152
220.70000000000002,7.2509595627518815,-0.1704192411627211,-0.038275906374359264,0.01251879553196025,2.3455955937451813,-0.40706632262675707
220.8,7.250037002788702,-0.17046281066301797,-0.0402762816370648,0.012470779262189357,2.3434025658066187,-0.406634651022699
220.9,7.248850854264613,-0.1705034755299617,-0.04227665689977033,0.01241772902865216,2.3418559039973164,-0.406210056002314
221.0,7.2474889800332525,-0.17054704503025855,-0.04427087716166754,0.012361193743276754,2.340955608317275,-0.4057854609819291
221.10000000000002,7.245907448667801,-0.1705877098972023,-0.04624663242113977,0.012296913898260882,2.340747847775727,-0.4053679425452172
221.20000000000002,7.244150191595077,-0.1706254701307929,-0.04820392267818703,0.012226438405532636,2.3412326223726723,-0.40495042410850524
221.3,7.242261140241899,-0.17066323036438352,-0.05013659293200099,0.01214899280912797,2.342386847603495,-0.40453290567179334
221.4,7.240240294608267,-0.17069808596462102,-0.05203848818177333,0.012064577109046884,2.3442336079728108,-0.40411538723508145
221.5,7.238131586120998,-0.17073294156485852,-0.0539219184291207,0.011975127445199496,2.346795987985237,-0.40370494538204266
221.60000000000002,7.235935014780094,-0.17076489253174287,-0.05576841867161811,0.01187909490565771,2.3500278186315398,-0.40328035036165766
221.70000000000002,7.233650580585553,-0.17079684349862725,-0.05759029891088222,0.011778028402349622,2.3539290999117197,-0.40285575534127266
221.8,7.231322214964194,-0.1708258898321585,-0.059387559146913044,0.0116730896192213,2.35854600083501,-0.40243116032088766
221.9,7.228993849342835,-0.17085784079904284,-0.061154044378902234,0.011564665784254769,2.3638323523921767,-0.40201364188417577
222.0,7.226665483721476,-0.17088979176592722,-0.0628897546068498,0.011455080265342166,2.3698112390878374,-0.40159612344746387
222.10000000000002,7.224337118100117,-0.17091883809945846,-0.06460084483156407,0.011339299098717191,2.3764364919127585,-0.401178605010752
222.20000000000002,7.222008752478758,-0.1709478844329897,-0.06628731505304505,0.011220032880254006,2.3837311953715568,-0.4007681631577132
222.3,7.219680386857399,-0.1709740261331678,-0.06794916527129272,0.01109611992600654,2.391626095950383,-0.4003506447210013
222.4,7.21735202123604,-0.17100307246669905,-0.0695863954863071,0.01097027083184896,2.400144278153853,-0.39993312628428934
222.5,7.215023655614681,-0.1710321188002303,-0.07119285069727985,0.010842098369799238,2.409262657477351,-0.39952268443125055
222.60000000000002,7.212695289993322,-0.17105826050040843,-0.0727746859050193,0.010713538679767492,2.418935064911643,-0.39910516599453866
222.70000000000002,7.210366924371963,-0.17108730683393966,-0.07432574610871713,0.01058304284982563,2.429115331447498,-0.39868057097415366
222.8,7.207950695896968,-0.17111344853411778,-0.07584603130837334,0.010450998107955677,2.4398265415895306,-0.39826305253744176
222.9,7.205490535995154,-0.17114249486764901,-0.07732323150237126,0.010318566138103698,2.451022526328509,-0.39784553410072987
223.0,7.202898581812887,-0.17116863656782713,-0.07875734669071092,0.010186521396233742,2.4626109476459668,-0.397435092247691
223.10000000000002,7.200174833350165,-0.17119477826800525,-0.08014222187258398,0.010049442690597486,2.4745687210372878,-0.39702465039465223
223.20000000000002,7.197275359180171,-0.17122091996818337,-0.08147170204718213,0.00990926616110504,2.486803508484006,-0.3966142085416134
223.3,7.194156227876086,-0.17124415703500837,-0.08272732221208036,0.009765991807756409,2.499292225481506,-0.3962037666885746
223.4,7.190729576584275,-0.17126448946848025,-0.08390292736647038,0.009620394086515638,2.5119656185159367,-0.39579332483553575
223.5,7.186995405304737,-0.17128772653530522,-0.08498620750873553,0.00947518359325689,2.5247544340734502,-0.39538995956617
223.60000000000002,7.182865851183836,-0.1713080589687771,-0.08595869763645084,0.009328036960088024,2.53756633413558,-0.3949865942968043
223.70000000000002,7.178340914221573,-0.17132548676889583,-0.08680808774799965,0.009180503098937136,2.550332065188477,-0.3945761524437655
223.8,7.173376662991128,-0.1713429145690146,-0.08752822284257364,0.009034130921732319,2.563005458222908,-0.39417278717439974
223.9,7.167885234638866,-0.17136034236913333,-0.08808832791613119,0.008890856568383686,2.5755403442296405,-0.3937835750723802
224.0,7.161866629164787,-0.17137777016925207,-0.08847609296705565,0.008749905582927195,2.587844385190208,-0.3933872863866875
224.10000000000002,7.155320846568891,-0.1713922933360177,-0.08867305299292204,0.008609729053434751,2.5998483275907622,-0.3929909977009949
224.20000000000002,7.14820395542436,-0.17140681650278333,-0.08867305299292204,0.008473812031744563,2.6114829179174532,-0.3926017855989753
224.3,7.1405159557311935,-0.1714184350361958,-0.08844531796301403,0.008342541745838655,2.622725071665664,-0.39220549691328266
224.4,7.1322568474893915,-0.17143295820296145,-0.08797753790158135,0.008219403247555237,2.6335055353215466,-0.39181628481126307
224.5,7.123470562125773,-0.17145038600308019,-0.08726355780781568,0.008106719904786447,2.6437781398758666,-0.3914341492929166
224.60000000000002,7.114113168213519,-0.1714649091698458,-0.08627875767848373,0.008001781121658126,2.6535198008240086,-0.3910520137745701
224.70000000000002,7.104272528606266,-0.17147943233661142,-0.08501082751196883,0.007906135810098363,2.6626381801475065,-0.3906698782562236
224.8,7.09403650615765,-0.17149686013673016,-0.08345361230746268,0.007820558426071208,2.6711563623509766,-0.39029481932155025
224.9,7.083361169440853,-0.17151428793684892,-0.08159480206334861,0.007745436197558683,2.679028178425186,-0.3899268369705499
225.0,7.07237831273633,-0.17153171573696765,-0.07943439677962665,0.007679220212632693,2.686161290351669,-0.3895588546195496
225.10000000000002,7.06108793604408,-0.1715491435370864,-0.07696008645468011,0.007619587103401101,2.6925787826350422,-0.38919794885222236
225.20000000000002,7.049665765071375,-0.17156366670385204,-0.074171871088509,0.007567311325827952,2.6981883172568395,-0.38883704308489514
225.3,7.038111799818217,-0.17157818987061765,-0.07107590568192168,0.007522780107895269,2.7030129787216777,-0.38847613731756786
225.4,7.026601765991876,-0.17159271303738327,-0.06767834523572644,0.007487929589513169,2.7070065980203233,-0.3881293847175868
225.5,7.015135663592353,-0.1716072362041489,-0.06397918974992328,0.007461598086735583,2.710123006143544,-0.38777555553393267
225.60000000000002,7.003845286900103,-0.1716217593709145,-0.05999074922612886,0.00744262391561644,2.712316034082107,-0.3874288029339516
225.70000000000002,6.992818498768762,-0.171633377904327,-0.05572533366595984,0.007430232620191693,2.713608766340628,-0.38708205033397053
225.8,6.982187093478783,-0.1716449964377395,-0.051207563072649495,0.00742287528853325,2.713978118414491,-0.38673529773398946
225.9,6.9719950024569854,-0.1716537103377989,-0.04645590244862281,0.007423649744497297,2.7134240903036964,-0.38639562171768144
226.0,6.96241795141064,-0.17166242423785824,-0.04148881679630477,0.00742984539220967,2.7118774284943945,-0.3860700988687196
226.10000000000002,6.953455940339749,-0.1716682335045645,-0.03633092611892866,0.007438364407814183,2.709407386500434,-0.3857445760197578
226.20000000000002,6.945240763524766,-0.17167404277127074,-0.031013005420536102,0.007451917387185,2.705944710807967,-0.385419053170796
226.3,6.937860283819326,-0.17167404277127074,-0.02556582970516873,0.007468568190412003,2.701558654930841,-0.38510060690550724
226.4,6.931402364077067,-0.17167694740462386,-0.02002017397686816,0.007490252957405309,2.696226134364441,-0.38478216064021853
226.5,6.925910935724804,-0.17167404277127074,-0.01440681323967602,0.0075181333721109885,2.690016402622616,-0.38447079095860287
226.60000000000002,6.921473861616177,-0.17167404277127074,-0.00876883249925058,0.0075506605226009485,2.6829063752007496,-0.38414526810964106
226.70000000000002,6.918091141751184,-0.17167113813791762,-0.003137006759633466,0.007590157776767328,2.6749653056126905,-0.38381974526067925
226.8,6.915894570410279,-0.1716682335045645,0.002445578973517051,0.007637786818556197,2.666262447372289,-0.3835012989953905
226.9,6.914840216166645,-0.17166532887121136,0.007941994695351022,0.007694322103931603,2.6568439694887775,-0.3831828527301018
227.0,6.914972010447099,-0.17166242423785824,0.013321465401826823,0.007757440265001405,2.646732956466772,-0.3828714830484861
227.10000000000002,6.91633388467846,-0.17165951960450512,0.01854090608728618,0.007824430705891441,2.635998661820123,-0.38256011336687046
227.20000000000002,6.918837976007091,-0.1716537103377989,0.02356338674687915,0.007896455110547781,2.6246872545580624,-0.3822487436852548
227.3,6.922528215859812,-0.17165080570444574,0.028351977375755778,0.007973126250988399,2.61286798819444,-0.3819444505873122
227.4,6.927360672809802,-0.17164790107109262,0.03286974796906612,0.008055218583177344,2.6005870317384887,-0.38164723407304274
227.5,6.933247484003426,-0.1716420918043864,0.037098233524385196,0.008140021511240454,2.5878905541994413,-0.38135001755877324
227.60000000000002,6.940144718013867,-0.171633377904327,0.04099434903605474,0.008226373351231655,2.574801640081914,-0.3810386478771576
227.70000000000002,6.947964511987488,-0.17162756863762077,0.04453962950164978,0.008313886875168928,2.5614357119089894,-0.3807272781955419
227.8,6.95666293449747,-0.17161595010420827,0.04770329991712868,0.008402174855070247,2.5478389386899,-0.38041590851392626
227.9,6.966108191263361,-0.1716072362041489,0.05047305028087481,0.008494722342773823,2.534080573938496,-0.3801116154159837
228.0,6.976212419431522,-0.1715985223040895,0.052818105588846524,0.008586882602495375,2.5202067866640094,-0.3798214754853873
228.10000000000002,6.986843824721501,-0.171586903770677,0.05473846584104383,0.00867710672230681,2.506263745875674,-0.3795242589711178
228.20000000000002,6.99791454427966,-0.1715723806039114,0.05622182103585009,0.008765781930190153,2.4923668740965708,-0.3792341190405214
228.3,7.009248852398729,-0.17155785743714577,0.05724970617084032,0.008851746542199331,2.478539255831317,-0.378943979109925
228.4,7.020758886225069,-0.17154333427038015,0.057834431247631164,0.00893538778631637,2.464873229098379,-0.37866799234667475
228.5,7.032356782905047,-0.17152300183690827,0.057975996266222636,0.009015543978595199,2.4514149629069886,-0.37837785241607835
228.60000000000002,7.043822885304569,-0.17150266940343642,0.05767440122661472,0.009090666207107724,2.438256795275612,-0.37808771248548195
228.70000000000002,7.055113261996819,-0.17147943233661142,0.05693580112961576,0.009161528927817993,2.4254910642227148,-0.37779757255488555
228.8,7.066052187274524,-0.17145619526978642,0.05577866097765071,0.009228519368708029,2.4132101077667634,-0.37750743262428915
228.9,7.076639661137685,-0.17143295820296145,0.054221445773144555,0.009293960897669972,2.4014831794216067,-0.3772243692773658
229.0,7.086656026452211,-0.17140681650278333,0.05227646551771395,0.009353206778919541,2.390402617205711,-0.37694838251411555
229.10000000000002,7.096057351791282,-0.17137777016925207,0.049974495215400504,0.009404708100528644,2.380037674632925,-0.3766723957508653
229.20000000000002,7.104755774301265,-0.17134872383572083,0.04732784486782088,0.009449239318461327,2.3704806897217146,-0.37640348557128817
229.3,7.112663431128522,-0.17131677286883648,0.04437344447982501,0.009487187660699612,2.3618009159859294,-0.376134575391711
229.4,7.119736390846235,-0.1712848219019521,0.041135914054646214,0.009518553127243503,2.354021437930186,-0.37587274179580693
229.5,7.125886790600768,-0.1712499663017146,0.0376460285963261,0.009543335718092995,2.3472576780775656,-0.3756038316162298
229.60000000000002,7.1310267675384855,-0.171212206068124,0.033934563108906295,0.009559599293337976,2.3415096364280696,-0.37533492143665265
229.70000000000002,7.1351563216593865,-0.1711744458345334,0.030032292596428426,0.009569667220870581,2.336846566495547,-0.3750660112570755
229.8,7.138319384390289,-0.17113668560094278,0.02597614706374244,0.009572765044726768,2.3333377217938462,-0.3748041776611714
229.9,7.140384161450739,-0.17109892536735216,0.021796901514889958,0.009570828904816652,2.331006186827585,-0.3745494206489404
230.0,7.141394584267555,-0.17105535586705528,0.01751917595310428,0.009560373749302022,2.3298750461013786,-0.3743017402203825
230.10000000000002,7.141350652840737,-0.17101469100011155,0.013179900383235355,0.009541399578182879,2.3299212151106117,-0.3740540597918246
230.20000000000002,7.140296298597103,-0.1709711214998147,0.008803694808516482,0.009515068075405293,2.3311908628645166,-0.37381345594693977
230.3,7.138231521536652,-0.1709246473661647,0.004421334232989285,0.009481766468951287,2.3336609048584767,-0.37357285210205493
230.4,7.1351563216593865,-0.17087817323251472,5.7438659887061506e-05,0.009442269214784907,2.3373313410924923,-0.3733393248408432
230.5,7.13115856181894,-0.17083169909886473,-0.004257216906748564,0.009396576312906154,2.342202171566563,-0.37309872099595837
230.60000000000002,7.1262821734421316,-0.17078522496521475,-0.008516477466109267,0.009344300535333005,2.34820414276684,-0.3728581171510736
230.70000000000002,7.120571087955779,-0.17073584619821164,-0.012689568014153425,0.009287765249957598,2.3553834237025564,-0.37261751330618875
230.8,7.114157099640337,-0.17068646743120852,-0.016758023548456062,0.00922735768476196,2.363693845364478,-0.372383986044977
230.9,7.107084139922624,-0.17063999329755855,-0.020715689068208854,0.009166562891584297,2.3731123232479896,-0.37215045878376524
231.0,7.099440071656276,-0.17059061453055543,-0.02455025457179515,0.009100734134640331,2.383592688343858,-0.37193108468989966
231.10000000000002,7.09126882626811,-0.17054123576355232,-0.028249410057598304,0.009030645869894108,2.3950887716428504,-0.37170463401236103
231.20000000000002,7.0827461294654,-0.1704918569965492,-0.031813155525618315,0.008955910869363606,2.4075313196311168,-0.37148525991849546
231.3,7.073871981248145,-0.17044247822954608,-0.035229180974238536,0.008877690816994894,2.4208972478040414,-0.3712658858246299
231.4,7.0647781758968,-0.17039019482918985,-0.03849748640345896,0.008797147396734041,2.435117302647775,-0.37105358831443735
231.5,7.055596507691818,-0.17034081606218673,-0.04161807181327959,0.008715055064545096,2.4500991461438506,-0.3708342142205718
231.60000000000002,7.0463269766332,-0.17029143729518365,-0.04459709220450875,0.008631026592446033,2.4657966092830366,-0.3706219167103793
231.70000000000002,7.037145308428219,-0.1702391538948274,-0.04743454757714644,0.008545449208418878,2.4820942695422503,-0.37040254261651373
231.8,7.028051503076873,-0.17018687049447118,-0.05013659293200099,0.008458710140445653,2.4989690424168756,-0.3701973216899943
231.9,7.0191334234328,-0.17013749172746806,-0.0527032282690724,0.00837351998440052,2.51623625186998,-0.369999177347148
232.0,7.010478932349636,-0.17008520832711183,-0.05515291859078564,0.008283295864589086,2.533826644387715,-0.3698081095879748
232.10000000000002,7.002044098400561,-0.17003002029340247,-0.0574856638971407,0.00819191006083158,2.5516478819516144,-0.36960996524512846
232.20000000000002,6.99400464729285,-0.1699748322596931,-0.059707619188945925,0.008099749801110027,2.5695383730293635,-0.3694188974859552
232.3,6.986228784746047,-0.16991964422598374,-0.061831094467817954,0.008009138453316569,2.587428864107112,-0.369234906310455
232.4,6.978848305040608,-0.1698644561922744,-0.06385608973375678,0.00792317384130739,2.605157763652546,-0.36905799171862796
232.5,6.971819276749713,-0.16980926815856504,-0.06578875998757075,0.007840307053154397,2.622609649142582,-0.3688810771268009
232.60000000000002,6.965141699873363,-0.16975117549150254,-0.06764141523087648,0.007760925316839615,2.6396460135495223,-0.3687041625349738
232.70000000000002,6.958771642984739,-0.16969598745779318,-0.06940790046286568,0.007688513684201253,2.6561976033595167,-0.36852724794314673
232.8,6.952709106083842,-0.16964079942408383,-0.07110052568515497,0.0076219104712932405,2.6721489960494837,-0.3683644865186658
232.9,6.946866226317035,-0.16958270675702133,-0.07270698089612773,0.0075638262739897415,2.687338600087108,-0.36820880167785797
233.0,6.941286935111138,-0.16952751872331198,-0.07423957609740058,0.007511550496416592,2.7017202464631564,-0.36804604025337706
233.10000000000002,6.935839438185694,-0.16946942605624948,-0.07567984628654856,0.007467793734447956,2.7151554281499304,-0.36789035541256926
233.20000000000002,6.930479804113887,-0.169411333389187,-0.07704010146518833,0.0074341049000119265,2.7275748916335805,-0.3677346705717614
233.3,6.925208032895715,-0.16935614535547766,-0.07829572163008656,0.00741358181696469,2.7389093834002574,-0.36759313889829975
233.4,6.919892330250725,-0.16930095732176828,-0.07944670678124328,0.00740661171328827,2.7490896499361117,-0.3674516072248381
233.5,6.9144887647521,-0.16924576928805893,-0.08048074691704184,0.00741242013301862,2.758023353222678,-0.3673171521350495
233.60000000000002,6.908953404973021,-0.1691934858877027,-0.08138553203586557,0.00743216876010181,2.7656874087553396,-0.367189773628934
233.70000000000002,6.903242319486668,-0.16913829785399334,-0.08214875213609783,0.007465083138573793,2.7720356475248633,-0.3670623951228185
233.8,6.897267645439407,-0.1690860144536371,-0.08275194221531366,0.007510388812470522,2.7770449850266328,-0.36694209320037613
233.9,6.891029382831238,-0.16903373105328087,-0.08317663727108807,0.007569634693720091,2.7806692522514154,-0.3668359444452799
234.0,6.8843957373817055,-0.16897854301957152,-0.08341668230261273,0.007636237906628104,2.782908449199211,-0.3667297956901836
234.10000000000002,6.8774106405176285,-0.16892335498586214,-0.08344130230584602,0.0077125218190866995,2.783716406860787,-0.36662364693508737
234.20000000000002,6.869986229385371,-0.1688681669521528,-0.08324434227997964,0.007798486431095878,2.783116209740759,-0.3665316513473373
234.3,6.86216643541175,-0.16881007428509032,-0.08280733722258858,0.007894906198619687,2.781107857839128,-0.3664467323432603
234.4,6.85386339574313,-0.16875198161802782,-0.08210566713043957,0.008002555577622172,2.777737520165126,-0.3663688899228564
234.5,6.845164973233148,-0.16869388895096535,-0.08113317700272427,0.008119498428193218,2.772982112214138,-0.3662910475024525
234.60000000000002,6.836027236454984,-0.16863289165054973,-0.0798714018370177,0.008243798610422706,2.7668647184907784,-0.3662202816657216
234.70000000000002,6.826538048262276,-0.168568989716781,-0.07831418663251154,0.008375068896328615,2.759500761518131,-0.3661495158289908
234.8,6.816609545801387,-0.16850508778301226,-0.07644306638678083,0.008515245425821058,2.750890241296195,-0.36609290315960613
234.9,6.806417454779589,-0.16844118584924353,-0.07426419610063388,0.00866316651495397,2.7410793268342037,-0.36605044365756767
235.0,6.795917843770065,-0.16837437928212168,-0.07175911077164572,0.008816121567853184,2.730160356150623,-0.36601506073920226
235.10000000000002,6.78519857562645,-0.16830757271499983,-0.068940120401433,0.00897488504048275,2.718156413750069,-0.36597967782083685
235.20000000000002,6.774303581775563,-0.16823786151452486,-0.06580722498999572,0.009138682476878617,2.7051598376510073,-0.3659584480698176
235.3,6.763364656497857,-0.16816524568069674,-0.062360424537333876,0.009308288333004835,2.691286050376521,-0.36594429490247143
235.4,6.7523817997933335,-0.16809262984686862,-0.05861202904506413,0.009482540924915333,2.6766043054404585,-0.3659301417351252
235.5,6.741530737369264,-0.16802001401304054,-0.05458050351561144,0.009659504112699993,2.66118385635667,-0.36590891198410597
235.60000000000002,6.730899332079286,-0.16794158891250618,-0.05028431295140079,0.009839952352322864,2.6451632101528535,-0.36588768223308676
235.70000000000002,6.720531515350215,-0.16786606844532495,-0.04574192235485715,0.010023111187819898,2.6286808738567085,-0.3658664524820675
235.8,6.710603012889326,-0.1677876433447906,-0.040971796728405493,0.01021052953111919,2.6118522699913163,-0.36585229931472135
235.9,6.701157756123436,-0.16771212287760937,-0.03601086607689577,0.010400658470292643,2.5947928210797597,-0.36584522273104825
236.0,6.692327539332999,-0.1676307931437219,-0.030883750403561283,0.010589238497538005,2.577617949645121,-0.36584522273104825
236.10000000000002,6.68424415679847,-0.16755236804318754,-0.025627379713251977,0.010776269612855272,2.560443078210482,-0.36585229931472135
236.20000000000002,6.676951539946666,-0.16746813367594693,-0.0202786840108178,0.0109609773602804,2.5433836292989254,-0.3658664524820675
236.3,6.670581483058043,-0.16738680394205946,-0.014880748301917024,0.011142974511831364,2.52657810993815,-0.36588060564941366
236.4,6.665221848986235,-0.16730256957481887,-0.009464347590591273,0.011322261067508164,2.5101188581466207,-0.36590891198410597
236.5,6.660916569158062,-0.16721543057422514,-0.004084876884115472,0.011496900887400685,2.4940982119428043,-0.3659230651514522
236.60000000000002,6.657753506427159,-0.1671282915736314,0.0012268888134687574,0.011666506743526903,2.4786546783543995,-0.36593721831879833
236.70000000000002,6.655864455073981,-0.1670411525730377,0.006415554494886492,0.011830304179922771,2.4638805953998713,-0.3659513714861445
236.8,6.655205483671709,-0.16695110893909085,0.011444190155287786,0.011989842108516382,2.4498683010976863,-0.36597260123716374
236.9,6.6559083865007995,-0.166861065305144,0.01626971078901436,0.012142797161415596,2.4367101334663097,-0.365993830988183
237.0,6.657929232134432,-0.16677102167119714,0.020842876389599627,0.012286458742746252,2.4244984305242077,-0.3660221373228753
237.10000000000002,6.6612680205726065,-0.16667516877054403,0.02512675695219363,0.012421988536454417,2.4132562767759964,-0.3660575202412407
237.20000000000002,6.6660126146689604,-0.16658222050324406,0.029078267471138095,0.012548612086576046,2.4030990947447584,-0.36609290315960613
237.3,6.672031220143039,-0.16648636760259097,0.032654322940774756,0.012667103849075184,2.3940268844304935,-0.36613536266164465
237.4,6.6793677684216615,-0.16639051470193786,0.03583645835867863,0.012775914912023739,2.3861319838516675,-0.36617782216368316
237.5,6.6879343966511895,-0.16629175716793165,0.03857543371838313,0.01287272190752957,2.3794143930082807,-0.3662132050820486
237.60000000000002,6.697643241977988,-0.1661900950005723,0.04085278401746328,0.012959073747520772,2.3739202809095654,-0.3662415114167409
237.70000000000002,6.708450372975239,-0.16608843283321295,0.042643889252685765,0.013034970431997346,2.3697189010693718,-0.36626981775143325
237.8,6.720267926789307,-0.1659867706658536,0.043917974420008984,0.013103897012797497,2.3667871689830826,-0.36629812408612555
237.9,6.733008040566554,-0.16588220386514113,0.04467503951943293,0.013162755666065043,2.365171253659931,-0.36634058358816407
238.0,6.746451057172891,-0.16577763706442866,0.04488430954691597,0.013209223023907844,2.3648249860906843,-0.3663759665065295
238.10000000000002,6.760553045181499,-0.16567016563036308,0.044558094504074754,0.013243299086325896,2.3657714507799588,-0.3664113494248949
238.20000000000002,6.775138278885106,-0.16555978956294437,0.04367792938848432,0.013263822169373132,2.3679644787185214,-0.3664538089269334
238.3,6.79003103257644,-0.16544941349552564,0.04225612420176131,0.01327272841295967,2.371427154410989,-0.36649626842897187
238.4,6.805099511975047,-0.16533322816140067,0.04029883394471405,0.01326924336112146,2.3760671398388955,-0.3665387279310104
238.5,6.820167991373652,-0.1652170428272757,0.037818368618959194,0.013252979785876478,2.3818613504976245,-0.3665741108493758
238.60000000000002,6.835060745064986,-0.16510085749315073,0.0348331932269217,0.013226648283098892,2.388763617377943,-0.3666094937677412
238.70000000000002,6.849645978768594,-0.16497886289231953,0.031361772771026565,0.013190248852788699,2.396773940479851,-0.3666448766861066
238.8,6.8637479667772014,-0.16485977292484144,0.027434882255315395,0.013147653774766134,2.40575381277565,-0.3666944127718182
238.9,6.877234914810357,-0.1647377783240102,0.023077141683021496,0.013095377997192984,2.415680149760724,-0.36675102544120286
239.0,6.889887165733968,-0.1646128790898259,0.018331636059803143,0.013033421520069251,2.426460613416606,-0.36680763811058753
239.10000000000002,6.901616856694399,-0.16448507522228842,0.013229140389701953,0.012964882167251123,2.4380259502294472,-0.3668571741962991
239.20000000000002,6.912292193411195,-0.16436017598810407,0.007812739678376203,0.012892083306630737,2.4503069066853986,-0.36692086344935687
239.3,6.9218253130307215,-0.1642323721205666,0.002119363930675841,0.012819284446010352,2.4632111447659946,-0.36698455270241465
239.4,6.930040489845705,-0.16410747288638228,-0.0037894368453158856,0.012747260041354012,2.4766463264527685,-0.3670623951228185
239.5,6.93684986100251,-0.16398257365219793,-0.009882887645557354,0.01267484840871565,2.490520113727255,-0.36714023754322245
239.60000000000002,6.942253426501136,-0.16386057905136672,-0.01610559346277364,0.012604760143969428,2.504740168570988,-0.3672251565472994
239.70000000000002,6.946163323487946,-0.16373567981718237,-0.022402159289689826,0.012534671879223205,2.519260321974735,-0.36731007555137646
239.8,6.948535620536123,-0.16361078058299805,-0.02873565512145596,0.0124665197543871,2.5339189824061807,-0.3674091477227996
239.9,6.949370317645667,-0.1634858813488137,-0.03504453094998879,0.01239914208551504,2.5486699808560926,-0.3675082198942228
240.0,6.948579551962941,-0.16335807748127623,-0.04127954676882173,0.012330989960678935,2.563420979306004,-0.367614368649319
240.10000000000002,6.946251186341582,-0.16323317824709188,-0.04740377257310482,0.01226283783584283,2.578056555232833,-0.3677134408207422
240.20000000000002,6.942429152208408,-0.16310537437955444,-0.05335565835475482,0.012198945218808979,2.592507455122731,-0.3678337427431846
240.3,6.9370695181366,-0.16297757051201697,-0.059092119108113454,0.01213737596966727,2.6066813409572314,-0.367954044665627
240.4,6.930260146979796,-0.1628497666444795,-0.06457622482833078,0.012076968404471632,2.620508959222485,-0.3680884997554156
240.5,6.922044970164812,-0.16271905814358892,-0.06976489050974852,0.012017722523222063,2.6338518028907933,-0.3682229548452042
240.60000000000002,6.912511850545286,-0.16258834964269833,-0.07460887614590006,0.01195925109793654,2.6466637029529227,-0.3683644865186658
240.70000000000002,6.901748650974853,-0.16245473650845463,-0.07908971673436045,0.011900779672651017,2.658875405895025,-0.3685130947758006
240.8,6.8897993028803315,-0.1623211233742109,-0.08316432726947141,0.011846567755167752,2.6703945736986334,-0.3686758562002815
240.9,6.876839531968994,-0.16218460560661407,-0.08680808774799965,0.011791968609702462,2.681128868345283,-0.3688386176247624
241.0,6.86286933824084,-0.1620451832056641,-0.08999022316590352,0.011737369464237172,2.6910090363211236,-0.3690013790492433
241.10000000000002,6.848020515976324,-0.16190285617136102,-0.0926984235215664,0.011686255370610093,2.69994273960769,-0.3691712170573973
241.20000000000002,6.832468790882719,-0.16176052913705793,-0.09490806881175498,0.011639788012767294,2.7079299782049815,-0.36934813164922436
241.3,6.816214162960024,-0.16161820210275485,-0.09661300403566092,0.011600677986582937,2.714878414094533,-0.3695391994083976
241.4,6.79947628934233,-0.16147877970180488,-0.09780091919166758,0.011570861431967141,2.7207649627717276,-0.36973026716757085
241.5,6.782255170029638,-0.16133645266750182,-0.09846565927896667,0.011548402209009788,2.7254972862180997,-0.3699213349267441
241.60000000000002,6.764770462156036,-0.16119412563319874,-0.09860722429755812,0.011535623685603019,2.729098468938266,-0.37011240268591733
241.70000000000002,6.747110028575162,-0.16105179859889565,-0.098225614247442,0.011534074773674925,2.73154542642761,-0.37031762361243675
241.8,6.72940566356747,-0.16091237619794568,-0.09733313913023492,0.011545691613135626,2.732791989676898,-0.3705299211226292
241.9,6.711701298559778,-0.16077295379699572,-0.09594210894755352,0.011566214696182861,2.732838158686131,-0.3707563718001679
242.0,6.694216590686177,-0.1606364360293989,-0.09405867870020616,0.011597967390708775,2.7317070179599248,-0.3709757458940335
242.10000000000002,6.676995471373484,-0.16049701362844893,-0.0917013133906178,0.011640175240749317,2.72939856749828,-0.3712092731552452
242.20000000000002,6.660213666328972,-0.16036049586085208,-0.0888884780212134,0.011693999930250559,2.7259358918058125,-0.37144280041645694
242.3,6.64391510697946,-0.16022397809325525,-0.0856509475960346,0.011758279775266433,2.7213651598917554,-0.37167632767766867
242.4,6.6282315876054,-0.1600874603256584,-0.08200103211669804,0.011832240319832888,2.7156863717561084,-0.3719169315225535
242.5,6.613294902487248,-0.15995094255806158,-0.07796950658724536,0.01191394542403981,2.7089687809127216,-0.3721433822000922
242.60000000000002,6.59919291447864,-0.15981152015711161,-0.07359330101252648,0.012002620631923153,2.7013047253800604,-0.3723769094613039
242.70000000000002,6.585969555006393,-0.1596750023895148,-0.06888472539415808,0.012095942575590775,2.6927403741673572,-0.37261751330618875
242.8,6.573800549777782,-0.15953557998856482,-0.06388686473779841,0.012195072938988746,2.6833218962838457,-0.3728581171510736
242.9,6.562685898792804,-0.15939615758761486,-0.0586304940474891,0.012293816074404695,2.6731416297479913,-0.37310579757963147
243.0,6.552757396331915,-0.15925092591995865,-0.05314638832727178,0.012392559209820644,2.6622457435690268,-0.37335347800818935
243.10000000000002,6.543971110968296,-0.15910569425230245,-0.04746532258118807,0.012490140661290523,2.650726575765418,-0.37360823502042034
243.20000000000002,6.536458836982402,-0.1589575579512931,-0.041624226814087915,0.012585398744868262,2.6386302953463985,-0.37387006861632444
243.3,6.5302205743742325,-0.15880651701693066,-0.03565387603001294,0.012677946232571836,2.626049240330433,-0.37413190221222853
243.4,6.525256323143788,-0.15865257144921507,-0.02958504523300477,0.012766234212473155,2.613029579726755,-0.37439373580813257
243.5,6.521566083291068,-0.15849572124814637,-0.02345466442791335,0.012850262684572218,2.5996636515538305,-0.3746414162366905
243.60000000000002,6.519237717669709,-0.15833596641372455,-0.01729350861878031,0.012931193332815094,2.5860668783347416,-0.3748890966652484
243.70000000000002,6.518183363426075,-0.1581762115793027,-0.011138507810455596,0.013009800613165829,2.572331598087954,-0.3751509302611525
243.8,6.518403020560165,-0.15801355211152776,-0.0050142820061725045,0.013086858981588472,2.5584808953180835,-0.3754127638570566
243.9,6.51989668907198,-0.15784798801039968,0.001042238789219016,0.01315888338624481,2.5446532770528303,-0.3756745974529606
244.0,6.5226204375347026,-0.1576824239092716,0.007000279571677341,0.013226648283098892,2.5308718277968096,-0.37594350763253775
244.10000000000002,6.526486403094695,-0.1575139551747904,0.012835220337969171,0.013290928128114766,2.517251970073104,-0.376219494395788
244.20000000000002,6.531450654325139,-0.15734548644030918,0.018516286084052883,0.01335327183322052,2.503862957395563,-0.37649548115903825
244.3,6.5375131912260365,-0.15717701770582798,0.024018856806695178,0.013413292170434138,2.490774043278036,-0.3767714679222885
244.4,6.544542219516931,-0.15700854897134678,0.029312157501854435,0.01347060191177359,2.478008312225139,-0.37704745468553874
244.5,6.552493807771006,-0.15683717560351246,0.03436541316548902,0.013524426601274831,2.465658102255338,-0.37730928828144283
244.60000000000002,6.561324024561443,-0.15666580223567814,0.03916015879517398,0.013574766238937865,2.4538157513870993,-0.37757112187734687
244.70000000000002,6.570901075607788,-0.15649442886784382,0.04367792938848432,0.013623944192654827,2.4425043441250387,-0.377840032056924
244.8,6.581137098056403,-0.1563230555000095,0.0478817949405701,0.013672347690407743,2.431793133983006,-0.37811601882017426
244.9,6.59203209190729,-0.15615168213217515,0.05175944544981467,0.013713006628520192,2.4217282899702335,-0.3783920055834245
245.0,6.603410331453177,-0.15598030876434082,0.05528626091298473,0.01374746991892027,2.412309812086722,-0.37866799234667475
245.10000000000002,6.6152718166940625,-0.15580603076315339,0.058443776327655315,0.013773414193715833,2.4035838693417038,-0.3789510556935981
245.20000000000002,6.627440821922674,-0.1556288481286128,0.06121352669140143,0.013790452224924858,2.395550461735179,-0.3792341190405214
245.3,6.639873415712195,-0.1554487608607191,0.06358320200260645,0.013797422328601278,2.388255758276381,-0.37951718238744475
245.4,6.652525666635806,-0.15526867359282542,0.06552818225803705,0.013792775592816999,2.3816766744606928,-0.37979316915069494
245.5,6.665221848986235,-0.15508277705822546,0.06703615745607662,0.013776899245554041,2.3758132102881144,-0.3800691559139452
245.60000000000002,6.677961962763482,-0.15489688052362552,0.06809481759510846,0.013751729426722526,2.3707346192724956,-0.3803380660935224
245.70000000000002,6.690658145113911,-0.15471098398902558,0.06869185267351596,0.013718815048250543,2.3663716478999866,-0.3806211294404457
245.8,6.703222533183887,-0.1545221828210725,0.06882110769049078,0.013678156110138093,2.362724296170587,-0.380904192787369
245.9,6.715567264119771,-0.1543304770197663,0.06847027264441627,0.013627042016511014,2.3598156485889143,-0.38118725613429233
246.0,6.727648406494747,-0.15413877121846012,0.06763319253448412,0.013568957819207514,2.357576451641119,-0.38147739606488873
246.10000000000002,6.739378097455178,-0.1539441607838008,0.06630371235988597,0.01350312906226355,2.3560297898318168,-0.3817604594118121
246.20000000000002,6.750712405574246,-0.15374955034914148,0.06447567711981353,0.013433040797517327,2.3551294941517753,-0.3820505993424085
246.3,6.761563467998315,-0.15355493991448216,0.06214908681426679,0.013359467480932894,2.3548755646009942,-0.38234781585667793
246.4,6.771887353300567,-0.15336032947982284,0.059336251444862396,0.013282409112510251,2.355221832170241,-0.3826308792036013
246.5,6.781640130054184,-0.15316571904516352,0.05603101601079202,0.01320302737619547,2.356145212354899,-0.3829139425505246
246.60000000000002,6.7907778668323475,-0.1529711086105042,0.052239535512864,0.01312170949997057,2.3576457051549684,-0.383204082481121
246.70000000000002,6.79925663220824,-0.152779402809198,0.047980274953503294,0.013039617167781625,2.3597002260658324,-0.38349422241171743
246.8,6.8069885633282246,-0.15258479237453867,0.04325938933351824,0.012955975923664586,2.362262606078258,-0.38379851550966
246.9,6.8139736601923016,-0.15239308657323247,0.038095343655333805,0.012867687943763268,2.3653097606876297,-0.3840957320239295
247.0,6.820167991373652,-0.15219557150522003,0.032512757922183284,0.01277475322807767,2.3687955208847136,-0.3843858719545259
247.10000000000002,6.82552762544546,-0.15200096107056071,0.026523942135683338,0.012677946232571836,2.3726968021648935,-0.38469016505246845
247.20000000000002,6.830008630980905,-0.15180344600254828,0.020165826300683906,0.012578041413209819,2.3769443510143207,-0.384994458150411
247.3,6.833611007979989,-0.15160593093453584,0.013456875419609967,0.012475425997973636,2.381538167432994,-0.3852987512483536
247.4,6.836246893589075,-0.15140841586652337,0.006440174498119792,0.01236777661897115,2.3864320824116816,-0.38560304434629616
247.5,6.837872356381344,-0.15120799616515782,-0.0008535014597449964,0.012255093276202363,2.3915799269411497,-0.3859144140279118
247.60000000000002,6.838575259210434,-0.15100757646379226,-0.008387222449134448,0.012138150425631317,2.3969586165167827,-0.3862257837095275
247.70000000000002,6.838223807795889,-0.15080425212907356,-0.016111748463581967,0.012018884207168132,2.4025450666339636,-0.3865442299748162
247.8,6.8368180021377105,-0.15060092779435486,-0.023996304499045926,0.011894584024938643,2.4082700237788432,-0.386869752823778
247.9,6.834357842235897,-0.15039469882628304,-0.031985495548251405,0.011763313739032735,2.4141104034468053,-0.38718819908906676
248.0,6.83084332809045,-0.1501855652248581,-0.04003008160473181,0.011627396717342548,2.420043121133233,-0.38750664535435553
248.10000000000002,6.826230528274549,-0.14997643162343316,-0.04808082266202054,0.011488769099778195,2.426022007828893,-0.38783216820331734
248.20000000000002,6.820519442788197,-0.1497643933886551,-0.056094633714459316,0.011350915938177891,2.4320239790291702,-0.38816476763595226
248.3,6.813754003058211,-0.14955525978723017,-0.0640099647539649,0.011215386144469727,2.4380259502294472,-0.3884973670685871
248.4,6.805890277657772,-0.14934612618580523,-0.07177142077326237,0.011081792490671679,2.4439817524204916,-0.38882996650122204
248.5,6.797016129440517,-0.1491369925843803,-0.07934207176750177,0.010952458344675887,2.4499375546115356,-0.38916256593385695
248.60000000000002,6.787087626979628,-0.14892785898295535,-0.08665421272779153,0.010828158162446398,2.455847187793347,-0.3895022419501649
248.70000000000002,6.776148701701922,-0.14872163001488353,-0.09366475864847339,0.0107119897678394,2.4617106519659253,-0.389848994550146
248.8,6.764287216461037,-0.14851830568016483,-0.1003183145222724,0.01060162979296275,2.4675279471292706,-0.39020282373380016
248.9,6.751503171256972,-0.148312076712093,-0.10657795034433863,0.01049552932588836,2.4732759887787665,-0.3905566529174543
249.0,6.737884428943363,-0.1481087523773743,-0.11238827110739717,0.010394850050562295,2.478931692409797,-0.39091048210110846
249.10000000000002,6.7234749209470275,-0.14790833267600875,-0.11770619180578971,0.010299204739002532,2.484541227031594,-0.39126431128476263
249.20000000000002,6.708318578694786,-0.1477079129746432,-0.12250093743547467,0.010209755075155143,2.4900815081395424,-0.39162521705208986
249.3,6.692591127893908,-0.1475074932732776,-0.12672326798998543,0.01012572660305608,2.495552535733641,-0.3919931994030902
249.4,6.676248637117577,-0.14730707357191206,-0.130354718466897,0.010043634270867135,2.500931225309274,-0.3923541051704174
249.5,6.659510763499883,-0.14710665387054647,-0.13335835886135947,0.009963865306570329,2.506263745875674,-0.39271501093774464
249.60000000000002,6.642377507040826,-0.14690623416918092,-0.13571572417094785,0.009884096342273524,2.5115500974328406,-0.39307591670507186
249.70000000000002,6.625024593447679,-0.14670290983446221,-0.13740834939323712,0.009805876289904812,2.516744110971542,-0.3934509756397453
249.8,6.607539885574078,-0.14650249013309666,-0.1384239245266107,0.009725332869643959,2.5218919555010104,-0.3938331111580918
249.9,6.590011246273658,-0.14629626116502484,-0.13875013956945192,0.009640917169562873,2.526947462012013,-0.39421524667643826
250.0,6.572570469826875,-0.14609003219695302,-0.1383931495225691,0.009553403645625602,2.53191063050455,-0.39459738219478474
250.10000000000002,6.555349350514182,-0.14588089859552808,-0.1373467993851539,0.009462405069850119,2.5367814609786206,-0.3949865942968043
250.20000000000002,6.538435751189216,-0.14567176499410314,-0.13562339915882296,0.009369857582146543,2.5415599534342257,-0.39537580639882386
250.3,6.5219614661324306,-0.1454597267593251,-0.13323525884519297,0.009276535638478921,2.546246107871365,-0.39576501850084345
250.4,6.506102221051099,-0.145247688524547,-0.13020699844749722,0.009182439238847253,2.550793755280806,-0.39614715401918993
250.5,6.4908580159452205,-0.14503565028976895,-0.12655708296816065,0.009090278979125701,2.5552490646717807,-0.3965222129538633
250.60000000000002,6.476492439375703,-0.1448236120549909,-0.12231628741122494,0.009000442087296289,2.5596120360442898,-0.3969043484722098
250.70000000000002,6.463005491342549,-0.1446115738202128,-0.11752154178153998,0.008916413615197226,2.5638365003891,-0.39728648399055627
250.8,6.4505728975530285,-0.14440244021878787,-0.11220977608395576,0.008835095738972327,2.567968626715445,-0.39767569609257586
250.9,6.43923858943396,-0.14419330661736293,-0.10641792032332219,0.008757650142567663,2.571939161509474,-0.39806490819459545
251.0,6.429178292692616,-0.143984173015938,-0.10020136950691423,0.008686012965893346,2.575794273780421,-0.39844704371294193
251.10000000000002,6.420435938755816,-0.14377794404786617,-0.09360320864039014,0.008619409752985334,2.579487794519053,-0.3988362558149615
251.20000000000002,6.413055459050375,-0.14357171507979435,-0.08667883273102484,0.008560938327699812,2.58301972372537,-0.39922546791698105
251.3,6.407168647856751,-0.14336839074507568,-0.07948363678609324,0.008509049778108686,2.5863669768947553,-0.39960760343532753
251.4,6.402775505174942,-0.14316506641035698,-0.07206686081206196,0.00846296964824791,2.5895064695225924,-0.39998266237000096
251.5,6.399963893858584,-0.14296464670899142,-0.06449005481701423,0.008423085166099506,2.5924382016088816,-0.40035772130467434
251.60000000000002,6.398733813907677,-0.14276422700762584,-0.05681476880903331,0.008389009103681453,2.5951621731536227,-0.4007327802393478
251.70000000000002,6.3991291967490405,-0.1425667119396134,-0.04909024279458579,0.008361515916957798,2.5976091306429665,-0.40110783917402115
251.8,6.401150042382673,-0.14236629223824784,-0.04138418178256325,0.008336733326108304,2.599779074076913,-0.40148997469236763
251.9,6.404752419381756,-0.14216587253688226,-0.033745825779432276,0.008313499647186905,2.601625834446229,-0.40186503362704107
252.0,6.4099363277462915,-0.1419654528355167,-0.0262305697924678,0.008291040424229552,2.603103242741682,-0.40224716914538755
252.10000000000002,6.41665783604946,-0.14176503313415112,-0.018887653828136414,0.008269355657236245,2.604188214458655,-0.40262222808006093
252.20000000000002,6.424785150010807,-0.14156170879943245,-0.011778627894521367,0.008249219802171033,2.6048345805879154,-0.4030043635984074
252.3,6.434318269630333,-0.14135838446471374,-0.0049342669956642824,0.008229858403069865,2.6049961721202304,-0.40337942253308084
252.4,6.445169332054403,-0.14115215549664192,0.0015900338611599158,0.008211271459932746,2.6046268200463674,-0.4037474048840811
252.5,6.4572065430025605,-0.1409459265285701,0.007763499671909605,0.008193846200741697,2.603726524366326,-0.40411538723508145
252.60000000000002,6.470342039621171,-0.14073969756049828,0.013536890430118189,0.00817913153742481,2.6022722005754897,-0.4044833695860818
252.70000000000002,6.48440009620296,-0.14053056395907335,0.018897896134169017,0.00816983806585625,2.600194595160009,-0.4048513519370821
252.8,6.499292849894294,-0.14032433499100153,0.023803431778403814,0.008161319050251737,2.597470623615268,-0.4052264108717555
252.9,6.514888506414717,-0.14011229675622347,0.028241187361205934,0.00815589785850341,2.5941002859412663,-0.4055943932227558
253.0,6.531055271483776,-0.13990316315479853,0.0321926978801504,0.00815357449061127,2.5900143286241546,-0.40596237557375614
253.10000000000002,6.547573487967379,-0.1396940295533736,0.03563949833281224,0.008157446770431504,2.5852358361685495,-0.40633035792475647
253.20000000000002,6.564355293011891,-0.13948199131859554,0.038581588719191456,0.008169450837874227,2.579718639565218,-0.4066983402757568
253.3,6.581224960910039,-0.13927285771717057,0.041006659037671395,0.008189199464957416,2.573508907823393,-0.40706632262675707
253.4,6.598050697381369,-0.13906662874909878,0.0429270192898687,0.00821630542369905,2.5665604719338413,-0.40742722839408435
253.5,6.614656776718609,-0.13885749514767382,0.04434266947578339,0.008252317626027218,2.5589425854104126,-0.4077881341614116
253.60000000000002,6.63099926749494,-0.13865126617960202,0.04525976459622377,0.008297623299923949,2.5506552482531073,-0.4081561165124119
253.70000000000002,6.646814581149454,-0.13844794184488332,0.0456906146528065,0.00835260967337126,2.5416984604619244,-0.4085311754470853
253.8,6.66210271768215,-0.1382417128768115,0.0456659946495732,0.008412630010584878,2.5320953065414815,-0.4088991577980856
253.9,6.676687951385758,-0.13803548390873968,0.04518590458652388,0.00847690985560075,2.5219150400056267,-0.40926714014908594
254.0,6.6904824194066395,-0.13782925494066786,0.04428727446850847,0.008545836436400903,2.5111576608543613,-0.40962804591641316
254.10000000000002,6.703398258891159,-0.13762302597259604,0.04299472429876028,0.00861902252500331,2.4998924226015333,-0.4099960282674135
254.20000000000002,6.71534760698568,-0.13741679700452425,0.041320564078895956,0.00869685534939,2.4881424097517604,-0.4103640106184138
254.3,6.726286532263385,-0.13721056803645243,0.039307878814573774,0.008776237085704783,2.4759537913142746,-0.4107319929694141
254.4,6.736127171870638,-0.1370014344350275,0.03698128850902703,0.00885639327798361,2.4634189053075426,-0.4110928987367414
254.5,6.744913457234258,-0.1367893962002494,0.03437156816629735,0.00893654947026244,2.450583920740796,-0.4114608810877417
254.60000000000002,6.752557525500606,-0.13658026259882447,0.03150333778961803,0.009017092890523291,2.437564260137118,-0.411828863438742
254.70000000000002,6.759059376669684,-0.13636822436404641,0.028413527383839027,0.00909841076674819,2.4243830080011253,-0.4122039223734154
254.8,6.764419010741491,-0.13615618612926836,0.02512675695219363,0.009175856363152856,2.4111555868558994,-0.4125789813080888
254.9,6.768724290569664,-0.13594124326113716,0.021679956499531788,0.009250591363683358,2.397905081206057,-0.4129469636590891
255.0,6.771887353300567,-0.13572339575965284,0.018091591028278477,0.009324164680267791,2.3847469135746806,-0.4133220225937625
255.10000000000002,6.774083924641472,-0.13550845289152166,0.014386280541666999,0.009396189084924131,2.3717734219802358,-0.41370415811210903
255.20000000000002,6.775270073165561,-0.13529351002339046,0.010600955044547299,0.009467826261598446,2.3590538599365716,-0.4140862936304555
255.3,6.775533661726469,-0.13507566252190614,0.006747924538536027,0.009536365614416575,2.3466805654621545,-0.4144542759814558
255.4,6.774962553177834,-0.13486071965377497,0.0028456540260581578,0.009602968827324587,2.33474587657545,-0.4148222583324561
255.5,6.773688541800109,-0.13464287215229065,-0.0010750814888446862,0.009667635900322484,2.323388300304156,-0.41518316409978334
255.60000000000002,6.7717116275932945,-0.1344308339175126,-0.0050142820061725045,0.009733464657266449,2.312654005657507,-0.4155582230344568
255.70000000000002,6.769163604837845,-0.1342158910493814,-0.008941172521883672,0.009796970046318276,2.3026353306539677,-0.41593328196913015
255.8,6.766176267814215,-0.13400385281460334,-0.012855753035978192,0.009854279787657728,2.2934476978166205,-0.4163012643201305
255.9,6.762793547949221,-0.13378890994647213,-0.016745713546839413,0.009906168337248854,2.285160360659315,-0.4166763232548039
256.0,6.759191170950138,-0.13357687171169408,-0.020598744052850684,0.009951861239127606,2.277865657200517,-0.4170513821894773
256.1,6.755369136816964,-0.13336483347691602,-0.02442099955482033,0.009990971265311963,2.2715866719448425,-0.4174335177078238
256.2,6.751459239830154,-0.13315279524213794,-0.028200170051131707,0.010023111187819898,2.2664157429107576,-0.4178085766424972
256.3,6.747593274270161,-0.13293785237400677,-0.03193625554178481,0.010045183182795228,2.2623990391074953,-0.4181765589934975
256.40000000000003,6.743771240136987,-0.13272290950587556,-0.03562310102597131,0.010057187250237952,2.2595827295442885,-0.41853038817715166
256.5,6.740168863137903,-0.1325079666377444,-0.03927301650530787,0.010058736162166045,2.258036067734986,-0.4188912939444789
256.6,6.73678614327291,-0.13229592840296633,-0.04288600197979448,0.010052540514453671,2.257805222688822,-0.4192521997118061
256.7,6.733710943395644,-0.13208098553483513,-0.04646205744943114,0.010036664167190715,2.2588671099011783,-0.41962018206280643
256.8,6.730943263506104,-0.13186604266670393,-0.05000733791502617,0.010008783752485036,2.261290982885906,-0.41998816441380676
256.90000000000003,6.728614897884745,-0.13165109979857276,-0.053521843376579586,0.009970448182264726,2.265030672633771,-0.420349070181134
257.0,6.72663798367793,-0.1314390615637947,-0.0570117288348997,0.00992204468451181,2.2701323481540063,-0.4207170525321343
257.1,6.725144315166116,-0.1312241186956635,-0.060489304291603166,0.009863960487208312,2.2765498404373794,-0.42107795829946154
257.2,6.724046029495663,-0.1310091758275323,-0.06394225974507332,0.009797744502282322,2.28428314948389,-0.4214317874831157
257.3,6.723343126666573,-0.13079423295940112,-0.06738290519692684,0.00972417118569789,2.2932861062843055,-0.4217856166667699
257.40000000000003,6.723035606678847,-0.13058219472462307,-0.07080508564635539,0.009645563905347154,2.303512541829393,-0.42212529268307786
257.5,6.723079538105665,-0.13037306112319813,-0.0742211110949756,0.009563084345176186,2.3149855406237685,-0.4224649686993858
257.6,6.7234749209470275,-0.13016392752177317,-0.07762482654197918,0.00947983032904117,2.3276127646489666,-0.42280464471569384
257.7,6.724089960922481,-0.1299606031870545,-0.08100392198574945,0.009394252945014014,2.3413480448957547,-0.4231443207320018
257.8,6.724968589458843,-0.12975437421898267,-0.08436455242709473,0.009304803281166625,2.3561221278502824,-0.4234839967483098
257.90000000000003,6.725935080848841,-0.1295539545176171,-0.08770056286520674,0.009213030249427096,2.3718657599987014,-0.4238236727646178
258.0,6.7269894350924755,-0.1293506301828984,-0.09099348829766045,0.009118933849795428,2.3885327723317786,-0.4241562721972527
258.1,6.727999857909292,-0.12915311511488597,-0.0942433287244559,0.009025224678145783,2.406007742326431,-0.4244959482135607
258.2,6.728922417872472,-0.1289556000468735,-0.09742546414235978,0.008931515506496136,2.4242445009734266,-0.4248285476461956
258.3,6.729669252128379,-0.1287609896122142,-0.10053373955056376,0.008836257422918398,2.4431045412450665,-0.4251540704951574
258.40000000000003,6.730152497823378,-0.12856637917755487,-0.10354353494583456,0.008740999339340659,2.4625647786367337,-0.4254795933441192
258.5,6.73032822353065,-0.12837176874289558,-0.10644869532736381,0.008645354027780897,2.482509790625347,-0.42581219277675414
258.6,6.730064634969742,-0.12818006294158937,-0.10921844569110994,0.008548547032275065,2.5028472391924392,-0.42613771562571595
258.7,6.729317800713834,-0.12798545250693005,-0.11183432103464794,0.008447867756949,2.523461701814929,-0.42646323847467776
258.8,6.7279559264824735,-0.12779084207227073,-0.11427170135474453,0.008341767289874609,2.5442377559697342,-0.4267887613236396
258.90000000000003,6.726022943702477,-0.1275933270042583,-0.11651827664978305,0.008232568998944029,2.565106148143005,-0.42710720758892834
259.0,6.723387058093391,-0.12739871656959897,-0.11853711691491356,0.008123757935995474,2.585951455811659,-0.42742565385421705
259.1,6.720048269655217,-0.1272012015015865,-0.12030975714771107,0.00801610855699299,2.6066351719479988,-0.42775825328685196
259.2,6.715918715534316,-0.1270065910669272,-0.1218115773449423,0.007910008089918596,2.627088043038173,-0.4280908527194869
259.3,6.710954464303871,-0.12680907599891475,-0.12302411250418227,0.0078066182187183685,2.6471484775498686,-0.42843052873579485
259.40000000000003,6.705199447390701,-0.1266115609309023,-0.12391658762138937,0.007704002803482187,2.666770306473851,-0.42876312816842976
259.5,6.698653664794804,-0.12641404586288987,-0.12446438269333025,0.007604485212102191,2.685815022782422,-0.4290957276010647
259.6,6.691229253662547,-0.12621943542823055,-0.12466134271919665,0.007513873864308732,2.7041902884571165,-0.42943540361737265
259.7,6.683014076847563,-0.12602482499357123,-0.1244766926949469,0.007430232620191693,2.721803765479468,-0.42977507963368067
259.8,6.674008134349854,-0.1258302145589119,-0.12389196761815606,0.007355110391679168,2.7385400313263943,-0.43011475564998863
259.90000000000003,6.664255357596237,-0.1256356041242526,-0.12290101248801578,0.007293153914555435,2.754329832484046,-0.43044735508262355
260.0,6.653755746586713,-0.1254468029562995,-0.12149151730290943,0.007247073784694659,2.769103915438574,-0.4307870310989315
260.1,6.642597164174917,-0.12526090642169957,-0.11963886205960368,0.007218806142006956,2.782746857666896,-0.4311408602825857
260.2,6.6308235417876675,-0.12508081915380587,-0.11734920175890688,0.007208350986492327,2.7952124901597792,-0.43148761288256676
260.3,6.618478810851784,-0.12490073188591218,-0.11461022639920239,0.007216870002096839,2.8064084748987574,-0.4318414420662209
260.40000000000003,6.6056508342209,-0.12472645388472473,-0.11142809098129851,0.007244363188820496,2.816288642874598,-0.43218819466620195
260.5,6.5924274747486535,-0.12455217588353727,-0.10779664050438693,0.007288894406753179,2.8247837405734515,-0.4325420238498561
260.6,6.578852663861863,-0.12438370714905607,-0.10372818497008429,0.0073531742517690514,2.8318706834907017,-0.43290292961718335
260.7,6.565058195840981,-0.12421523841457487,-0.0992227243783906,0.007431394304137764,2.837480218112499,-0.4332638353845106
260.8,6.551044070686009,-0.12404676968009366,-0.09429872373173083,0.007524329019823362,2.8415892599342274,-0.43361766456816475
260.90000000000003,6.537029945531037,-0.12388120557896559,-0.0889623380309133,0.0076319783988258475,2.844151639946653,-0.433978570335492
261.0,6.523015820376065,-0.12371854611119064,-0.08324434227997964,0.007753955213163195,2.845167358149777,-0.4343394761028192
261.1,6.509133489501547,-0.12355298201006255,-0.07715089147973817,0.007888710550907315,2.8446594990482152,-0.4347003818701465
261.2,6.49547081576112,-0.1233903225422876,-0.0707066056334222,0.008037018868022248,2.842604978137351,-0.4350612876374737
261.3,6.482159593435238,-0.12322766307451265,-0.06394841474588166,0.008194620656705743,2.8390268799218012,-0.43542219340480093
261.40000000000003,6.469243753950718,-0.12306209897338458,-0.05689478381954153,0.008361903144939821,2.8339482889061824,-0.4357760225884551
261.5,6.4568990230148335,-0.12289943950560962,-0.049576487858443444,0.00853847910474246,2.8274384586043433,-0.4361298517721092
261.6,6.445169332054403,-0.12273387540448154,-0.04202430186662902,0.008725122992077703,2.8194973890162847,-0.43649075753943645
261.7,6.434142543923061,-0.12257121593670658,-0.034275155848948205,0.008917188071161274,2.810194333655855,-0.4368516633067637
261.8,6.423950452901263,-0.12240565183557851,-0.026359824809442618,0.009115448797957218,2.7995985460369046,-0.43721256907409095
261.90000000000003,6.414636990415827,-0.12223718310109731,-0.018315238752962214,0.009319130716501488,2.7877561951686656,-0.4375805514250913
262.0,6.406290019320389,-0.12207161899996923,-0.01017832768435694,0.009530557194686226,2.7747596190696044,-0.4379414571924185
262.1,6.399041333895404,-0.12190605489884115,-0.001986021608476744,0.009748566548565358,2.7607011557581864,-0.43830236295974573
262.2,6.392934865567689,-0.12173758616435995,0.006224749469828426,0.009972384322174843,2.745650058748261,-0.4386561921433999
262.3,6.3880145457640625,-0.12157202206323187,0.014423210546516947,0.010201236059550629,2.72972175056291,-0.43899586815970787
262.40000000000003,6.384324305911343,-0.12140355332875066,0.022560121615122223,0.010435896216656767,2.7130547382298333,-0.4393284675923428
262.5,6.3819959402899835,-0.12123798922762259,0.030617017673219275,0.010676364793493253,2.695764444272112,-0.43966814360865075
262.6,6.380985517473167,-0.12107532975984764,0.038544658714341505,0.01092496515795223,2.677966291212829,-0.44000074304128567
262.7,6.3813809003145305,-0.12091267029207269,0.046318424735255624,0.01117627611828537,2.6597757015750667,-0.44034041905759363
262.8,6.383138157387254,-0.12075001082429773,0.05390754073192,0.011429135990546603,2.641331182386523,-0.44067301849022855
262.90000000000003,6.386345151544975,-0.1205902559898759,0.06127507669948468,0.011683157546753907,2.622725071665664,-0.4410126945065366
263.0,6.390914019934057,-0.12042759652210094,0.06839025763390805,0.01193717910296121,2.6041189609448057,-0.44135237052284454
263.1,6.396932625408136,-0.12026784168767912,0.07523461853276514,0.01218965174724042,2.5856051882424125,-0.44168496995547946
263.2,6.404269173686757,-0.12010808685325729,0.08177122939120599,0.01243980102362749,2.567322260586184,-0.44201049280444127
263.3,6.41296759619674,-0.11994542738548233,0.08798162520680562,0.012684916336248256,2.5493394314899693,-0.44232893906973
263.40000000000003,6.422940030084447,-0.1197856725510605,0.09384734097713908,0.012924223229138674,2.5318644614953167,-0.44264030875134563
263.5,6.434186475349879,-0.11962301308328555,0.09933760169816472,0.013157334474316718,2.514943519611459,-0.44294460184928824
263.6,6.446575137712582,-0.11946325824886372,0.10444625236907423,0.013383862843800364,2.4987151128660945,-0.4432488949472308
263.7,6.460106017172555,-0.11930059878108877,0.109142517985826,0.013598774373823312,2.483248494773073,-0.44356026462884646
263.8,6.474603388022525,-0.11913503467996069,0.11342024354761167,0.013801681836403535,2.4686590878554764,-0.443864557726789
263.90000000000003,6.490067250262495,-0.11897237521218573,0.11726711905281462,0.013991810775576988,2.454993061122538,-0.4441688508247316
264.0,6.506365809612007,-0.11880390647770453,0.12066467949900986,0.014169161191343673,2.44236583709734,-0.44446606733900107
264.1,6.52336727179061,-0.11863834237657646,0.12360676988538907,0.014332571399757518,2.4308005002844983,-0.4447703604369437
264.2,6.5409837739446655,-0.11846987364209526,0.12608108021033562,0.014479718032926383,2.4203432196932466,-0.4450605003675401
264.3,6.559127453220539,-0.11829850027426093,0.12808761047384948,0.014611762774796337,2.4110632488374337,-0.4453364871307903
264.40000000000003,6.577622583910956,-0.1181271269064266,0.129614050674314,0.014729092853349406,2.4030067567262927,-0.44560539731036747
264.5,6.596381303162282,-0.11795575353859228,0.1306604008117292,0.014835193320423799,2.39619682786444,-0.4458743074899446
264.6,6.615359679547699,-0.11778728480411108,0.13122050588528675,0.01492967694803749,2.390656546756492,-0.44614321766952175
264.7,6.634338055933115,-0.11761591143627674,0.13129436589498664,0.015009058684352272,2.3863859134024485,-0.44641212784909895
264.8,6.653228569464895,-0.11744453806844242,0.1308819808408289,0.015074887441296238,2.38338492780231,-0.44666688486132994
264.90000000000003,6.671987288716221,-0.11727026006725497,0.12998335072281347,0.015127163218869387,2.3816535899560765,-0.4469216418735609
265.0,6.690438487979821,-0.11709888669942065,0.12860463054174875,0.015166660473035767,2.381168815359131,-0.4471763988857919
265.1,6.708494304402057,-0.11692751333158631,0.12673966529682637,0.015194928115723469,2.381884435002241,-0.4474240793143498
265.2,6.726110806556114,-0.11675613996375199,0.12440076498966296,0.015210804462986427,2.383754279876173,-0.44766468315923463
265.3,6.7431562001615335,-0.11658476659591767,0.12158177461945024,0.01521583842675273,2.3867321809716953,-0.44789821042044636
265.40000000000003,6.759586553791501,-0.11641339322808333,0.11830115918861317,0.015210417235004403,2.3908412227934233,-0.4481317376816581
265.5,6.775314004592379,-0.11624492449360213,0.11455891869715175,0.015196864255633586,2.395989067322892,-0.4483652649428699
265.6,6.790294621137349,-0.11607645575912093,0.11036120814587429,0.015175566716622303,2.4021064610462513,-0.44860586878775466
265.7,6.804484471999593,-0.1159050823912866,0.10571418253558913,0.015142265110168297,2.4091010659450354,-0.44883231946529334
265.8,6.817795694325476,-0.1157366136568054,0.10063630686872124,0.015099282804163708,2.416926713010012,-0.4490516935591589
265.90000000000003,6.830272219541814,-0.11556524028897108,0.09513373614607894,0.015048555938518652,2.4255141487273315,-0.4492710676530245
266.0,6.841782253368155,-0.11539677155448988,0.08922493537008722,0.014991633425161223,2.4347479505739114,-0.4494975183305632
266.1,6.852413658658134,-0.1152312074533618,0.08290990454074605,0.014932387543911654,2.444581949540519,-0.4497168924244287
266.2,6.862078572558114,-0.11506273871888059,0.0762194186620971,0.014868494926877805,2.4548776385994557,-0.4499433431019674
266.3,6.8707330636412784,-0.11489717461775252,0.0691719427365653,0.014801504485987767,2.4655657642368722,-0.45015564061215985
266.40000000000003,6.878464994761263,-0.11473451514997757,0.06177978676576731,0.014733352361151662,2.4765539884343024,-0.4503820912896985
266.5,6.885186503064432,-0.11456895104884948,0.05406757075293644,0.01466326409640544,2.4877499731732806,-0.4506014653835641
266.6,6.890941519977602,-0.11440629158107453,0.04605375970049766,0.014591239691749101,2.499061380435341,-0.4508279160611028
266.7,6.895730045500774,-0.11424363211329958,0.03777528361330092,0.014515730235254551,2.5103497031927855,-0.45104021357129526
266.8,6.899464216780312,-0.11408097264552462,0.02925060749377119,0.014439446322795957,2.52156877243638,-0.45125251108148773
266.90000000000003,6.90227582809667,-0.11391831317774967,0.020510506345950093,0.014364324094283431,2.532580081138427,-0.45146480859168026
267.0,6.9040770165962115,-0.11375855834332785,0.011591910174687579,0.014294623057519232,2.543314375785076,-0.45168418268554583
267.1,6.904867782278938,-0.11360170814225914,0.0025255939840252723,0.01422801984461122,2.553679318357862,-0.4519035567794114
267.2,6.904648125144847,-0.11344195330783731,-0.006651512221186879,0.014164901683541417,2.563559486333703,-0.452122930873277
267.3,6.9034619766207586,-0.1132851031067686,-0.015908633436907252,0.014106817486237917,2.5729317952079813,-0.45234230496714256
267.40000000000003,6.901309336706672,-0.11313115753905302,-0.025202684657477572,0.014052218340772629,2.581680822457616,-0.45256167906100814
267.5,6.898146273975769,-0.11297721197133744,-0.034490580877239566,0.014003040387055665,2.58978348357799,-0.4527810531548737
267.6,6.893972788428051,-0.11282326640362186,-0.04373539209134329,0.01395928362508703,2.597124356046021,-0.45300042724873923
267.7,6.888876742917152,-0.11266932083590628,-0.05289403329413046,0.01391630131908244,2.603680355357093,-0.4532198013426048
267.8,6.882726343162618,-0.11251247063483757,-0.06192957448075115,0.013877578520880108,2.6094053125019725,-0.4534391754364704
267.90000000000003,6.875653383444905,-0.11235852506712199,-0.07078662064393042,0.013843502458462054,2.6142299739668107,-0.45365854953033596
268.0,6.867613932337194,-0.11220457949940642,-0.07943439677962665,0.013815622043756375,2.618154339751607,-0.45387792362420154
268.1,6.858651921266302,-0.11205353856504395,-0.0878175078805649,0.013795098960709138,2.6211553253517454,-0.4541043743017402
268.2,6.848723418805413,-0.1119024976306815,-0.09591133394351191,0.013780384297392251,2.62320984626261,-0.4543308249792789
268.3,6.83796021923498,-0.11175145669631904,-0.10365432496038439,0.013772252509769762,2.6243179024841994,-0.4545501990731445
268.40000000000003,6.8263183911281855,-0.11160041576195659,-0.11102186092794908,0.013771478053805715,2.6244794940165144,-0.4547766497506831
268.5,6.813841865911847,-0.11145227946094725,-0.11796470183973935,0.013778835385464159,2.6236946208595553,-0.45501017701189483
268.6,6.8006185064396005,-0.11130414315993792,-0.12445207269171361,0.013793162820799022,2.6220094520225543,-0.4552437042731066
268.7,6.7866483127114465,-0.11115600685892858,-0.1304531984798302,0.013813298675864234,2.6194009030008956,-0.45547723153431835
268.8,6.772019147581021,-0.11101077519127238,-0.1359311491992392,0.013841179090569915,2.6159151428038117,-0.4557107587955301
268.90000000000003,6.756774942475143,-0.11086554352361616,-0.1408613048467073,0.013876416836934037,2.611598340440535,-0.4559442860567418
269.0,6.741003560247448,-0.11072031185595996,-0.14521289041819288,0.01392094805486672,2.6064966649202996,-0.45617781331795354
269.1,6.724792863751571,-0.11058088945501,-0.1489735959120793,0.013973223832439869,2.6006332007477218,-0.4564042639954922
269.2,6.708230715841149,-0.11044146705406004,-0.1521188013251332,0.014032082485707415,2.5941002859412663,-0.4566307146730309
269.3,6.691361047943001,-0.11030204465311008,-0.15463619665573802,0.014097911242651381,2.5869440895101667,-0.4568500887668964
269.40000000000003,6.674359585764399,-0.11016262225216011,-0.15651962690308538,0.014167999507397604,2.579280033977505,-0.45706238627708895
269.5,6.657314192158978,-0.11002900911791641,-0.15776293706636696,0.014244670647838222,2.5711542883525147,-0.4572817603709545
269.6,6.640268798553557,-0.10989249135031957,-0.15835997214477446,0.014322890700206935,2.5626591906536613,-0.4575011344648201
269.7,6.623443062082228,-0.10975887821607586,-0.1583230421399245,0.01440149798055767,2.55388707889941,-0.4577205085586857
269.8,6.606836982744988,-0.10962526508183214,-0.15765214705181713,0.01448049248889043,2.5448610375943783,-0.45793988265255126
269.90000000000003,6.590626286249112,-0.1094887473142353,-0.15637190688368557,0.014557550857313072,2.535719573766264,-0.4581521801627437
270.0,6.574942766875052,-0.1093551341799916,-0.15449463163714655,0.014631898629861551,2.526531940928917,-0.4583715542566093
270.1,6.559830356049628,-0.10922152104574788,-0.15203878631462497,0.01470276135057182,2.5173673925961864,-0.4585838517668018
270.2,6.545464779480111,-0.10908500327815104,-0.1490351459201625,0.014766266739623645,2.508318266786538,-0.45878199610964815
270.3,6.531933900020138,-0.10894848551055421,-0.14550833045699246,0.014823963708945122,2.499499986023054,-0.45897306386882136
270.40000000000003,6.519369511950163,-0.10881196774295737,-0.14149526992996475,0.014875852258536246,2.490981803819584,-0.45916413162799463
270.5,6.507859478123823,-0.10867835460871367,-0.13703904934473765,0.014922319616379047,2.482832973689977,-0.45935519938716785
270.6,6.497491661394752,-0.10854183684111683,-0.1321704437053528,0.01495988073063531,2.4751458336526992,-0.4595462671463411
270.7,6.488353924616589,-0.10840241444016686,-0.12693253801746848,0.014986599461394919,2.4679896372215997,-0.4597373349055143
270.8,6.480534130642968,-0.10826589667257003,-0.12138072728835958,0.015004024720585969,2.461410553405911,-0.4599213260810145
270.90000000000003,6.474076210900709,-0.10812647427162007,-0.11555194152287607,0.015012930964172505,2.4554778357194835,-0.46011239384018776
271.0,6.469068028243446,-0.10798995650402324,-0.10949542072748455,0.015014479876100599,2.450260737676166,-0.4602963850156879
271.1,6.46550958267118,-0.1078534387364264,-0.10326040490865161,0.015008671456370248,2.4457592592759583,-0.4604662230238419
271.2,6.463444805610729,-0.10771692096882957,-0.09689613407284385,0.014995118476999433,2.4420426540327096,-0.4606289844483228
271.3,6.462873697062094,-0.10758330783458585,-0.09045184822652788,0.014975369849916242,2.439134006451037,-0.46077759270545754
271.40000000000003,6.4638841198789105,-0.10744969470034214,-0.08397678737617029,0.014950200031084727,2.4371025700447895,-0.4609262009625923
271.5,6.466388211207542,-0.10731898619945156,-0.07752019152823765,0.01492270684436107,2.43592526030935,-0.46106773263605394
271.6,6.470342039621171,-0.10719118233191409,-0.0711313006891966,0.014888243553960994,2.435648246253953,-0.4612163408931887
271.7,6.475789536546614,-0.10706337846437662,-0.06484704486389706,0.014846422931902475,2.4362253588693643,-0.4613507959829773
271.8,6.482642839130237,-0.10693557459683915,-0.05871666405880565,0.014797244978185511,2.4377027671648173,-0.46148525107276583
271.90000000000003,6.490814084518402,-0.10681067536265482,-0.05277093327796397,0.014739548008864036,2.440011217626462,-0.46161262957888133
272.0,6.500215409857474,-0.10668577612847048,-0.04705909252783864,0.014672944795956024,2.443173794758916,-0.4617329315013238
272.1,6.510802883720635,-0.10656087689428614,-0.04159960681085461,0.014596273655515404,2.447144329552945,-0.4618461568400931
272.2,6.52244471182743,-0.10643307302674868,-0.03642940613186185,0.014509921815524202,2.4518766529993172,-0.46194522901151625
272.3,6.535009099897405,-0.10630817379256434,-0.031579265494901976,0.014414663731946463,2.4573476805934162,-0.4620372245992663
272.40000000000003,6.548408185076923,-0.10618327455838,-0.02705533990078331,0.014310886632764211,2.4635112433260082,-0.4621292201870164
272.5,6.562510173085531,-0.10606127995754878,-0.022888404353547477,0.014202075569815656,2.4702980876832443,-0.4622141391910934
272.6,6.5771832696427746,-0.10593638072336445,-0.01909076885481113,0.01408397103529854,2.477662044655892,-0.4622990581951704
272.7,6.592251749041381,-0.1058114814891801,-0.015656278403765937,0.01395696025719489,2.4855338607301016,-0.46237690061557435
272.8,6.607583817000896,-0.10568658225499576,-0.012609553003645203,0.013822979375414818,2.493821197887407,-0.4624476664523052
272.90000000000003,6.623091610667683,-0.10556168302081143,-0.009938282652832276,0.01368357730188642,2.5024548026139595,-0.462518432289036
273.0,6.638555472907652,-0.10543678378662709,-0.0076424673513271575,0.01354301354441195,2.5113423368912926,-0.4625821215420937
273.1,6.653843609440349,-0.10531478918579587,-0.005709797097513197,0.013400126419045344,2.5204145472055575,-0.4626458107951515
273.2,6.668868157412137,-0.10519279458496465,-0.00413411689058207,0.013256077609732665,2.5295790955382884,-0.46270242346453616
273.3,6.6834973225425625,-0.10507370461748657,-0.0029031167289171266,0.013114352168312127,2.538766728375635,-0.4627519595502477
273.40000000000003,6.69759931055117,-0.10495461465000848,-0.0019983316100933937,0.012973788410837659,2.547885107699133,-0.4628085722196324
273.5,6.711086258584325,-0.10483842931588351,-0.0013951415308775714,0.012835548021255331,2.5568188109856993,-0.46285810830534396
273.6,6.7238263723615725,-0.10471933934840541,-0.0010689264880363615,0.012696533175708955,2.5654985847214844,-0.4629005678073825
273.7,6.735731789029276,-0.10460315401428044,-0.0010073764799531143,0.012558292786126628,2.5738320908880232,-0.4629359507257479
273.8,6.746758577160618,-0.10448696868015549,-0.0011674065009695568,0.01242353744838251,2.5817500759714656,-0.4629713336441133
273.90000000000003,6.756862805328779,-0.10437368797938364,-0.0015367065494690398,0.012294977758350764,2.5891602019533457,-0.4630067165624787
274.0,6.7660005421069425,-0.1042604072786118,-0.002078346620601615,0.012172613716031393,2.5959701308151986,-0.4630420994808441
274.1,6.774083924641472,-0.10414712657783995,-0.002767706711133983,0.012054509181514279,2.602133693547791,-0.46307748239920954
274.2,6.781200815786003,-0.10403675051042123,-0.003567856816216196,0.011941051382781443,2.6075354676280402,-0.46311286531757495
274.3,6.7872633526869,-0.1039234698096494,-0.004460331933423279,0.011830304179922771,2.6121754530559467,-0.4631411716522673
274.40000000000003,6.792359398197799,-0.10381309374223067,-0.005408202057905286,0.011723429256884332,2.6159613118130443,-0.4631765545706327
274.5,6.796445020891881,-0.10370271767481196,-0.006386847186428916,0.011622749981558267,2.618846874890101,-0.46320486090532503
274.6,6.799608083622784,-0.1035894369740401,-0.007377802316569195,0.011524781302106366,2.620762888773266,-0.46324024382369045
274.7,6.801936449244144,-0.10347615627326827,-0.008344137443476176,0.01143107213045672,2.621686268957924,-0.4632614735747097
274.8,6.80338618632914,-0.10336578020584955,-0.009267387564724883,0.011344720290465517,2.621570846434842,-0.46328270332572896
274.90000000000003,6.80408908915823,-0.10325249950507771,-0.010135242678698668,0.011265338554150735,2.6203704521947864,-0.4633039330767482
275.0,6.8041330205850485,-0.10314502807101211,-0.010916927781355907,0.011197573657296653,2.6181081707423743,-0.4633322394114405
275.1,6.803605843463231,-0.10303755663694651,-0.011606287871888275,0.011141038371921248,2.614714748563756,-0.4633534691624598
275.2,6.8025075577927785,-0.10293008520288092,-0.012191012948679122,0.01109611992600654,2.6101671011543153,-0.46336762232980594
275.3,6.801013889280964,-0.10282551840216846,-0.0126587930101118,0.011065141687444675,2.6045344820279017,-0.4633817754971521
275.40000000000003,6.799212700781422,-0.10272676086816224,-0.013003473055377985,0.011049652568163742,2.597770722175282,-0.46340300524817135
275.5,6.797103992294153,-0.10263090796750914,-0.013225053084477675,0.011049265340181719,2.589898906101072,-0.4634313115828637
275.6,6.7949074209532485,-0.10253505506685603,-0.013317378096602545,0.011059720495696349,2.580919033805273,-0.463452541333883
275.7,6.792579055331889,-0.10244210679955607,-0.013286603092560922,0.011082954174617748,2.5708772742971173,-0.4634666945012291
275.8,6.790338552564167,-0.10235206316560921,-0.013132728072352804,0.011117804692999847,2.5597967120812215,-0.4634879242522484
275.90000000000003,6.78818591265008,-0.10226201953166236,-0.012874218038403166,0.01116465927882467,2.5477004316622014,-0.46350207741959454
276.0,6.786208998443266,-0.10217778516442176,-0.012511072990712007,0.01122274347612817,2.5346807710585235,-0.4635162305869407
276.1,6.784539604224178,-0.10209064616382804,-0.012055602930895979,0.011287797777108088,2.520783899279421,-0.4635162305869407
276.2,6.783265592846454,-0.10200641179658744,-0.011532427862188378,0.01135904772580038,2.506079069838742,-0.4635091540032676
276.3,6.78243089573691,-0.10192217742934684,-0.010953857786205855,0.01143455718229493,2.4907047897641865,-0.46349500083592143
276.40000000000003,6.782123375749183,-0.10184084769545936,-0.010332202704565058,0.011513938918609712,2.4747072280649864,-0.4634879242522484
276.5,6.782386964310092,-0.10175661332821875,-0.009692082620499289,0.011593707882906517,2.4582018072642247,-0.4634737710849022
276.6,6.783309524273272,-0.10167237896097815,-0.009045807535625193,0.011669217339401067,2.441303949884983,-0.463459617917556
276.7,6.784934987065541,-0.10158523996038443,-0.00843030745479272,0.011740854516075382,2.424105993945728,-0.46343838816653676
276.8,6.7872633526869,-0.10149810095979071,-0.007845582378001873,0.011807457728983395,2.406723361969541,-0.4634171584155175
276.90000000000003,6.7904264154178025,-0.10140805732584386,-0.0073285623101025975,0.011868252522161057,2.389225307470272,-0.46340300524817135
277.0,6.7942923809777955,-0.10131801369189701,-0.006885402251903218,0.011922464439644323,2.371750337475619,-0.4633817754971521
277.1,6.798993043647331,-0.10122797005795016,-0.006546877207445358,0.011967770113541052,2.354413874508665,-0.4633463925787867
277.2,6.804484471999593,-0.10113502179065019,-0.006319142177537344,0.012005718455779338,2.3373082565878756,-0.4633039330767482
277.3,6.810722734607762,-0.1010420735233502,-0.006232972166220797,0.012037083922323229,2.3205719907409494,-0.4632543969910366
277.40000000000003,6.817707831471839,-0.10094912525605024,-0.00628836717349572,0.01206535156501093,2.304297414986352,-0.46320486090532503
277.5,6.825439762591824,-0.10085908162210339,-0.00650994720259541,0.012090521383842447,2.288599951847166,-0.4631624014032865
277.6,6.833786733687262,-0.10077194262150967,-0.0069038672543281915,0.012110657238907661,2.273571939341857,-0.46311286531757495
277.7,6.842748744758153,-0.10068480362091593,-0.0074762823295023905,0.012127308042134664,2.2593287999935074,-0.4630633292318634
277.8,6.852237932950861,-0.10060056925367533,-0.008239502429734655,0.012141248249487504,2.2459397873159666,-0.4630137931461518
277.90000000000003,6.86216643541175,-0.10052214415314098,-0.009193527555024986,0.012154026772894273,2.2334972393276997,-0.4629642570604402
278.0,6.872446389287184,-0.10044371905260663,-0.010344512706181707,0.012165643612354973,2.22211657855179,-0.46290764439105553
278.1,6.882989931723527,-0.10037110321877853,-0.011686302882396495,0.01217454985594151,2.2118208894928535,-0.4628439551379978
278.2,6.893665268440324,-0.10029848738495042,-0.01321889808366935,0.012181132731635907,2.202725594673972,-0.46275903613392083
278.3,6.904472399437575,-0.10023168081782857,-0.014936143309191945,0.01218384332751007,2.194923032113612,-0.4626741171298438
278.40000000000003,6.9151916675811895,-0.10016777888405984,-0.016831883558155958,0.01218384332751007,2.188459370821006,-0.4625891981257668
278.5,6.925735210017533,-0.10010678158364422,-0.018893808828944737,0.01217571153988758,2.1834038643100033,-0.46250427912168984
278.6,6.936059095319784,-0.10004578428322862,-0.02111576412074996,0.012155575684822367,2.1798257660944533,-0.46241228353393976
278.7,6.946031529207492,-0.09998478698281302,-0.023473129430338326,0.012121886850386338,2.1777250761743567,-0.4623132113625166
278.8,6.9555207174002,-0.0999237896823974,-0.02595974975690151,0.012073483352633422,2.1771941325681783,-0.4622141391910934
278.90000000000003,6.964482728471091,-0.0998627923819818,-0.028563315098822865,0.012007267367707432,2.1782329352759184,-0.46211506701967026
279.0,6.972741836712893,-0.09979889044821307,-0.03125305045206077,0.011922851667626347,2.180841484297577,-0.4620018416809009
279.1,6.980298042125605,-0.09973498851444433,-0.03401664581499857,0.011817138428533979,2.185019779633155,-0.4618815397584585
279.2,6.987019550428773,-0.09966527731396935,-0.03684179118601961,0.011691289334376397,2.1908139902918835,-0.46175416125234303
279.3,6.99286243019558,-0.0995984707468475,-0.039697711561082275,0.011546078841117649,2.198201031769148,-0.46161970616255443
279.40000000000003,6.997782749999207,-0.09952875954637251,-0.04257209693856992,0.01138576645655999,2.2071809040649466,-0.46149232765643894
279.5,7.001736578412835,-0.09946195297925066,-0.04544648231605756,0.011209190496757353,2.217707438170048,-0.46135787256665034
279.6,7.004679984009647,-0.09939224177877568,-0.048296247690311905,0.011016738189691759,2.2297344650752184,-0.4612234174768618
279.7,7.006525103936007,-0.0993225305783007,-0.0511090830597163,0.010811120131237372,2.2431927312666087,-0.46108188580340015
279.8,7.007315869618733,-0.09925281937782572,-0.05386036842103745,0.010595434145250378,2.2580822367442193,-0.46094035412993845
279.90000000000003,7.007052281057824,-0.09918891744405699,-0.05653163877185037,0.010374326967515057,2.274287558984967,-0.4607988224564768
280.0,7.005734338253282,-0.09912792014364138,-0.05910442910973011,0.010150896421887597,2.291739444475003,-0.46065021419934205
280.1,7.003318109778286,-0.09906692284322577,-0.06156027443225166,0.009926304192314066,2.310391724205095,-0.46049452935853424
280.2,6.999935389913293,-0.09901463944286953,-0.06388686473779841,0.009704809786596724,2.3301289756521597,-0.4603388445177264
280.3,6.995542247231484,-0.09896526067586643,-0.06606573502394536,0.009487574888681636,2.350905029806965,-0.4601831596769186
280.40000000000003,6.990226544586494,-0.09892459580892268,-0.06808457528907587,0.009276535638478921,2.372604464146428,-0.46002747483611073
280.5,6.983988281978325,-0.09888393094197895,-0.06991876552995663,0.009067045300204302,2.3951118561474667,-0.4598647134116298
280.6,6.97695925368743,-0.09884617070838833,-0.07156830574658765,0.008859491101839798,2.418311783286999,-0.45969487540347587
280.7,6.969139459713809,-0.09881421974150396,-0.07302088593735229,0.00865503472733148,2.4421349920511757,-0.45951796081164875
280.8,6.960660694337917,-0.09878517340797273,-0.07425804109982555,0.008455225088607443,2.4664429754122974,-0.4593481228034948
280.90000000000003,6.951566888986571,-0.09875903170779461,-0.07527361623319913,0.008261223869613756,2.4911203108472826,-0.4591712082116677
281.0,6.941945906513409,-0.09873579464096961,-0.0760614563366647,0.008069933246494231,2.5160515758330484,-0.4590013702035137
281.1,6.931885609772065,-0.09871255757414463,-0.07661540640941392,0.0078801915353028,2.541098263341897,-0.4588244556116866
281.2,6.921429930189359,-0.09868932050731963,-0.07692931145063849,0.0076900625961293465,2.5661218663461285,-0.45864754101985955
281.3,6.9107545934725625,-0.09866608344049464,-0.07699701645953005,0.007496835833099706,2.5910531313318947,-0.4584635498443594
281.40000000000003,6.899859599621675,-0.09864284637366964,-0.07681852143608864,0.007305157981998159,2.6157073822622636,-0.4582795586688592
281.5,6.888832811490333,-0.09861960930684464,-0.0763876713795059,0.007111543990986494,2.639946112109536,-0.45809556749335906
281.6,6.877762091932174,-0.09859637224001966,-0.07570446628978186,0.006918704455938876,2.6636769828552467,-0.45790449973418584
281.7,6.866735303800832,-0.09857023053984154,-0.07477506116772482,0.006730511656675539,2.68673840296708,-0.4577063553913395
281.8,6.855796378523126,-0.09854699347301654,-0.07358714601171816,0.0065500634170526685,2.708991865417338,-0.45751528763216626
281.90000000000003,6.845077110379512,-0.09852666103954467,-0.07214687582257018,0.006379683104962404,2.730345032187554,-0.4573312964566661
282.0,6.834533567943169,-0.09850632860607281,-0.07046040560108921,0.006222081316278909,2.750636311745414,-0.4571473052811659
282.1,6.824297545494553,-0.09849180543930719,-0.06852158034646692,0.006079581418894324,2.7697502815678345,-0.4569491609383196
282.2,6.814369043033664,-0.09847728227254157,-0.06633655505951165,0.0059541195527187665,2.7875715191317343,-0.4567580931791464
282.3,6.804835923414138,-0.09846856837248219,-0.06391148474103171,0.005848406313626398,2.8040076864186467,-0.4565670254199731
282.40000000000003,6.795698186635974,-0.09846566373912907,-0.06124021439021878,0.005767088437401499,2.818897191896257,-0.45637595766079986
282.5,6.78704369555281,-0.09846275910577594,-0.05833505400868951,0.005705131960277767,2.8322169510599484,-0.45618488990162664
282.6,6.778828518737826,-0.09846566373912907,-0.05518984859563558,0.005664473022165317,2.8438284568820227,-0.4559796689751072
282.7,6.7710965876178415,-0.09847147300583532,-0.05181075315186531,0.005647047762974267,2.8537086248578634,-0.4557815246322609
282.8,6.763891833619674,-0.09848309153924781,-0.04820392267818703,0.005653630638668664,2.8617651169690044,-0.4555904568730877
282.90000000000003,6.757258188170142,-0.09849761470601344,-0.04437551217540906,0.005684996105212553,2.8679748487108294,-0.4553923125302413
283.0,6.751151719842427,-0.09851504250613217,-0.040313211641914745,0.005738433566731773,2.872291651074106,-0.4552012447710681
283.1,6.745616360063347,-0.09853537493960406,-0.03603548608012907,0.005811232427352158,2.8746693550496003,-0.4549960238445487
283.2,6.740652108832903,-0.09855861200642904,-0.031536180489243705,0.005902618231109664,2.8751541296465457,-0.45479787950170236
283.3,6.736302897577911,-0.09857894443990091,-0.026827604870875297,0.006008718698184055,2.873699805855709,-0.45459973515885604
283.40000000000003,6.732568726298373,-0.09860218150672591,-0.021903604224215525,0.006130308284539381,2.870352552686324,-0.4544015908160097
283.5,6.72940566356747,-0.0986254185735509,-0.016776488550881034,0.0062619657984273125,2.8651354546430063,-0.4542034464731634
283.6,6.726901572238839,-0.09864575100702277,-0.011446257850871833,0.0064040784678298735,2.858048511725756,-0.45400530213031703
283.7,6.725012520885661,-0.09866608344049464,-0.005925222125804562,0.006555484608800995,2.849160977448423,-0.45380008120379767
283.8,6.723738509507936,-0.09868641587396651,-0.00021953637648755068,0.006716958677304723,2.838542105324856,-0.45360193686095135
283.90000000000003,6.723079538105665,-0.09870384367408525,0.005664644396270877,0.00688888790132308,2.8262611488689044,-0.4533967159344319
284.0,6.723123469532483,-0.09872417610755713,0.011708855190045747,0.007069336140945952,2.8123873615944177,-0.4531914950079125
284.1,6.723782440934754,-0.09874160390767586,0.017906941004028735,0.007259077852137382,2.796989997015246,-0.4529721209140469
284.2,6.725144315166116,-0.09875903170779461,0.024234281834986545,0.007459661946825466,2.7802075621590867,-0.45275274682018135
284.3,6.727165160799748,-0.09878226877461961,0.030672412680494195,0.00767186288097425,2.762178564053639,-0.4525333727263158
284.40000000000003,6.729932840689288,-0.0988055058414446,0.03720902353893504,0.00789877847843992,2.7429260872035197,-0.4523139986324502
284.5,6.733403423407917,-0.0988287429082696,0.043813339406267464,0.008135762003438197,2.7226578921502766,-0.4520946245385846
284.6,6.737620840382454,-0.09885778924180083,0.050460740279258155,0.00838397513991515,2.701443232407759,-0.45187525044471905
284.7,6.742629023039717,-0.09888683557533208,0.057126606154673826,0.008642643431906735,2.679443699508282,-0.45165587635085347
284.8,6.748427971379705,-0.09891878654221645,0.06377400702766452,0.0089109924234489,2.656774715974928,-0.4514365022569879
284.90000000000003,6.755017685402419,-0.09895654677580705,0.07036601289338029,0.00918902211454165,2.6335978733400123,-0.4512171281631223
285.0,6.762442096534677,-0.09899430700939767,0.07687800374858783,0.009473247453346772,2.6100285941266166,-0.4509906774855837
285.1,6.770745136203296,-0.09903206724298828,0.08326689458762888,0.009760570616008083,2.5862284698670566,-0.4507571502243719
285.2,6.779926804408278,-0.09907273210993202,0.08949575540565351,0.010049829918579509,2.562382176598264,-0.4505165463794871
285.3,6.790074964003258,-0.09911339697687575,0.0955215011970034,0.010337153081240818,2.5386743903571696,-0.4502759425346023
285.40000000000003,6.801145683561418,-0.09915696647717262,0.10130104695602031,0.010620991192063917,2.51519744916224,-0.45003533868971746
285.5,6.813226825936393,-0.09919763134411635,0.10679746267785428,0.010894374147372387,2.4921591135550227,-0.4497947348448326
285.6,6.826274459701367,-0.0992382962110601,0.1119553533552304,0.01115652749120218,2.469651721553984,-0.4495612075836209
285.7,6.840332516283158,-0.09927605644465072,0.11674394398410702,0.01140551508364318,2.447859949196055,-0.44932060373873606
285.8,6.855400995681764,-0.0993109120448882,0.12111399455801757,0.01164056246873134,2.4269223035089347,-0.4490870764775243
285.90000000000003,6.871435966470368,-0.09934867227847882,0.12502242007130376,0.011860895190502613,2.4069080380064727,-0.4488535492163126
286.0,6.888481360075788,-0.09938062324536319,0.12843229051911564,0.012064577109046884,2.3879787442209834,-0.44860586878775466
286.1,6.906449313644389,-0.09941257421224756,0.13130052089579497,0.01225122099638213,2.370203675666317,-0.44835111177552367
286.2,6.9253398271761695,-0.09944162054577879,0.13359018119649177,0.012421601308472393,2.3536982548655554,-0.44808927817961963
286.3,6.945108969244312,-0.09947357151266316,0.1352643414163561,0.012578815869173865,2.3386009888463968,-0.44782744458371554
286.40000000000003,6.965712808421998,-0.09950552247954753,0.13629838155215465,0.012725575274360705,2.3248887931042255,-0.44756561098781145
286.5,6.987019550428773,-0.09953747344643189,0.13664921659822915,0.012858394472194707,2.31270017466674,-0.4473037773919074
286.6,7.00898526383782,-0.09957232904666938,0.13630453655296296,0.012979984058550033,2.3020120490293237,-0.44703486721233027
286.7,7.031522085795502,-0.09960718464690686,0.13523356641231446,0.013089956805444657,2.2928936697058258,-0.44676595703275307
286.8,7.054542153448184,-0.09964494488049748,0.1334178411738587,0.013190248852788699,2.285368121200863,-0.4464970468531759
286.90000000000003,7.077913672515409,-0.09968560974744123,0.13084505083597894,0.013280472972600136,2.2794354035144355,-0.4462281366735988
287.0,7.1015048487167265,-0.09972627461438496,0.12750904039786695,0.013360629164878964,2.2750724321419264,-0.4459379967430024
287.1,7.125183887771679,-0.09976984411468183,0.12340365485871437,0.013431879113571257,2.272279207083336,-0.4456407802287329
287.2,7.148862926826632,-0.09981631824833181,0.11852889421852118,0.013495384502623083,2.271101897347897,-0.4453435637144634
287.3,7.17241017160113,-0.09986569701533492,0.11289091347809575,0.013552307015980512,2.27147124942176,-0.4450392706165208
287.40000000000003,7.195649896387901,-0.09991798041569115,0.10650202263905469,0.013601484969697474,2.2733872633049255,-0.4447420541022513
287.5,7.21849423833331,-0.09997026381604739,0.09937453170301468,0.01363710994404362,2.2767806854835437,-0.44443776100430876
287.6,7.240767471730084,-0.10002254721640362,0.09152690567240065,0.013659569167000974,2.281628431452998,-0.44411931473902
287.7,7.262381733724586,-0.10007773525011299,0.08298991955125427,0.013668088182605486,2.2878612476994395,-0.44380794505740434
287.8,7.283161298609545,-0.10013001865046922,0.0737820383420005,0.013663054218839184,2.295456049718252,-0.44348949879211563
287.90000000000003,7.303018303531323,-0.10018230205082546,0.06395250205110593,0.013645628959648133,2.304297414986352,-0.44317105252682687
288.0,7.3217770227826495,-0.10023458545118169,0.05353208568261219,0.013613489037140197,2.3143853435037407,-0.44285260626153816
288.1,7.339349593509887,-0.1002839642181848,0.04257002924298587,0.013566247223333352,2.3255813282427193,-0.44252708341257635
288.2,7.355648152859399,-0.10033624761854104,0.031115572738693576,0.013505839658137711,2.3378622846986707,-0.4422086371472876
288.3,7.370540906550733,-0.10038562638554414,0.019211801175393575,0.01343226634155328,2.351158959357746,-0.4418901908819989
288.40000000000003,7.383939991730252,-0.10043210051919413,0.006926419561977444,0.01334514004559803,2.365332845192246,-0.4415717446167101
288.5,7.39575754554432,-0.10047857465284413,-0.005679022093471573,0.013244847998253989,2.3803377731929385,-0.4412462217677483
288.6,7.405949636566117,-0.10052504878649411,-0.018549128783678554,0.013135262479341388,2.396058320836741,-0.4409136223351134
288.7,7.414384470515191,-0.1005715229201441,-0.0316100404989436,0.013019481312716411,2.4124252346098043,-0.4405880994861516
288.8,7.4211059788183595,-0.10062090168714721,-0.04479405223037514,0.01290292569012739,2.429346176493662,-0.4402696532208628
288.90000000000003,7.42593843576835,-0.10067028045415032,-0.058027303968273276,0.012785982839556346,2.446682639460616,-0.43995828353924715
289.0,7.42892577279198,-0.10072546848785968,-0.07124824570455476,0.01267020167293137,2.4643884545014334,-0.4396469138576315
289.1,7.430024058462433,-0.10078065652156903,-0.08437070742790306,0.012555969418234489,2.482325114588415,-0.4393284675923428
289.2,7.429277224206525,-0.1008358445552784,-0.09732698412942659,0.012443673303447722,2.5004464507123285,-0.4390170979107271
289.3,7.426597407170622,-0.10089974648904712,-0.11004321579942546,0.012337960064355355,2.5186601248547076,-0.4387128048127846
289.40000000000003,7.4220285387815395,-0.10096364842281585,-0.12244554242819976,0.012237668017011313,2.5368737989970866,-0.43841558829851507
289.5,7.415658481892916,-0.10102755035658459,-0.1344662590068579,0.012139699337559411,2.5549720506163833,-0.4381042186168994
289.6,7.407399373651114,-0.10109726155705957,-0.14602535052489174,0.012045990165909765,2.572954879712598,-0.43779284893528375
289.7,7.397426939763407,-0.10116697275753456,-0.15706742197502627,0.011959638325918563,2.590706863762648,-0.4374885558373412
289.8,7.385741180229794,-0.10123958859136266,-0.16751861334756166,0.011881031045567828,2.6081587492526843,-0.4371913393230717
289.90000000000003,7.372386026477093,-0.10131801369189701,-0.1773235296352229,0.011810555552839582,2.625218198164241,-0.4369011993924753
290.0,7.357493272785759,-0.10139643879243136,-0.18642062082992686,0.01174627570782371,2.641839041488085,-0.4366110594618789
290.1,7.3411068505826105,-0.10147486389296571,-0.19476064692520684,0.01168819151052021,2.657952025710367,-0.4363209195312825
290.2,7.3233585541481006,-0.10155619362685318,-0.20228821291378796,0.011633205137072897,2.6735109818218543,-0.43603785618435914
290.3,7.3042923149090475,-0.10163752336074067,-0.20896023379001194,0.011584801639319981,2.688423571804081,-0.43575479283743584
290.40000000000003,7.284083858572725,-0.10171885309462815,-0.21474593454983718,0.011539108737441229,2.7025974576385816,-0.4354788060741856
290.5,7.262821047992767,-0.10180018282851562,-0.21960838518841372,0.011495351975472592,2.716009554820739,-0.43520281931093535
290.6,7.24063567744963,-0.1018815125624031,-0.2235168107016999,0.01145779086121633,2.7285906098367043,-0.4349268325476851
290.7,7.2176595412237665,-0.1019657469296437,-0.22645274608727078,0.011427199850636487,2.740271369172628,-0.43465084578443486
290.8,7.19406836502245,-0.10204998129688429,-0.22841003634431806,0.011405127855661158,2.751005663819277,-0.4343890121885308
290.90000000000003,7.169950011699316,-0.10213712029747803,-0.22937021647041672,0.011393898244182481,2.760747324767419,-0.4341201020089536
291.0,7.14543627553482,-0.10222425929807175,-0.22933328646556675,0.011391187648308317,2.769404013998588,-0.4338511918293765
291.1,7.120790745089869,-0.10231139829866548,-0.22830540133057653,0.011400093891894853,2.7769988160173997,-0.43358228164979934
291.2,7.096057351791282,-0.10240434656596545,-0.22629887106706267,0.01142177865888816,2.7834855618146226,-0.43332044805389525
291.3,7.071499684199968,-0.10250019946661855,-0.22333216067745015,0.0114589525451624,2.7887949978764057,-0.43306569104166426
291.40000000000003,7.047205605169562,-0.10259895700062477,-0.21942373516416397,0.011508517726861386,2.7929271242027505,-0.43281093402943327
291.5,7.023350840407337,-0.10269771453463099,-0.21461052453205404,0.011570086976003095,2.7958588562890396,-0.4325561770172023
291.6,7.000155047047383,-0.10279937670199034,-0.2089171487843537,0.011643660292587527,2.797590194135273,-0.4323084965886444
291.7,6.977750019370156,-0.10290394350270281,-0.20239900292833782,0.01172885044863266,2.7981211377414517,-0.4320537395764134
291.8,6.956311483082926,-0.10300851030341528,-0.19508686196804803,0.011825657444138491,2.7974516871075745,-0.4317989825641824
291.90000000000003,6.936015163892966,-0.10311598173748088,-0.18703612091075933,0.011932919595158954,2.7956049267382586,-0.43154422555195143
292.0,6.916992856080731,-0.10322345317154646,-0.1782960197629382,0.012049087989765951,2.79260394113812,-0.43127531537237423
292.1,6.899420285353494,-0.10333092460561207,-0.16892810853266801,0.01217338817199544,2.788448730307159,-0.4310064051927971
292.2,6.883473177418526,-0.10344130067303078,-0.1589939372280319,0.012303884001937302,2.783254716768458,-0.43073749501321995
292.3,6.8691954637026456,-0.10354877210709637,-0.14854274585549654,0.01244096270757356,2.7769988160173997,-0.4304685848336428
292.40000000000003,6.856806801339943,-0.10365914817451509,-0.1376483944247618,0.012579590325137911,2.7697502815678345,-0.4301996746540656
292.5,6.846351121757237,-0.10376661960858069,-0.12637243294391093,0.012718217942702262,2.761509113419762,-0.42992368789081536
292.6,6.837916287808162,-0.10387118640929316,-0.1147887214226438,0.012858007244212684,2.752321480582415,-0.4296477011275652
292.7,6.831634093773175,-0.10397575321000563,-0.1029588098690437,0.01299818377370513,2.742279721074259,-0.429378790947988
292.8,6.827504539652274,-0.1040803200107181,-0.09094424829119385,0.013139521987143644,2.7313376658860617,-0.42910280418473773
292.90000000000003,6.825615488299096,-0.10418488681143057,-0.0788250516996025,0.013282021884528228,2.719587653036289,-0.42882681742148754
293.0,6.825879076860005,-0.10428364434543679,-0.06665661510154453,0.013423360097966743,2.7070527670295563,-0.42852960090721803
293.1,6.828427099615454,-0.10438530651279614,-0.05450664350591154,0.013565472767369306,2.6937791768750974,-0.42823238439294853
293.2,6.833171693711808,-0.10448696868015549,-0.042436686920786774,0.013709908804664005,2.679859220591378,-0.427928091295006
293.3,6.840112859149067,-0.10459153548086796,-0.030520605355870124,0.013859766033707034,2.6652928981783983,-0.42763087478073647
293.40000000000003,6.8491627330735945,-0.10469319764822729,-0.018807638817628192,0.014012333858624226,2.650149463150007,-0.42733365826646696
293.5,6.8602773840585725,-0.10479776444893976,-0.007353182313335896,0.01416761227941558,2.6344750845154374,-0.4270293651685244
293.6,6.873368949250365,-0.10490523588300536,0.0037812141489235143,0.014326375752045144,2.6183159312839224,-0.42672507207058186
293.7,6.888305634368516,-0.10500980268371783,0.014546310562683441,0.014488624276512919,2.6017181724646945,-0.42642785555631235
293.8,6.904955645132574,-0.10512017875113655,0.02489286692147729,0.01465397062483688,2.5847741460762204,-0.4261235624583698
293.90000000000003,6.923275050115719,-0.10523055481855527,0.034783953220455105,0.014820865885088935,2.567506936623116,-0.42581219277675414
294.0,6.943044192183861,-0.10534093088597399,0.04416417445234197,0.014988535601305036,2.54998579761923,-0.4254866699277923
294.1,6.964131277056547,-0.1054513069533927,0.05300275561309627,0.015156979773485183,2.5323030670830295,-0.4251611470788305
294.2,6.98640451045332,-0.10556458765416454,0.06126892169867636,0.015325423945665332,2.514527998528363,-0.4248285476461956
294.3,7.00968816666691,-0.1056778683549364,0.06892574270423231,0.015493480889863456,2.4967067609644635,-0.4245030247972338
294.40000000000003,7.033850451416861,-0.10578824442235511,0.0759485986265308,0.015653793274421113,2.4789086079051805,-0.42417042536459887
294.5,7.058627776142266,-0.10590152512312695,0.08231902446314689,0.015804424959428187,2.461202792864363,-0.42383782593196395
294.6,7.08388834656267,-0.10600899655719255,0.08801240021084725,0.015943827032956586,2.443635484851245,-0.42350522649932903
294.7,7.1094564369708015,-0.10611356335790502,0.09302257086882357,0.016071612267024284,2.426252852875058,-0.4231726270666942
294.8,7.1351563216593865,-0.10621813015861749,0.09733107143465086,0.016186618977685214,2.4091241504496517,-0.42284002763405926
294.90000000000003,7.160768343494335,-0.10631979232597684,0.10093174690752083,0.016287298253011277,2.392249377575027,-0.42250035161775124
295.0,7.186160708195193,-0.10641564522662993,0.10383075228824176,0.016372101181074388,2.375697787765032,-0.42215359901777016
295.1,7.211113758627871,-0.10650859349392991,0.10602193257600537,0.0164437383577487,2.359538634533517,-0.42179976983411605
295.2,7.235539631938731,-0.10660154176122988,0.10751759777242827,0.016504145922944344,2.3437950023850984,-0.42144594065046187
295.3,7.2592186709936835,-0.10669449002852985,0.10831774787751049,0.016555647244553443,2.328536144833625,-0.4210991880504808
295.40000000000003,7.282019081512274,-0.1067845336624767,0.10843469289286865,0.016595531726701848,2.3137620618790966,-0.42075243545049973
295.5,7.303853000640867,-0.10687457729642355,0.10789305282173607,0.01662728442122776,2.299518922530747,-0.4203986062668456
295.6,7.324588634099007,-0.1069646209303704,0.10670513766572941,0.016652067012077252,2.2858528957978086,-0.42004477708319143
295.7,7.344094187606241,-0.10705756919767037,0.10488941242727362,0.016671815639160443,2.2727870661848977,-0.41969094789953726
295.8,7.362281798308932,-0.10715051746497035,0.10247665211041032,0.016688466442387445,2.2603676027012476,-0.4193441952995562
295.90000000000003,7.379107534780262,-0.10724346573227032,0.09949147671837284,0.016701244965794216,2.2486175898514746,-0.41898328953222896
296.0,7.394483534166595,-0.10733931863292343,0.09596466125520278,0.016710151209380752,2.237560112140195,-0.41861530718122864
296.1,7.4084097964679305,-0.10743807616692964,0.09192082572413345,0.016717895769021218,2.2273105920904914,-0.41824732483022836
296.2,7.420842390257451,-0.10753683370093586,0.0874030551308231,0.016724091416733592,2.217869029702363,-0.4178864190629011
296.3,7.431781315535156,-0.10764140050164833,0.08243596947850505,0.016729125380499896,2.2092815939850436,-0.41752551329557386
296.40000000000003,7.441226572301047,-0.1077459673023608,0.07706265377283758,0.016727576468571804,2.201594453947766,-0.41715753094457353
296.5,7.44922209198194,-0.10785053410307327,0.07131388301786229,0.016717508541039195,2.1948076095905296,-0.4167895485935732
296.6,7.455767874577836,-0.10795510090378574,0.06523274221923747,0.016698921597902077,2.1889672299225675,-0.4164215662425729
296.7,7.460907851515553,-0.10805966770449822,0.058850006381004745,0.016669492271268304,2.184119483953113,-0.4160535838915726
296.8,7.464729885648727,-0.10816132987185756,0.0522149155096307,0.016629220561137876,2.1802412871775494,-0.4156926781242454
296.90000000000003,7.467277908404176,-0.10826299203921691,0.04535208960834864,0.01657500864365461,2.1773557241004933,-0.41531761918957194
297.0,7.468639782635537,-0.10836465420657625,0.03831692368443349,0.016505694834872436,2.175485879226561,-0.41494256025489856
297.1,7.468859439769628,-0.10846341174058248,0.031134037741118552,0.016420891906809326,2.174654837060369,-0.41456750132022513
297.2,7.4680686740869024,-0.10855926464123557,0.023846516784062088,0.016320212631483262,2.1748395130973,-0.41419244238555175
297.3,7.466355348440996,-0.10865221290853555,0.01649129081811405,0.016204044236876262,2.1760168228327395,-0.4138244600345514
297.40000000000003,7.463807325685547,-0.1087422565424824,0.009099134847316068,0.016069676127114168,2.178209850771302,-0.41344940109987804
297.5,7.460468537247372,-0.10883230017642924,0.0017069788765180852,0.01591981889807114,2.1813724279037556,-0.4130814187488777
297.6,7.456514708833743,-0.10891943917702297,-0.00564824708942995,0.015756408689657296,2.1854583852208673,-0.4127134363978774
297.7,7.451945840444662,-0.10900367354426357,-0.012935768046486412,0.015582543325728821,2.1904908072272535,-0.41233837746320395
297.8,7.446849794933763,-0.1090908125448573,-0.020124808990609682,0.01540093340215988,2.1964004404090645,-0.4119703951122037
297.90000000000003,7.441402298008319,-0.10917795154545103,-0.027190749918566456,0.015211966146932496,2.2031642002616847,-0.41159533617753025
298.0,7.43560334966833,-0.10926799517939788,-0.03410281582631511,0.015019901067848925,2.2107359177758803,-0.41121320065918376
298.1,7.429584744194251,-0.10935803881334472,-0.04083023170981402,0.014826287076837261,2.219138677456268,-0.4108310651408373
298.2,7.423390413012901,-0.1094509870806447,-0.04736068756744655,0.014634996453717738,2.2282801412843822,-0.4104489296224908
298.3,7.417108218977913,-0.10954974461465092,-0.05365725339436273,0.014447578110418446,2.238137224755606,-0.4100738706878174
298.40000000000003,7.41073816208929,-0.10965140678201027,-0.05971377418975425,0.014261321451065226,2.248686843365324,-0.409698811753144
298.5,7.404368105200666,-0.10975597358272274,-0.06549947494957949,0.014076613703640098,2.259859743599686,-0.4093237528184706
298.6,7.398085911165678,-0.1098605403834352,-0.07100204567222178,0.013892680412179018,2.2715866719448425,-0.4089486938837972
298.7,7.391847648557509,-0.10997091645085393,-0.07620302135525617,0.013711070488610077,2.2838445438961776,-0.4085736349491238
298.8,7.385741180229794,-0.11008129251827264,-0.08109009199706599,0.013531009476969228,2.2965871904444577,-0.4081914994307773
298.90000000000003,7.379722574755715,-0.11019457321904448,-0.0856509475960346,0.01335327183322052,2.309722273571218,-0.4078164404961039
299.0,7.373879694988909,-0.11030785391981633,-0.08986712314973704,0.01317514696148979,2.323180539762608,-0.40742722839408435
299.1,7.368168609502557,-0.11042403925394129,-0.09373861865817328,0.012996634861777035,2.336961989018629,-0.40704509287573787
299.2,7.362589318296658,-0.11054312922141939,-0.09724081411811004,0.012818897218028327,2.350951198816198,-0.4066629573573914
299.3,7.357141821371215,-0.11065931455554436,-0.10037986453035565,0.012638061750423434,2.3650789156414653,-0.40629497500639106
299.40000000000003,7.351826118726225,-0.11077549988966932,-0.10314345989329345,0.01245025617914212,2.379275885980582,-0.4059128394880446
299.5,7.346554347508055,-0.11088878059044116,-0.1055254452061151,0.012257803872076525,2.3934266873104657,-0.40553778055337114
299.6,7.341370439143519,-0.111002061291213,-0.10752582046882064,0.012061092057208674,2.4075082351265005,-0.40515564503502466
299.7,7.336230462205802,-0.11111243735863172,-0.10913843068060172,0.011862444102430708,2.4214051069056035,-0.4047805861003513
299.8,7.331090485268085,-0.11122571805940357,-0.11035712084065001,0.01166495783159881,2.4350249646293087,-0.40441260374935095
299.90000000000003,7.32590657690355,-0.1113389987601754,-0.11118189094896552,0.011465535420856796,2.448321639288384,-0.4040375448146775
300.0,7.320634805685379,-0.11144937482759412,-0.11161274100554826,0.011267661922042876,2.461179708359747,-0.40366248588000414
300.1,7.315319103040389,-0.11156265552836597,-0.1116496710103982,0.011073660703049187,2.473599171843397,-0.4032945035290038
300.2,7.309871606114946,-0.11167593622913781,-0.11129268096351537,0.010884693447821803,2.4854646072162523,-0.4029265211780035
300.3,7.304336246335866,-0.11179212156326278,-0.1105540808665164,0.010703083524252864,2.49672984546908,-0.40256561541067626
300.40000000000003,7.2985812294226955,-0.11190830689738775,-0.10942771571859297,0.010527669248396295,2.5073256330880302,-0.40220470964334903
300.5,7.292694418229071,-0.11202739686486583,-0.10791974052055342,0.010362710128054358,2.5171827165592546,-0.4018367272923487
300.6,7.286587949901356,-0.11214648683234393,-0.10604246527401438,0.010210142303137167,2.526278011378136,-0.4014758215250215
300.7,7.280349687293187,-0.11227138606652827,-0.10379588997897586,0.010072289141536862,2.534588433040058,-0.4011219923413673
300.8,7.273891767550927,-0.11240209456741886,-0.1011923246370545,0.009947988959307373,2.542021643526555,-0.4007681631577132
300.90000000000003,7.267258122101395,-0.11253280306830944,-0.09824407924986697,0.009836467300484654,2.5485776428376266,-0.400414333974059
301.0,7.260492682371408,-0.11266351156920003,-0.09495730881822158,0.009737724165068707,2.5542102619640406,-0.4000534282067318
301.1,7.25355151693415,-0.11280002933679686,-0.09134432334373496,0.009651759553059526,2.5589195009057963,-0.3997066756067507
301.2,7.246478557216436,-0.11293945173774683,-0.08742974282964044,0.009579347920421165,2.5626822751582776,-0.39935992300676965
301.3,7.239317734645087,-0.11307887413869679,-0.08321972227674634,0.009514680847423268,2.565452415712252,-0.3990202469904616
301.40000000000003,7.232069049220101,-0.11321539190629362,-0.07873272668747762,0.009455047738191676,2.5672068380631017,-0.39868057097415366
301.5,7.224820363795116,-0.11335481430724359,-0.07398722106425927,0.00939967413676234,2.567945542210828,-0.3983408949578457
301.6,7.21757167837013,-0.11349133207484043,-0.06900782541032457,0.009348947271117285,2.567668528155431,-0.39800121894153767
301.7,7.210366924371963,-0.11362784984243726,-0.06381915972890684,0.009304416053184602,2.5663527113922933,-0.3976686195089028
301.8,7.20329396465425,-0.1137643676100341,-0.05843353402162271,0.009266080482964293,2.564021176426032,-0.3973360200762679
301.90000000000003,7.196352799216991,-0.11390088537763093,-0.05288172329251382,0.009232391648528262,2.5606739232566467,-0.39699634405995987
302.0,7.189631290913822,-0.11403449851187464,-0.04718219254400513,0.009204511233822583,2.556334036388754,-0.396663744627325
302.1,7.183217302598381,-0.11417101627947147,-0.0413718717809466,0.00918089032691916,2.5510476848315866,-0.396324068611017
302.2,7.177110834270666,-0.11430462941371519,-0.03547538100657152,0.009165013979656203,2.5448148685851453,-0.39599146917838207
302.3,7.171443680211132,-0.11444114718131203,-0.029523495224921523,0.009154946052123598,2.537681756658662,-0.39566594632942026
302.40000000000003,7.166259771846597,-0.11457766494890886,-0.0235408344392299,0.009151461000285388,2.529717602565987,-0.39534042348045845
302.5,7.161603040603879,-0.1147141827165057,-0.017558173653538275,0.009156107736069667,2.520899321802503,-0.39501490063149663
302.6,7.157561349336614,-0.11485070048410254,-0.011618597873504924,0.00916927348745846,2.5113654213959093,-0.39469645436620787
302.7,7.1541786294716205,-0.11499302751840562,-0.00574057210155482,0.00919134548243379,2.501138985850822,-0.39437093151724606
302.8,7.151498812435717,-0.11513244991935558,4.5128658270412076e-05,0.009221162037049585,2.4902661841764737,-0.39405248525195735
302.90000000000003,7.149609761082539,-0.11527477695365866,0.005695419400312501,0.009257561467359779,2.478839354391331,-0.39371988581932243
303.0,7.148555406838905,-0.11542000862131487,0.011185680121338148,0.009302092685292461,2.4669046655046265,-0.39338020980301447
303.1,7.148379681131632,-0.11556524028897108,0.016485135817305728,0.009353981234883587,2.454623709048675,-0.39304761037037955
303.2,7.1490825839607215,-0.11571337658998042,0.021563011484173618,0.009415550484025297,2.4419964850234765,-0.39272208752141774
303.3,7.15075197817981,-0.11586151289098974,0.026388532117900196,0.009480604785005215,2.429115331447498,-0.3923965646724559
303.40000000000003,7.153387863788895,-0.11601255382535221,0.03093707771525216,0.009545659085985135,2.41609567084382,-0.39207104182349406
303.5,7.15694630936116,-0.11616069012636153,0.03517171827137956,0.00961032615898303,2.4029605877170597,-0.39175259555820535
303.6,7.161515177750243,-0.11630882642737086,0.03908014378466576,0.009672669864088787,2.3898255045903,-0.3914341492929166
303.7,7.167006606102504,-0.1164569627283802,0.04262542425026079,0.009731528517356333,2.376759674977389,-0.39112277961130093
303.8,7.173464525844764,-0.1166021943960364,0.04579524966654802,0.009785740434839598,2.3638092678875604,-0.3908043333460122
303.90000000000003,7.180801074123385,-0.11674742606369262,0.048565000030294146,0.009832207792682398,2.3510435368346636,-0.3904788104970504
304.0,7.189016250938369,-0.11688975309799571,0.05092236533988251,0.009872092274830801,2.338554819837164,-0.3901462110644155
304.1,7.198066124862897,-0.1170320801322988,0.05284888059288815,0.00990461942532076,2.3264354549135278,-0.3898136116317806
304.2,7.207862833043332,-0.11717150253324875,0.0543322357876944,0.009933274295990486,2.3147316110729874,-0.38948808878281876
304.3,7.218362444052856,-0.11731382956755183,0.05536012092268463,0.009954184607019747,2.303512541829393,-0.38916256593385695
304.40000000000003,7.229477095037834,-0.11745034733514867,0.0559263809970505,0.009967350358408539,2.2928705852012095,-0.3888441196685682
304.5,7.241206785998265,-0.11758976973609862,0.0560248610099837,0.00997548214603103,2.282828825693054,-0.3885256734032795
304.6,7.253375791226877,-0.11772919213704859,0.05565556096148422,0.009979741653833286,2.273456516818775,-0.3882072271379907
304.7,7.265940179296852,-0.11786861453799855,0.05482463585236038,0.009981677793743402,2.264845996596839,-0.387888780872702
304.8,7.278812087354553,-0.11801094157230163,0.05353208568261219,0.009980903337779356,2.256997265027246,-0.38757033460741325
304.90000000000003,7.291859721119527,-0.11815326860660472,0.05178406545304797,0.009977031057959123,2.249979575623845,-0.38724481175845143
305.0,7.304995217738138,-0.11829850027426093,0.049586730164476046,0.009972771550156866,2.2438852664051026,-0.3869122123258165
305.1,7.318218577210383,-0.11844373194191714,0.04695238981851307,0.00996851204235461,2.2387605063802507,-0.3865796128931816
305.2,7.331310142402176,-0.11859477287627959,0.04390566441839233,0.009966963130426516,2.234628380053906,-0.3862611666278929
305.3,7.344225981886695,-0.11874581381064205,0.04045270896492217,0.009963865306570329,2.231535056435302,-0.3859356437789311
305.40000000000003,7.356834301383488,-0.11889975937835763,0.03661814346133587,0.009957669658857957,2.2295267045336704,-0.3856171975136423
305.5,7.369135100892555,-0.11905660957942633,0.03242043291005842,0.00994760173132535,2.2286033243490126,-0.3852987512483536
305.6,7.380908723279804,-0.11921055514714192,0.027890352315131425,0.009931725384062394,2.2288110848905607,-0.38497322839939174
305.7,7.3921990999720535,-0.11936740534821062,0.023046366678979874,0.00991042784505111,2.230126901653698,-0.38466185871777614
305.8,7.402786573835215,-0.11952135091592621,0.017919251005645388,0.00988138574639936,2.232573859143042,-0.38433633586881427
305.90000000000003,7.412715076296104,-0.11967820111699491,0.012539780299169585,0.009843824632143098,2.2361519573585915,-0.38401788960352556
306.0,7.421852813074267,-0.1198321466847105,0.006932574562785769,0.009797744502282322,2.240884280804964,-0.38369236675456375
306.1,7.430155852742887,-0.11998609225242607,0.0011345638013438868,0.009741983672870963,2.2467708294821587,-0.3833809970729481
306.2,7.4375802638751445,-0.12014003782014165,-0.004823476981114438,0.009677316599873066,2.2537423498763265,-0.38306962739133243
306.3,7.444038183617405,-0.12029107875450411,-0.010910772780547582,0.009599483775486377,2.2618219264920842,-0.3827582577097168
306.40000000000003,7.449485680542848,-0.12043921505551344,-0.01709654859291392,0.009508097971728873,2.2709633903201984,-0.3824539646117742
306.5,7.453966686078294,-0.12058444672316965,-0.023343874413363507,0.009405095328510667,2.2811205723514365,-0.38214259493015856
306.6,7.457393337370105,-0.12073258302417898,-0.02962813023866304,0.009293186441705925,2.2922703880811817,-0.38183830183221595
306.7,7.459721702991464,-0.1208778146918352,-0.03590007606234593,0.009175856363152856,2.304389753004818,-0.3815410853179465
306.8,7.461039645796007,-0.1210230463594914,-0.042141246881987185,0.00905426677679753,2.317409413608496,-0.381243868803677
306.90000000000003,7.461303234356915,-0.12117118266050074,-0.04830855769192855,0.00892841768263995,2.331260116378366,-0.38093957570573445
307.0,7.460468537247372,-0.12131931896151006,-0.05438354348974505,0.008801406904536298,2.345941861314428,-0.38064235919146494
307.1,7.45866734874783,-0.12147035989587253,-0.060323119269778396,0.00867594503836074,2.3613853949028334,-0.3803592958445416
307.20000000000005,7.455855737431472,-0.12162140083023498,-0.06609651002798698,0.008553968224023392,2.3775214636297317,-0.3800762324976183
307.3,7.452077634725116,-0.12177825103130369,-0.07169140576275415,0.00843276586565009,2.3942577294766583,-0.37979316915069494
307.40000000000003,7.447333040628762,-0.12193510123237239,-0.07706472146842162,0.008315823015079046,2.411548023434379,-0.37950302922009854
307.5,7.441753749422864,-0.12209485606679422,-0.08219799214256443,0.00820468858423835,2.429300007484429,-0.37921996587317525
307.6,7.435295829680604,-0.12225751553456918,-0.08706659778194929,0.008100524257074075,2.4474213436083425,-0.378943979109925
307.70000000000005,7.428047144255618,-0.12242307963569725,-0.09164591838334288,0.008005266173496336,2.465865862796886,-0.3786821455140209
307.8,7.420051624574725,-0.12259445300353158,-0.09591748894432023,0.007916590965612993,2.4844950580223615,-0.37841323533444376
307.90000000000003,7.411353202064743,-0.1227658263713659,-0.09986284446245637,0.007834111405442025,2.5032396757709185,-0.3781443251548666
308.0,7.402083671006125,-0.12294010437255336,-0.103457364934518,0.0077582147209654525,2.522007378024093,-0.37788249155896253
308.1,7.392243031398872,-0.12311438237374081,-0.10670105036050513,0.0076865775442911365,2.5407058267634173,-0.37762773454673154
308.20000000000005,7.381875214669802,-0.12328866037492826,-0.10956312573637612,0.007620361559365147,2.5591965149611937,-0.37738005411817366
308.3,7.371068083672551,-0.12346584300946883,-0.11204974606293931,0.0075541455744391585,2.577433273608189,-0.3771323736896157
308.40000000000003,7.359865569833937,-0.12364012101065629,-0.11414244633776971,0.007489865729423286,2.595254511172089,-0.37688469326105783
308.5,7.348355536007596,-0.12381149437849061,-0.11583507156005901,0.007428296480281577,2.6125909741390427,-0.3766370128324999
308.6,7.336581913620347,-0.12398577237967806,-0.11712146672899887,0.007371761194906171,2.629373408995202,-0.37640348557128817
308.70000000000005,7.3246325655258255,-0.12416005038086551,-0.11800778684539763,0.007320259873297068,2.645486393217484,-0.37616995831007644
308.8,7.3125514231508495,-0.12433432838205297,-0.11847556690683031,0.007274954199400338,2.660837588787423,-0.37594350763253775
308.90000000000003,7.300382417922237,-0.1245086063832404,-0.11854327191572188,0.007235844173215982,2.6753115731819372,-0.37571705695499913
309.0,7.288213412693626,-0.12468288438442786,-0.11820474687126402,0.0072040914786900695,2.6889083464010266,-0.37549768286113355
309.1,7.276088338891832,-0.12485716238561531,-0.11745999177345673,0.00718085779976867,2.7015124859216084,-0.375285385350941
309.20000000000005,7.264051127943674,-0.1250343450201559,-0.11632131662391666,0.007167692048379877,2.7130547382298333,-0.37507308784074855
309.3,7.25214571127597,-0.12521152765469645,-0.11479487642345212,0.0071622708566315505,2.7234889343164688,-0.37486786691422913
309.40000000000003,7.240459951742357,-0.12538871028923704,-0.11288682617287146,0.007168853732325947,2.7327227361630486,-0.37466264598770976
309.5,7.229037780769652,-0.12556879755713074,-0.11060947587379133,0.0071882151314271135,2.740733059264957,-0.3744645016448634
309.6,7.217879198357857,-0.12574888482502444,-0.10797513552782835,0.007222678421827189,2.747496819117577,-0.3742734338856902
309.70000000000005,7.207028135933788,-0.12593478135962438,-0.10498996013579086,0.007273405287472246,2.7529678467116754,-0.37408944271019
309.8,7.196572456351081,-0.12612067789422432,-0.10167241470010384,0.007339621272398234,2.7571230575426364,-0.37390545153468985
309.90000000000003,7.186512159609738,-0.1263065744288243,-0.09803480922238393,0.007419003008713017,2.759939367105843,-0.37371438377551663
310.0,7.176935108563393,-0.12649828023013046,-0.09409560870505611,0.007513873864308732,2.7614398599059125,-0.3735374691836895
310.1,7.167841303212048,-0.12668998603143666,-0.08987327815054535,0.007623846611203357,2.761601451438228,-0.37336055459186246
310.20000000000005,7.159230743555701,-0.12688459646609598,-0.08538012756046831,0.007747759565450822,2.7604472262074053,-0.37320486975105466
310.3,7.151147361021172,-0.1270792069007553,-0.08063462193724996,0.007881353219248871,2.7580002687180616,-0.3730421083265737
310.40000000000003,7.143635087035278,-0.12727381733541462,-0.07565522628331527,0.008024240344615479,2.7542605789701966,-0.3728864234857659
310.5,7.1367378530248375,-0.12746842777007394,-0.07046656060189753,0.00817448480164053,2.749251241468427,-0.3727307386449581
310.6,7.130411727563032,-0.12766303820473326,-0.06508708989542172,0.008332473818306048,2.7430184252219854,-0.37258213038782334
310.70000000000005,7.124744573503498,-0.12785474400603947,-0.05954143416712116,0.008497045710665962,2.7356313837447215,-0.37244059871436164
310.8,7.119692459419417,-0.1280493544406988,-0.05385421342022912,0.00866665156679218,2.727090117036635,-0.37228491387355384
310.90000000000003,7.115299316737608,-0.12823815560865184,-0.04803773765636227,0.008842065842648747,2.717510047620808,-0.3721363056164191
311.0,7.1116530083117055,-0.12842986140995805,-0.04212893688037054,0.009021739626307573,2.706983513515707,-0.37198769735928433
311.1,7.108621739861257,-0.12861866257791113,-0.036146276094678916,0.009206447373732699,2.6955335992259477,-0.3718461656858227
311.20000000000005,7.106337305666717,-0.1288103683792173,-0.030120530303329018,0.009394640172996037,2.6832526427699963,-0.37170463401236103
311.3,7.104799705728083,-0.12899626491381727,-0.024070164508745825,0.009583607428223421,2.6702329821663184,-0.37157017892257244
311.40000000000003,7.103921077191721,-0.1291821614484172,-0.018032108715779278,0.009774898051342946,2.6565438709287634,-0.3714357238327839
311.5,7.103789282911267,-0.12937096261637027,-0.01203098292766268,0.009968124814372587,2.6423007315804137,-0.3713083453266684
311.6,7.1043603914599025,-0.12955685915097023,-0.006091407147629329,0.010164836629240438,2.627572817635119,-0.37118096682055285
311.70000000000005,7.105678334264445,-0.12974275568557017,-0.00024415637972084953,0.010364646267964473,2.6124293826067273,-0.37106066489811046
311.8,7.107655248471259,-0.1299286522201701,0.005486149372829461,0.010564068678706488,2.5969858490183224,-0.37094036297566807
311.90000000000003,7.110335065507163,-0.13011164412141693,0.011068735105979978,0.010763491089448502,2.5813114703837527,-0.37080590788587947
312.0,7.113673853945338,-0.1302975406560169,0.01647282581568908,0.01096330072817254,2.5655447537307174,-0.3706714527960909
312.1,7.117715545212603,-0.13048343719061684,0.021679956499531788,0.011165046506806693,2.5497549525730654,-0.3705511508736485
312.20000000000005,7.122328345028503,-0.13066933372521677,0.026653197152658157,0.011366405057458824,2.5340574894338794,-0.37043792553487914
312.3,7.127600116246674,-0.13085523025981674,0.03137408277264321,0.011564278556272746,2.518544702331625,-0.3703247001961098
312.40000000000003,7.13344299601348,-0.13103822216106356,0.03581799335625366,0.011758667003248456,2.5032627602755353,-0.37021855144101357
312.5,7.139813052902104,-0.1312241186956635,0.03996030890025619,0.011948408714439886,2.488327085788692,-0.37011240268591733
312.6,7.146710286912545,-0.13140711059691032,0.04377025440060919,0.012132342005900968,2.4738300168895613,-0.37002040709816725
312.70000000000005,7.154090766617984,-0.13159010249815714,0.04724167485650433,0.012310466877631699,2.4598408070919926,-0.3699213349267441
312.8,7.161866629164787,-0.13177018976605084,0.05034379526389999,0.012480072733757916,2.4463825409006024,-0.36982226275532093
312.90000000000003,7.1700378745529525,-0.13194737240059143,0.05306430562117951,0.01264232125822569,2.4336168098477056,-0.3697161140002247
313.0,7.178560571355663,-0.13212745966848513,0.05538474092591793,0.012796437995070974,2.4215666984379185,-0.36960996524512846
313.1,7.187346856719282,-0.1323046423030257,0.05729279117649859,0.012945133540167932,2.4103476291943235,-0.36951089307370527
313.20000000000005,7.1963967306438095,-0.13248182493756627,0.05877614637130485,0.0130856972976424,2.399959602116921,-0.3694188974859552
313.3,7.205622330275609,-0.1326561029387537,0.059828651509528374,0.013215031443638193,2.3904949552241765,-0.3693269018982051
313.40000000000003,7.214979724187863,-0.13283038093994118,0.06043799658955252,0.013333910434119354,2.381999857525323,-0.369234906310455
313.5,7.224381049526935,-0.13300465894112862,0.06060418161137729,0.013442721497067909,2.374520478029593,-0.36914998730637805
313.6,7.233826306292825,-0.13317603230896294,0.06032105157419435,0.01354301354441195,2.368079901241604,-0.3690721448859741
313.70000000000005,7.243183700205079,-0.13334740567679726,0.059594761478812035,0.013634012120187434,2.362724296170587,-0.3689943024655702
313.8,7.252453231263697,-0.13351587441127846,0.05841915632442202,0.01371494276843031,2.3584305783119275,-0.3689023068778201
313.90000000000003,7.261547036615043,-0.1336872477791128,0.056812701113449264,0.013788516085014742,2.355268001179474,-0.36881031129007
314.0,7.27037725340548,-0.13385571651359401,0.05476924084508546,0.01385473206994073,2.3532596492778426,-0.36872539228599305
314.1,7.278943881635008,-0.13402708988142834,0.052307240521755574,0.013916688547064463,2.352405522607034,-0.36864047328191607
314.20000000000005,7.2871590584499915,-0.13419846324926266,0.04943285514426793,0.013971674920511776,2.352705621167048,-0.36856970744518525
314.3,7.294934920996794,-0.13436983661709698,0.046164549715047506,0.014018916734318623,2.3541599449578845,-0.3684918650247813
314.40000000000003,7.302271469275415,-0.1345412099849313,0.04252078923651927,0.014059962900413095,2.3567454094749265,-0.3684140226043774
314.5,7.309036909005402,-0.13471258335276565,0.03851388371029989,0.014093264506867102,2.360438930213559,-0.36834325676764657
314.6,7.315231240186753,-0.13488395672059997,0.034168453139622634,0.01411998323762671,2.365217422669164,-0.36827249093091574
314.70000000000005,7.320766599965833,-0.1350553300884343,0.0295029625269125,0.014139344636727877,2.3710347178325093,-0.36820880167785797
314.8,7.325642988342642,-0.1352267034562686,0.024548186876211103,0.014149799792242507,2.377890815703595,-0.36813803584112714
314.90000000000003,7.329772542463543,-0.1353951721907498,0.019328746190751745,0.01415251038811667,2.3857164627685714,-0.3680672700043963
315.0,7.333111330901717,-0.13556364092523102,0.013869260473767723,0.014147476424350366,2.3944885745228226,-0.3680035807513386
315.1,7.335659353657167,-0.13573501429306534,0.00820050472930066,0.014137021268835736,2.4041609819571153,-0.36794696808195393
315.20000000000005,7.337372679303073,-0.13590348302754654,0.0023532539613921803,0.014117272641752547,2.4146644315576,-0.36789035541256926
315.3,7.338207376412616,-0.13606904712867463,-0.003635561825107768,0.014085907175208658,2.4259296698104276,-0.3678408193268577
315.40000000000003,7.33811951355898,-0.13623170659644956,-0.00974747762777421,0.014044861009114186,2.4378643586971322,-0.36779128324114607
315.5,7.337153022168982,-0.13639436606422453,-0.015939408440948873,0.013995295827415198,2.450468498217714,-0.3677417471554345
315.6,7.335220039388986,-0.13655412089864635,-0.022180579260590135,0.01394069668194991,2.463603581344474,-0.3677063642370691
315.70000000000005,7.33236449664581,-0.13671678036642132,-0.028434060081848046,0.013882225256664387,2.477246523572796,-0.3676709813187037
315.8,7.328542462512636,-0.13687653520084314,-0.034662920899872655,0.013818719867612562,2.4912357333703645,-0.3676426749840113
315.90000000000003,7.3238417998431,-0.13703629003526496,-0.040842541711430674,0.013752891110668596,2.5055712107371804,-0.3676072920656459
316.0,7.318174645783565,-0.1371960448696868,-0.046935992511672145,0.013685513441796537,2.52013753315016,-0.3675860623146267
316.1,7.3115849317608514,-0.13735579970410863,-0.052906343295747116,0.013617748544942455,2.5348654470954552,-0.3675719091472805
316.20000000000005,7.304116589201775,-0.13751555453853045,-0.05872281905961397,0.013547273052214209,2.5496395300499834,-0.36756483256360745
316.3,7.295769618106338,-0.1376753093729523,-0.06435464479923109,0.01347641033150394,2.5643674439952786,-0.36755067939626124
316.40000000000003,7.286544018474538,-0.13783506420737413,-0.06977104551055684,0.01340787097868581,2.578956850912875,-0.3675436028125882
316.5,7.27657158458683,-0.13799772367514906,-0.07494740119035792,0.013344752817616008,2.59336158179354,-0.3675436028125882
316.6,7.265764453589579,-0.13816038314292403,-0.0798467818337844,0.013289379216186671,2.607466214114191,-0.36755067939626124
316.70000000000005,7.254254419763239,-0.13832304261069897,-0.08444456743760295,0.013239814034487686,2.6212014943609785,-0.36756483256360745
316.8,7.242041483107808,-0.13848860671182706,-0.08871613799858032,0.013196444500501073,2.6344520000108207,-0.3675789857309536
316.90000000000003,7.229169575050107,-0.13865707544630826,-0.09264302851429147,0.013160432298172903,2.6471484775498686,-0.36760021548197286
317.0,7.2157704898705886,-0.13882554418078946,-0.09620677398231149,0.013130615743557107,2.6592678424735046,-0.3676214452329921
317.1,7.2018002961424346,-0.13899401291527066,-0.09937659939859872,0.013109318204545825,2.670671587754031,-0.36765682815135753
317.20000000000005,7.187346856719282,-0.13916248164975187,-0.10214634976234484,0.01309266740131882,2.681336628886831,-0.367699287653396
317.3,7.172454103027948,-0.13933095038423307,-0.10449140507031655,0.013079888877912052,2.6911706278534386,-0.3677417471554345
317.40000000000003,7.157209897922069,-0.13949941911871427,-0.10640561032170555,0.013071369862307537,2.7000812466353885,-0.36779128324114607
317.5,7.141702104255282,-0.13966498321984236,-0.10788281051570348,0.013067497582487304,2.7080915697372965,-0.3678408193268577
317.6,7.1259307220275865,-0.13983345195432356,-0.10890454064988538,0.013069046494415398,2.7151092591406973,-0.3679045085799154
317.70000000000005,7.1099396826658,-0.13999901605545162,-0.10947080072425125,0.013075629370109795,2.721088145836358,-0.3679681978329732
317.8,7.0938607804503775,-0.1401645801565797,-0.10957543573799278,0.0130856972976424,2.726005145319662,-0.3680318870860309
317.90000000000003,7.077737946808138,-0.14032723962435467,-0.10922460069191826,0.013100024732977264,2.729860257590609,-0.3680955763390887
318.0,7.061615113165897,-0.14049280372548273,-0.1084121405852194,0.013119773360060453,2.7326073136399667,-0.36817341875949255
318.1,7.045536210950474,-0.1406554631932577,-0.10715036541951284,0.013145717634856016,2.7342463134677346,-0.36826541434724264
318.20000000000005,7.029633034442324,-0.14081521802767952,-0.10543312019399023,0.013173598049561697,2.7347541725692963,-0.3683574099349927
318.3,7.013905583641447,-0.14097497286210134,-0.10327886991107658,0.013204963516105585,2.7341539754492685,-0.3684564821064159
318.40000000000003,6.998441721401478,-0.1411347276965232,-0.10069992457238854,0.01324020126246971,2.7324457221076512,-0.36855555427783904
318.5,6.983285379149235,-0.1412915778975919,-0.09769628417792607,0.013281247428564182,2.7296524970490608,-0.3686687796166084
318.6,6.968524419738356,-0.1414513327320137,-0.09429872373173083,0.013329263698335075,2.725797384778114,-0.3687749283717046
318.70000000000005,6.954158843168839,-0.14160818293308242,-0.09051955323541945,0.013383088387836316,2.7209034697994263,-0.36888815371047395
318.8,6.94032044372114,-0.14176793776750424,-0.08636492768980027,0.013443108725049934,2.7150169211222317,-0.3690013790492433
318.90000000000003,6.927097084248893,-0.14192478796857297,-0.08187177709972322,0.013509324709975921,2.708230076764995,-0.36910752780433953
319.0,6.914444833325282,-0.14208163816964167,-0.07705241146680497,0.013580187430686192,2.70058910573695,-0.36922075314310887
319.1,6.9024954852307605,-0.1422413930040635,-0.07193760579508714,0.013658407483054904,2.692117092542713,-0.36934105506555126
319.20000000000005,6.891292971392146,-0.1423982432051322,-0.06654582508699469,0.013739338131297778,2.682929459705366,-0.36946843357166675
319.3,6.880881223236258,-0.1425550934062009,-0.06090784434656925,0.013823753831378864,2.673026207224909,-0.36960288866145535
319.40000000000003,6.871260240763096,-0.1427119436072696,-0.055054438577852444,0.013910105671370066,2.662522757624424,-0.36973734375124395
319.5,6.862561818253113,-0.1428658891749852,-0.04901022778407757,0.013998006423289362,2.651488364417761,-0.3698717988410325
319.6,6.854742024279492,-0.1430227393760539,-0.04281214197009458,0.014085907175208658,2.639946112109536,-0.37002040709816725
319.70000000000005,6.847844790269051,-0.14317378031041636,-0.036484801139136776,0.014171484559235814,2.6280114232228313,-0.37015486218795585
319.8,6.841957979075427,-0.1433248212447788,-0.03007129029686242,0.014253964119406782,2.61573046676688,-0.3702893172777444
319.90000000000003,6.836993727844982,-0.14347295754578815,-0.02359622944650482,0.014334507539667635,2.603172496255531,-0.3704166957838599
320.0,6.833083830858172,-0.14362109384679747,-0.017090393592105596,0.01441311482001837,2.5904760187164837,-0.3705582274573216
320.1,6.830184356688178,-0.14376923014780682,-0.010603022740131345,0.01449094764440506,2.577641034149737,-0.37069975913078324
320.20000000000005,6.828295305335,-0.14391446181546302,-0.004152581893007044,0.014562584821079375,2.5647829650783747,-0.370848367387918
320.3,6.827460608225456,-0.1440567888497661,0.0022178439436090366,0.014627639122059295,2.551924896007012,-0.3710040522287258
320.40000000000003,6.8275924025059105,-0.1441991158840692,0.008477479765675273,0.01468765945927291,2.5391822494587313,-0.37115973706953365
320.5,6.828690688176363,-0.14433853828501914,0.01458324056753339,0.01474342028868427,2.52657810993815,-0.37131542191034145
320.6,6.830799396663632,-0.1444779606859691,0.020516661346758416,0.014794921610293372,2.514181730959116,-0.37147818333482235
320.70000000000005,6.83383066511408,-0.14461447845356595,0.026234657097692078,0.014841776196118194,2.5020392815308634,-0.3716338681756302
320.8,6.83774056210089,-0.14475099622116278,0.03171260781710107,0.014883984046158738,2.490220015167241,-0.371789553016438
320.90000000000003,6.842573019050881,-0.14488751398875963,0.03691358350013546,0.014921157932432977,2.478770100877482,-0.37193108468989966
321.0,6.8482401731104146,-0.14502112712300333,0.04180680914275361,0.014955621222833053,2.4677818766800517,-0.3720867695307075
321.1,6.854698092852674,-0.14515764489060015,0.04637381974253055,0.014986599461394919,2.45725534257495,-0.3722424543715153
321.20000000000005,6.861902846850842,-0.14529125802484388,0.05057768529461633,0.015010607596280366,2.4472597520760275,-0.3724052157959962
321.3,6.8698105036780985,-0.1454248711590876,0.05439994079658597,0.015028032855471414,2.437818189687899,-0.37257505380415024
321.40000000000003,6.878377131907627,-0.14555557965997817,0.057809811244397866,0.015038100783004021,2.4289537399151824,-0.37273781522863114
321.5,6.88751486868579,-0.14568628816086876,0.06080114163724368,0.015040036922914139,2.4206894872624933,-0.3729147298204582
321.6,6.897179782585771,-0.14581409202840623,0.06333700197027346,0.015033066819237719,2.4130716007390647,-0.3730845678286122
321.70000000000005,6.9072400793271145,-0.14593899126259058,0.06541123724267889,0.015015254332064645,2.4060769958402806,-0.3732473292530931
321.8,6.9177396903366395,-0.14606098586342178,0.06701153745284331,0.014986599461394919,2.399728757070757,-0.373410090677574
321.90000000000003,6.9285468213338905,-0.146182980464253,0.06812559259915009,0.014949038347138656,2.3940730534397265,-0.37357285210205493
322.0,6.9396175408920495,-0.14630497506508422,0.06873493767917424,0.014904894357187996,2.3890868004425734,-0.37373561352653584
322.1,6.950820054730664,-0.1464240650325623,0.06884572769372409,0.014852618579614847,2.3847930825839136,-0.37391252811836295
322.20000000000005,6.962198294276551,-0.14654025036668727,0.06843949764037464,0.014789113190563022,2.3811457308545143,-0.37408944271019
322.3,6.973532602395618,-0.14665643570081224,0.06753471252155092,0.014717088785906683,2.3781678297589925,-0.374259280718344
322.40000000000003,6.984866910514687,-0.14676971640158407,0.06611290733482791,0.014635770909681784,2.3758362947927307,-0.3744361953101711
322.5,6.996025492926482,-0.1468800924690028,0.0641925470826306,0.014547482929780465,2.374104956946497,-0.37462018648567125
322.6,7.007008349631006,-0.14699337316977465,0.06177978676576731,0.014453386530148797,2.3729969007249077,-0.3747971010774983
322.70000000000005,7.0176836863478025,-0.14710084460384024,0.05888078138504637,0.014353868938768801,2.372465957118729,-0.3749740156693254
322.8,7.028007571650055,-0.14721122067125894,0.05550784094208443,0.014250866295550595,2.3725121261279623,-0.3751509302611525
322.90000000000003,7.037892142684126,-0.14732159673867767,0.05167943043930645,0.014144765828476204,2.3731123232479896,-0.37532784485297954
323.0,7.047293468023198,-0.14743197280609638,0.04741401487913742,0.014037890905437765,2.374243463974196,-0.3755118360284797
323.1,7.056079753386817,-0.14754525350686823,0.042730059264002314,0.013930628754417303,2.3758824638019638,-0.375702903787653
323.20000000000005,7.064250998774982,-0.14765562957428696,0.03765833859794275,0.013819107095594585,2.378006238226677,-0.3758939715468262
323.3,7.071719341334059,-0.14776600564170567,0.03222347288419203,0.013706036524843772,2.3805686182391033,-0.37608503930599946
323.40000000000003,7.078396918210409,-0.1478763817091244,0.026450082125983442,0.013591417042164869,2.3835696038392418,-0.3762831836488458
323.5,7.084283729404033,-0.14798966240989622,0.020375096328166947,0.01347641033150394,2.3869861105224763,-0.3764813279916921
323.6,7.089247980634478,-0.14810003847731495,0.014029290494784167,0.013361403620843012,2.390771969279574,-0.3766865489182115
323.70000000000005,7.093289671901743,-0.1482133191780868,0.00744343962987672,0.013244460770271966,2.3948810111013024,-0.37688469326105783
323.8,7.096320940352191,-0.1483236952455055,0.0006667837399112084,0.013124032867862711,2.3993132359876608,-0.37708283760390415
323.90000000000003,7.098385717412642,-0.1484311666795711,-0.006276057171879071,0.013000894369579291,2.404045559434033,-0.3772951351140966
324.0,7.099396140229458,-0.14854154274698983,-0.013335843099027519,0.012875819731385758,2.4090548969358023,-0.37750743262428915
324.1,7.099308277375822,-0.14864901418105542,-0.020475644036684188,0.012744936673461873,2.4142719949791203,-0.37772680671815473
324.20000000000005,7.098122128851733,-0.14875358098176789,-0.02765237497919081,0.01260630905589752,2.4196968535639862,-0.3779461808120203
324.3,7.095793763230374,-0.14885524314912724,-0.0348229509208891,0.012459936878692703,2.4252602191765504,-0.3781655549058859
324.40000000000003,7.092323180511745,-0.1489569053164866,-0.04195044185692912,0.012306981825793489,2.430939007312197,-0.37838492899975146
324.5,7.087754312122663,-0.14905275821713967,-0.04898560778084427,0.01215015449307404,2.4366870489616934,-0.3786113796772901
324.6,7.08204322663631,-0.1491486111177928,-0.0558915186877846,0.011989454880534359,2.4424812596204224,-0.3788449069385018
324.70000000000005,7.0751459926258695,-0.14924446401844588,-0.06262508957209184,0.011825270216156468,2.4482523857745346,-0.3790784341997136
324.8,7.0671944043717945,-0.14933741228574585,-0.06914939042891605,0.011658762183886437,2.4540235119286473,-0.37931196146092533
324.90000000000003,7.058188461874085,-0.1494274559196927,-0.07542749125340725,0.011491866923634382,2.459748469073527,-0.37954548872213706
325.0,7.048084233705924,-0.14952040418699267,-0.08142246204071553,0.011328069487238515,2.4653810881999405,-0.37980024573436805
325.1,7.037013514147764,-0.14961335245429264,-0.0870973727859909,0.01116582096277074,2.470898284803272,-0.38005500274659904
325.20000000000005,7.0250202346264246,-0.1497063007215926,-0.09242144848519179,0.011004346894267013,2.476276974378905,-0.38030975975883
325.3,7.012104395141905,-0.14979634435553946,-0.09736391413427653,0.01084713233356554,2.481494072422223,-0.380564516771061
325.40000000000003,6.9983538585478415,-0.14989219725619257,-0.10190014973001185,0.010695338964612396,2.4865495789332255,-0.3808263503669651
325.5,6.983900419124689,-0.14998514552349254,-0.10601169026997276,0.010552451839245788,2.491374240398063,-0.38108818396286914
325.6,6.968744076872446,-0.15008390305749875,-0.10966776075011764,0.010418083729483694,2.49601422582597,-0.38135709414244634
325.70000000000005,6.953060557498387,-0.15018266059150498,-0.11285605116882985,0.010292621863308135,2.5004002817030955,-0.3816260043220235
325.8,6.93684986100251,-0.1502814181255112,-0.11556425152449272,0.010175679012737091,2.5045554925340565,-0.3818949145016006
325.90000000000003,6.920287713092089,-0.15038308029287056,-0.11778620681629794,0.010066093493824488,2.508479858318853,-0.38216382468117777
326.0,6.9034619766207586,-0.15048764709358303,-0.11950345204182054,0.00996618867446247,2.5121502945528684,-0.3824468880281011
326.1,6.886460514442156,-0.1505922138942955,-0.12072214220186883,0.009871317818866755,2.5155898857407197,-0.3827299513750244
326.20000000000005,6.869371189409918,-0.15069678069500797,-0.1214361222956345,0.009779544787127226,2.518729378368557,-0.38302009130562087
326.3,6.852325795804497,-0.15080134749572044,-0.12165770232473419,0.009692031263189953,2.5215918569409967,-0.3833173078198903
326.40000000000003,6.835456127906349,-0.1509030096630798,-0.12139303728997622,0.009605292195216728,2.5241773214580387,-0.3836145243341598
326.5,6.818806117142292,-0.1510046718304391,-0.12064828219216893,0.009520102039171596,2.526485771919684,-0.38391174084842933
326.6,6.8025075577927785,-0.15110633399779846,-0.1194419020337373,0.00943568633909051,2.5285172083259315,-0.3842089573626988
326.70000000000005,6.786692244138265,-0.1512050915318047,-0.11778620681629794,0.009350108955063354,2.530225461667549,-0.3845061738769683
326.8,6.771404107605568,-0.15130094443245778,-0.11571197154389251,0.009263757115072152,2.531679785458385,-0.3847963138075647
326.90000000000003,6.756774942475143,-0.1513967973331109,-0.11323150621813766,0.009175856363152856,2.5328570951938243,-0.3850935303218342
327.0,6.742892611600626,-0.15148974560041087,-0.11037558584307498,0.009089504523161655,2.533780475378482,-0.38539782341977674
327.1,6.7298449778356515,-0.15158269386771084,-0.10716883042193781,0.009000054859314266,2.534449926012359,-0.3857021165177193
327.20000000000005,6.717675972607039,-0.1516727375016577,-0.10364201495876775,0.00890866905555676,2.5348654470954552,-0.3860064096156619
327.3,6.706429527341608,-0.1517598765022514,-0.09983206945841475,0.008815734339871161,2.5350270386277707,-0.38631777929727756
327.40000000000003,6.69623743631981,-0.15184701550284513,-0.0957636139241121,0.008723186852167586,2.5349808696185376,-0.3866291489788932
327.5,6.687055768114828,-0.15193415450343886,-0.09147357836070978,0.008631801048410081,2.5347038555631403,-0.3869405186605089
327.6,6.678972385580298,-0.15201838887067945,-0.08699273777224939,0.008543125840526739,2.534195996461578,-0.38725188834212454
327.70000000000005,6.671943357289403,-0.15210552787127318,-0.08236417716438921,0.008456774000535537,2.5334803768184684,-0.387549104856394
327.8,6.666056546095779,-0.1521897622385138,-0.07761251654036253,0.008375456124310638,2.532603165643043,-0.3878533979543366
327.90000000000003,6.661311951999425,-0.1522769012391075,-0.0727746859050193,0.008299946667816088,2.531564362935303,-0.38815769105227915
328.0,6.657665643573523,-0.15236694487305436,-0.06788761526320947,0.008232568998944029,2.5303639686952475,-0.3884619841502217
328.1,6.655117620818073,-0.1524569885070012,-0.06298823461978299,0.008169450837874227,2.52904815193211,-0.38878043041551047
328.20000000000005,6.653623952306258,-0.15254703214094806,-0.05810116397797318,0.008111753868552752,2.527570743636657,-0.38909180009712613
328.3,6.653096775184442,-0.15263998040824803,-0.05325717834182162,0.008059090862997578,2.525954828313506,-0.3894031697787418
328.40000000000003,6.653536089452622,-0.15273002404219488,-0.04848705271536997,0.00801146182120871,2.5242004059626555,-0.3897216160440305
328.5,6.654897963683983,-0.15282297230949485,-0.043815407101851514,0.007969253971168166,2.5223305610887228,-0.39004006230931926
328.6,6.657006672171252,-0.15291592057679482,-0.03927917150611619,0.007930531172965834,2.520322209187092,-0.3903514319909349
328.70000000000005,6.659862214914428,-0.15300886884409481,-0.03488450092897235,0.007894518970637664,2.5181753502577617,-0.39065572508887747
328.8,6.663376729059875,-0.15309891247804167,-0.03066832537526992,0.00786160459216568,2.5158899843007334,-0.39096001818682
328.90000000000003,6.667462351753958,-0.15319186074534163,-0.02663679984581723,0.007830239125621792,2.513512280325239,-0.3912713878684357
329.0,6.671987288716221,-0.15328190437928849,-0.02281454434384758,0.007802358710916112,2.5110191538266626,-0.39158275755005134
329.1,6.676907608519848,-0.15337194801323534,-0.0192077138701693,0.007772542156300315,2.508387520300387,-0.391894127231667
329.20000000000005,6.682047585457565,-0.15346199164718216,-0.015834773427207353,0.0077419511457204725,2.5056404642510297,-0.39221257349695576
329.3,6.687363288102555,-0.15354622601442278,-0.012701878015770074,0.007709036767248489,2.502731816669357,-0.39253101976224447
329.40000000000003,6.69276685360118,-0.15363046038166336,-0.009821337637474108,0.007674960704830437,2.4997308310692183,-0.39284238944386013
329.5,6.698126487672988,-0.15371469474890398,-0.007186997291511128,0.007640884642412384,2.4966144229459974,-0.39316791229282194
329.6,6.703398258891159,-0.15379602448279145,-0.004805011978689464,0.007606421352012308,2.4933825922996946,-0.3934792819744376
329.70000000000005,6.708450372975239,-0.15387735421667892,-0.002681536699817437,0.007572345289594255,2.490012254625693,-0.39379065165605326
329.8,6.713238898498412,-0.15395577931721327,-0.0008042614532783987,0.007539430911122272,2.486595747942458,-0.3941020213376689
329.90000000000003,6.717675972607039,-0.15403420441774765,0.000826813760927651,0.007509227128524453,2.483109987745374,-0.3944204676029577
330.0,6.721717663874304,-0.15411553415163512,0.002211688942800712,0.00748328285372889,2.479554974034441,-0.3947389138682464
330.1,6.725320040873387,-0.15419395925216947,0.0033688290947657584,0.007457338578933327,2.4759768758188914,-0.3950644367172082
330.20000000000005,6.728439172177472,-0.15427238435270382,0.00429823421682279,0.007433717672029903,2.4723526085941088,-0.39538288298249696
330.3,6.730987194932922,-0.15435080945323817,0.005012214310588458,0.00741242013301862,2.4687052568647094,-0.3957084058314588
330.40000000000003,6.733008040566554,-0.15442923455377253,0.005516924376871084,0.0073938331898815,2.465080989639927,-0.3960339286804206
330.5,6.734413846224733,-0.15450765965430688,0.00583698441890397,0.007379892982528661,2.4614567224151442,-0.3963594515293824
330.6,6.735248543334277,-0.15458608475484123,0.005972394436687113,0.007368276143067961,2.457855539694978,-0.3966849743783442
330.70000000000005,6.735512131895185,-0.15466450985537558,0.005941619432645489,0.007358982671499401,2.454323610488661,-0.3970104972273061
330.8,6.7352046119074584,-0.15474293495590993,0.0057569694083957484,0.007352012567822981,2.45088401930081,-0.3973289434925948
330.90000000000003,6.7342820519442785,-0.15482136005644428,0.005436909366362863,0.007347753060020725,2.447559850636041,-0.3976544663415566
331.0,6.7328762462861,-0.15489978515697864,0.004981439306546834,0.007346204148092631,2.4443511044943547,-0.3979870657741915
331.1,6.730943263506104,-0.154978210257513,0.00441517923218096,0.007342331868272398,2.441280865380367,-0.39831966520682643
331.20000000000005,6.72848310360429,-0.15505373072469422,0.0037504391448818907,0.007337685132488118,2.4383953023033107,-0.39865226463946135
331.3,6.725627560861114,-0.15512925119187546,0.002993374045457951,0.007331489484775745,2.4356713307585696,-0.3989848640720962
331.40000000000003,6.722376635276575,-0.15520186702570354,0.0021562939355257893,0.007323744925135278,2.4331782042599928,-0.39931746350473113
331.5,6.71881818970431,-0.15527738749288478,0.0012515088167020564,0.007315225909530765,2.4308928383029644,-0.39965713952103915
331.6,6.7149082927174994,-0.15534709869335978,0.0002913286906034007,0.007304770754016135,2.428884486401333,-0.39998266237000096
331.70000000000005,6.7107787385965985,-0.15541680989383475,-0.0007242464427701774,0.0072919922306093655,2.4271300640504827,-0.4003081852189628
331.8,6.706473458768425,-0.15548652109430972,-0.0017767515809937037,0.0072784392512385485,2.4256988247642632,-0.4006337080679246
331.90000000000003,6.702080316086616,-0.1555562322947847,-0.0028600317232588537,0.0072656607278317785,2.4246369375519063,-0.4009592309168864
332.0,6.69759931055117,-0.1556288481286128,-0.003974086869565627,0.007253656660389056,2.423921317908796,-0.4012918303495213
332.1,6.693118305015725,-0.15569565469573465,-0.005106607018297375,0.007238941997072169,2.423598134844166,-0.40162442978215623
332.20000000000005,6.688681230907097,-0.15576536589620965,-0.006263747170262421,0.0072238401057732595,2.423690472862632,-0.4019570292147911
332.3,6.684375951078924,-0.15583507709668462,-0.007427042323035793,0.007207963758510303,2.4241752474595772,-0.402289628647426
332.40000000000003,6.680158534104387,-0.15590188366380647,-0.008608802478234139,0.007193249095193416,2.4250986276442354,-0.40262222808006093
332.5,6.67616077426394,-0.15597159486428147,-0.009796717634240807,0.0071796961158226,2.426460613416606,-0.40295482751269585
332.6,6.672338740130766,-0.15604130606475644,-0.010990787791055803,0.007166143136451784,2.428261204776689,-0.40328035036165766
332.70000000000005,6.668736363131683,-0.1561110172652314,-0.012191012948679122,0.00715413906900906,2.4304773172198684,-0.40359879662694637
332.8,6.665441506120326,-0.1561807284657064,-0.013397393107110767,0.0071425222295483605,2.4331551197553765,-0.40392431947590823
332.90000000000003,6.662410237669877,-0.1562533442995345,-0.014603773265542411,0.007132454302015754,2.4362715278785974,-0.40424984232487005
333.0,6.6596864892071554,-0.1563230555000095,-0.015822463425590703,0.007121999146501124,2.439803457084914,-0.40458244175750496
333.1,6.65727026073216,-0.15639276670048446,-0.017047308586447322,0.007108833395112331,2.443750907374327,-0.4049150411901398
333.20000000000005,6.655073689391256,-0.15646247790095943,-0.01827215374730394,0.007093344275831398,2.4480446252329866,-0.40524764062277474
333.3,6.653184638038077,-0.15652928446808131,-0.019509308909777208,0.007075144560676302,2.452684610660893,-0.40558024005540966
333.40000000000003,6.65151524381899,-0.15659609103520317,-0.020746464072250476,0.007055008705611088,2.457670863658046,-0.4059128394880446
333.5,6.650109438160811,-0.15666289760232502,-0.02198977423553207,0.007034098394581829,2.4629341307105967,-0.40624543892067944
333.6,6.6489232896367225,-0.15672970416944687,-0.023239239399621987,0.007010864715660429,2.4684513273139284,-0.4065709617696413
333.70000000000005,6.647868935393088,-0.1567936061032156,-0.02449485956452023,0.006986469352792959,2.4741993689634247,-0.40688940803493
333.8,6.646990306856726,-0.15685750803698434,-0.025744324728610147,0.0069612995339614426,2.480178255659085,-0.4072149308838918
333.90000000000003,6.646199541174,-0.15692140997075307,-0.026999944893508387,0.00693884031100409,2.4863187338870607,-0.40754045373285364
334.0,6.645496638344911,-0.1569853119045218,-0.02825556505840663,0.006917542771992807,2.492574634638119,-0.40787305316548855
334.1,6.64483766694264,-0.1570463092049374,-0.029505030222496547,0.0068958580049995,2.4989459579122593,-0.40819857601445036
334.20000000000005,6.6441786955403686,-0.15711021113870613,-0.030742185384969815,0.006874947693970241,2.5053634501956323,-0.4085311754470853
334.3,6.643475792711278,-0.15717120843912175,-0.03197318554663476,0.006855973522851098,2.511827111488238,-0.4088566982960471
334.40000000000003,6.642685027028553,-0.15723511037289048,-0.03318572070587473,0.006841258859534211,2.518267688276228,-0.409189297728682
334.5,6.641850329919009,-0.1572961076733061,-0.0343736358618814,0.006833514299893745,2.5246620960549846,-0.40952189716131693
334.6,6.640839907102193,-0.15736291424042795,-0.03554308601546309,0.006830803704019581,2.5309641658152753,-0.40984742001027874
334.70000000000005,6.639653758578104,-0.15742681617419668,-0.03667560616419484,0.006835450439803862,2.537150813052484,-0.41017294285924055
334.8,6.638335815773561,-0.15749362274131853,-0.03777735130888497,0.006847454507246584,2.5432451222712267,-0.41050554229187547
334.90000000000003,6.636798215834928,-0.1575633339417935,-0.03882985644710849,0.006869526502221914,2.5491316709484213,-0.4108381417245104
335.0,6.635040958762205,-0.15763304514226847,-0.039839276579673746,0.006897019688945571,2.5547873745794516,-0.41117781774081835
335.1,6.633020113128572,-0.15769985170939035,-0.04079330170496408,0.0069287723834714834,2.560235317668934,-0.41151041717345327
335.20000000000005,6.630735678934031,-0.15776956290986532,-0.041691931822979485,0.0069655590417637,2.5653600776937857,-0.4118430166060882
335.3,6.6282315876054,-0.1578392741103403,-0.04252285693210332,0.007007766891804242,2.570184739158624,-0.41217561603872305
335.40000000000003,6.62546390771586,-0.15790608067746217,-0.04327992203152726,0.007056170389557159,2.5746631330542153,-0.41251529205503107
335.5,6.622388707838594,-0.15797579187793714,-0.043963127121251305,0.007108833395112331,2.5787721748759433,-0.41285496807133903
335.6,6.619049919400418,-0.158042598445059,-0.04456631720046712,0.00716343254057762,2.5824656956145753,-0.41318756750397395
335.70000000000005,6.615447542401335,-0.15810940501218085,-0.04507718226755808,0.007219967825953026,2.585766779774728,-0.41352016693660887
335.8,6.611581576841343,-0.15817330694594958,-0.04550187732333248,0.007277664795274502,2.588652342851784,-0.41385984295291683
335.90000000000003,6.607452022720442,-0.1582343042463652,-0.045834247366982016,0.007339234044416211,2.591076215836511,-0.4142065955528979
336.0,6.60310281146545,-0.1582953015467808,-0.04607429239850668,0.007399641609611851,2.5930614832335257,-0.414553348152879
336.1,6.598533943076369,-0.15835339421384328,-0.04620970241628983,0.007459661946825466,2.594608145042828,-0.41490010075286005
336.20000000000005,6.5937014861263785,-0.15841148688090576,-0.04624663242113977,0.007520069512021105,2.595670032255185,-0.4152468533528411
336.3,6.588737234895934,-0.15846667491461514,-0.0461789274122482,0.007582413217126861,2.5962702293752127,-0.4155936059528222
336.40000000000003,6.58350939510458,-0.1585218629483245,-0.04601274239042343,0.007649403658016897,2.5964318209075277,-0.41594035855280326
336.5,6.578149761032773,-0.15857414634868072,-0.045748077355665474,0.007720653606709189,2.596131722347514,-0.41628711115278433
336.6,6.572658332680511,-0.15862933438239007,-0.04537877730716599,0.0077965502911857614,2.595416102704404,-0.4166267871690923
336.70000000000005,6.5670351100477955,-0.1586816177827463,-0.04491099724573331,0.00787902985135673,2.5942849619781976,-0.41697353976907336
336.8,6.561324024561443,-0.15873680581645566,-0.044344737171367436,0.007968092287222096,2.592807553682745,-0.4173132157853814
336.90000000000003,6.555525076221454,-0.15879489848351816,-0.043686152084876695,0.00806644819465602,2.5909377088088124,-0.41765996838536246
337.0,6.54963826502783,-0.1588500865172275,-0.0429413969870694,0.008169063609892203,2.5887446808702497,-0.4180137975690166
337.1,6.543751453834205,-0.15890527455093686,-0.04210431687713724,0.008276712988894689,2.5862053853624403,-0.41836055016899765
337.20000000000005,6.537776779786944,-0.15896336721799936,-0.04119337675750518,0.008390170787627525,2.5833890757992335,-0.4187143793526518
337.3,6.531846037166502,-0.15902145988506183,-0.040202421627364905,0.008508662550126661,2.580295752180629,-0.4190611319526329
337.40000000000003,6.525915294546059,-0.15907955255212433,-0.039143761488333054,0.008633349960338174,2.5769254145066274,-0.41941496113628707
337.5,6.5200284833524345,-0.1591376452191868,-0.03802355134121795,0.008763071334315989,2.573370400795694,-0.4197617137362681
337.6,6.51414167215881,-0.1591957378862493,-0.03684179118601961,0.008895116076185944,2.569584542038596,-0.4201013897525761
337.70000000000005,6.50838665524564,-0.15925383055331177,-0.03561079102435467,0.009031420325858155,2.5656601762538,-0.42044106576888407
337.8,6.502675569759288,-0.15931192322037427,-0.03433670585703145,0.009169660715440484,2.5616434724505375,-0.4207807417851921
337.90000000000003,6.497096278553389,-0.15937001588743674,-0.033025690684858285,0.009310998928878999,2.5575113461241927,-0.42112041780150006
338.0,6.491648781627946,-0.1594252039211461,-0.031683900508643496,0.009449239318461327,2.5533792197978484,-0.42146717040148113
338.1,6.486333078982956,-0.15948039195485547,-0.030323645330003736,0.00958476911216949,2.5492009244622706,-0.4218068464177891
338.20000000000005,6.481149170618422,-0.15952977072185856,-0.028944925148938996,0.009716813854039446,2.5450457136313096,-0.42215359901777016
338.3,6.476184919387977,-0.1595820541222148,-0.027560049967065937,0.009844599088107144,2.5409597563141983,-0.4224932750340782
338.40000000000003,6.471352462437986,-0.1596285282558648,-0.026169019784384552,0.009967737586390562,2.5369661370155523,-0.42284002763405926
338.5,6.466783594048905,-0.1596750023895148,-0.024790299603319816,0.010085454892925654,2.5330879402399886,-0.4231726270666942
338.6,6.462434382793914,-0.15971857188981164,-0.02342388942387173,0.010197751007712419,2.5293713349967404,-0.42350522649932903
338.70000000000005,6.458304828673013,-0.15975923675675538,-0.022075944246848615,0.010305013158732881,2.5258855747996565,-0.42383074934829085
338.8,6.454438863113021,-0.15979990162369911,-0.020752619073058802,0.010409177485897156,2.522630659648737,-0.4241562721972527
338.90000000000003,6.450880417540755,-0.15983766185728973,-0.019466223904118937,0.010512180129115362,2.519675843057831,-0.4244888716298876
339.0,6.447585560529398,-0.15987832672423347,-0.01821675874002902,0.010610536036549288,2.5170211250269396,-0.4248214710625225
339.1,6.444598223505768,-0.15991318232447096,-0.017010378581597374,0.010705794120127026,2.5147126745652946,-0.4251540704951574
339.20000000000005,6.441918406469863,-0.15995094255806158,-0.01585939343044065,0.010797954379848578,2.512750491672896,-0.4254866699277923
339.3,6.439546109421687,-0.1599887027916522,-0.014763803286558854,0.01088779127167799,2.5111807453589776,-0.42581219277675414
339.40000000000003,6.4375252637880545,-0.16002355839188967,-0.0137297631507603,0.01097607925157931,2.510003435623539,-0.42614479220938906
339.5,6.435811938142148,-0.16005841399212717,-0.012757273023044996,0.011062431091570511,2.5092185624665793,-0.42647031505835087
339.6,6.43440613248397,-0.16009326959236467,-0.011864797905837913,0.011146846791651597,2.5088261258880995,-0.4267887613236396
339.70000000000005,6.4333957096671535,-0.16012812519260217,-0.011046182798330726,0.011229713579804589,2.5088722948973325,-0.42710013100525523
339.8,6.432692806838064,-0.16016588542619276,-0.01030758270133176,0.011311031456029488,2.509357069494278,-0.4274115006868709
339.90000000000003,6.432341355423519,-0.16020074102643025,-0.009648997614841014,0.011391187648308317,2.510280449678936,-0.42772994695215966
340.0,6.432297423996701,-0.16023269199331464,-0.009088892541283465,0.011465148192874773,2.51161935094669,-0.42804839321744836
340.1,6.432604943984428,-0.1602675475935521,-0.008614957479042463,0.011535623685603019,2.5133737732975403,-0.4283668394827371
340.20000000000005,6.433219983959881,-0.16029659392708334,-0.008239502429734655,0.011600290758600914,2.5155206322268704,-0.4286782091643528
340.3,6.434098612496243,-0.16032854489396772,-0.007968682394168368,0.011660698323796553,2.51805992773468,-0.4289966554296415
340.40000000000003,6.435284761020331,-0.16035759122749896,-0.007796342371535275,0.01171723360917196,2.520968575316352,-0.42930802511125715
340.5,6.436778429532146,-0.16038373292767708,-0.007728637362643703,0.011768734930781063,2.524223490467272,-0.42961231820919976
340.6,6.4384917551780525,-0.1604098746278552,-0.007765567367493652,0.011815589516605884,2.527778504178205,-0.4299095347234692
340.70000000000005,6.440424737958049,-0.1604331116946802,-0.00791944238770177,0.011858184594628451,2.5317028699630018,-0.4302067512377387
340.8,6.442577377872135,-0.1604592533948583,-0.008177952421651409,0.011898456304758878,2.535881165298579,-0.4305039677520082
340.90000000000003,6.444905743493494,-0.1604824904616833,-0.008553407470959215,0.011936791874979187,2.540336474689554,-0.4308082608499508
341.0,6.447409834822126,-0.16050282289515516,-0.009039652534816868,0.01197086793739724,2.5450226291266933,-0.43111255394789333
341.1,6.450045720431211,-0.16052315532862704,-0.009636687613224365,0.012001458947977082,2.549870375096148,-0.43140977046216283
341.20000000000005,6.452725537467114,-0.1605434877620989,-0.010350667706990032,0.012029339362682762,2.5548797125979177,-0.43170698697643234
341.3,6.455493217356655,-0.16056091556221766,-0.011175437815305545,0.012056445321424395,2.5600044726227695,-0.4320042034907018
341.40000000000003,6.458216965819377,-0.1605812479956895,-0.0121109979381709,0.012084325736130075,2.5651984861614707,-0.4323014200049713
341.5,6.460940714282098,-0.16059867579580828,-0.013157348075586103,0.012113755062763848,2.570415584204788,-0.4325915599355677
341.6,6.463576599891184,-0.160616103595927,-0.014308333226742825,0.012144733301325714,2.57560959774349,-0.4328816998661641
341.70000000000005,6.466124622646634,-0.1606364360293989,-0.015557798390832742,0.01217803490777972,2.5807805267775743,-0.4331718397967605
341.8,6.46849691969481,-0.16065676846287075,-0.01691189856866418,0.012215596022035983,2.5858360332885773,-0.43346905631103
341.90000000000003,6.470605628182079,-0.16067710089634263,-0.01835832375862049,0.012255093276202363,2.590753032771881,-0.4337591962416264
342.0,6.472538610962075,-0.16069452869646136,-0.019884763959085016,0.01229187993449458,2.595462271713637,-0.4340493361722228
342.1,6.474120142327527,-0.1607119564965801,-0.021497374170866092,0.01232827936480477,2.5998944965999953,-0.4343394761028192
342.20000000000005,6.475350222278433,-0.16072647966334574,-0.02318999939315539,0.012363129883186871,2.6040727919355726,-0.43462253944974255
342.3,6.476228850814795,-0.16073809819675822,-0.024938019622719607,0.012398754857533016,2.607881735197287,-0.43491267938033895
342.40000000000003,6.476624233656158,-0.16075262136352386,-0.026747589860367075,0.01243515428784321,2.6113444108897546,-0.43520281931093535
342.5,6.476624233656158,-0.16076423989693633,-0.02860640010448114,0.012469617578243285,2.6143684809945094,-0.43549295924153175
342.6,6.476097056534341,-0.1607700491636426,-0.030495985352636826,0.012502144728733245,2.616930861006935,-0.4357760225884551
342.70000000000005,6.475042702290707,-0.16077876306370198,-0.03241634560483414,0.012533897423259159,2.619054635431649,-0.4360590859353784
342.8,6.473505102352073,-0.1607816676970551,-0.034342860857839774,0.012566037345767094,2.6206705507548,-0.4363492258659748
342.90000000000003,6.471352462437986,-0.16078747696376133,-0.03628168611246206,0.012597790040293008,2.6217555224717732,-0.4366464423802443
343.0,6.468716576828901,-0.16078747696376133,-0.03820204636465937,0.01262838105087285,2.622309550582568,-0.4369365823108407
343.1,6.465465651244362,-0.16078747696376133,-0.040103941614431704,0.012659359289434716,2.622309550582568,-0.43721964565776406
343.20000000000005,6.4616436171111875,-0.16078457233040822,-0.04197506186016242,0.012693822579834793,2.6217555224717732,-0.43750978558836046
343.3,6.457338337283015,-0.1607816676970551,-0.04379078709861821,0.012733319834001172,2.6206243817455674,-0.43779992551895686
343.40000000000003,6.452418017479388,-0.1607816676970551,-0.04555111732979908,0.012778625507897903,2.6189392129085665,-0.43809006544955326
343.5,6.4470583834075805,-0.16077876306370198,-0.047237587551280054,0.012829352373542957,2.6167000159607707,-0.43837312879647655
343.6,6.441171572213956,-0.16077876306370198,-0.04883788776144448,0.012887436570846457,2.6139067909021803,-0.4386491155597268
343.70000000000005,6.43484544675215,-0.16077876306370198,-0.05034586295948403,0.01295171641586233,2.610605706742028,-0.43893217890665015
343.8,6.428123938448982,-0.16077876306370198,-0.05174920314378207,0.013025676960428785,2.6067967634803137,-0.43922231883724655
343.90000000000003,6.421050978731269,-0.16077876306370198,-0.05302944331191361,0.013105445924725592,2.6025261301262703,-0.43951245876784295
344.0,6.413626567599011,-0.16077876306370198,-0.054186583463878654,0.013188699940860606,2.597770722175282,-0.43980259869843935
344.1,6.405938567905845,-0.1607816676970551,-0.05521446859886888,0.013275826236815856,2.5925767086365803,-0.44009273862903575
344.20000000000005,6.398074842505406,-0.16077876306370198,-0.056094633714459316,0.013366050356627291,2.586967174014783,-0.44038287855963215
344.3,6.390035391397695,-0.16077876306370198,-0.056833233811458286,0.01345898507231289,2.581011371823739,-0.4406659419065555
344.40000000000003,6.381908077436347,-0.16077876306370198,-0.05741795888824913,0.013553855927908604,2.574709302063448,-0.4409560818371519
344.5,6.3737368320481815,-0.16077295379699572,-0.05784265394402354,0.013647177871576228,2.5681071337431436,-0.44123206860040215
344.6,6.365609518086835,-0.16076714453028948,-0.058113473979589825,0.013739338131297778,2.5612510358720577,-0.44150805536365234
344.70000000000005,6.357613998405942,-0.16076133526358322,-0.05823041899494799,0.01382801333918112,2.5542564309732736,-0.44177696554322954
344.8,6.349750273005503,-0.16075262136352386,-0.05818733398928972,0.013913203495226253,2.547100234542174,-0.4420529523064798
344.90000000000003,6.342106204739154,-0.16073809819675822,-0.057984218962615006,0.013990261863648896,2.539874784597225,-0.44232893906973
345.0,6.334725725033715,-0.16072067039663948,-0.0576333839165405,0.014058026760502978,2.5326493346522763,-0.4426049258329802
345.1,6.327696696742819,-0.16070033796316763,-0.05714098385187452,0.014116110957806478,2.5254238847073274,-0.44288091259623047
345.20000000000005,6.3210630512932875,-0.16067710089634263,-0.05650086376780875,0.014165676139505463,2.5183138572854604,-0.4431568993594807
345.3,6.314868720111936,-0.16065386382951763,-0.05573148866676816,0.014207109533581959,2.5113192523866763,-0.44343288612273096
345.40000000000003,6.309113703198766,-0.1606248174959864,-0.05483285854875275,0.014238862228107873,2.5045324080294398,-0.4437017963023081
345.5,6.303885863407412,-0.160592866529102,-0.053823438416187495,0.014262095907029272,2.4979533242137517,-0.4439565533145391
345.6,6.299185200737877,-0.16055801092886454,-0.05270938326988073,0.014278746710256276,2.4916974234626936,-0.4442113103267701
345.70000000000005,6.295099578043794,-0.16052315532862704,-0.05150300311144908,0.014289976321734952,2.485810874785499,-0.444458990755328
345.8,6.291541132471528,-0.16048829972838954,-0.050210452941700894,0.014301205933213629,2.4803398471914004,-0.444713747767559
345.90000000000003,6.288641658301533,-0.1604563487615052,-0.04885635276386945,0.014308563264872072,2.4753074251850142,-0.44497558136346305
346.0,6.286313292680175,-0.1604214931612677,-0.047446857578763095,0.014313210000656352,2.47078286228019,-0.44523033837569403
346.1,6.28459996703427,-0.16038954219438334,-0.04599427738799846,0.014315533368548492,2.466766158476928,-0.445478018804252
346.20000000000005,6.283457749936999,-0.16035468659414584,-0.044517077194000526,0.014315146140566467,2.4633265672890765,-0.44573277581648296
346.3,6.282930572815181,-0.16032273562726146,-0.04302756699838595,0.014312435544692305,2.4604640887166367,-0.44598045624504085
346.40000000000003,6.282930572815181,-0.1602907846603771,-0.04153805680277137,0.014307401580926,2.4582018072642247,-0.4462281366735988
346.5,6.283457749936999,-0.16025883369349275,-0.04005470160796511,0.014298108109357442,2.4565397229318404,-0.4464545873511374
346.6,6.284512104180633,-0.1602297873599615,-0.03860212141720048,0.014286878497878765,2.4555240047287166,-0.4466810380286761
346.70000000000005,6.286005772692448,-0.16019783639307714,-0.037186471231285795,0.014272163834561879,2.455154652654853,-0.4469074887062147
346.8,6.287938755472444,-0.1601687900595459,-0.03582006105183771,0.014253189663442736,2.4554547512148672,-0.4471410159674265
346.90000000000003,6.290223189666985,-0.16013683909266152,-0.034515200880472864,0.014225696476719079,2.4564012159041417,-0.44736746664496513
347.0,6.292815143849253,-0.16010198349242405,-0.033278045717999596,0.014188909818426862,2.4579940467226766,-0.4475868407388307
347.1,6.295670686592429,-0.16006712789218655,-0.03212090556603455,0.01414205523260204,2.460210159165856,-0.4478132914163694
347.20000000000005,6.298745886469695,-0.16002936765859593,-0.031043780424577727,0.014085132719244612,2.463049553233679,-0.44803266551023496
347.3,6.301952880627416,-0.1599887027916522,-0.030065135296054098,0.0140185295063366,2.4664660599169137,-0.44824496302042743
347.40000000000003,6.305247737638774,-0.15994513329135532,-0.029178815179655336,0.01394069668194991,2.4704596792155598,-0.44845726053061996
347.5,6.30854259465013,-0.15989865915770535,-0.028390975076189772,0.013852408702048591,2.4749611576157675,-0.44866248145713933
347.6,6.311881383088306,-0.15985218502405535,-0.02770776998646573,0.013753665566632642,2.4799935796221537,-0.4488535492163126
347.70000000000005,6.315088377246027,-0.15979990162369911,-0.027129199910483206,0.01364524173166611,2.4855338607301016,-0.449058770142832
347.8,6.318163577123293,-0.159750522856696,-0.02664910984743388,0.013531783932933274,2.4914896629211456,-0.44925691448567834
347.90000000000003,6.3210630512932875,-0.15969533482298665,-0.026273654798126073,0.013409419890613904,2.497860986195286,-0.44945505882852466
348.0,6.323742868329191,-0.1596401467892773,-0.02599667976175146,0.013280085744618112,2.5045554925340565,-0.449653203171371
348.1,6.3261151653773675,-0.15958495875556794,-0.025812029737501716,0.013146492090820064,2.5115270129282243,-0.44984427093054424
348.20000000000005,6.328223873864636,-0.15952686608850544,-0.025713549724568522,0.013010575069129875,2.5187755473777895,-0.45003533868971746
348.3,6.3299371995105425,-0.1594716780547961,-0.025701239722951873,0.012875819731385758,2.52618567335967,-0.4502334830325638
348.40000000000003,6.331299073741903,-0.15941649002108674,-0.025768944731843445,0.012743000533551756,2.5337343063692495,-0.45041747420806394
348.5,6.332221633705083,-0.15936130198737736,-0.025898199748818265,0.012612117475627871,2.5413521928926777,-0.4506014653835641
348.6,6.3327927422537185,-0.159306113953668,-0.02608900477387633,0.01248626838147029,2.5489931639207226,-0.45078545655906427
348.70000000000005,6.332924536534173,-0.15925383055331177,-0.02633520480620932,0.012366227707043058,2.5566110504441513,-0.45096944773456443
348.8,6.332617016546446,-0.15920154715295554,-0.026618334843392256,0.01225122099638213,2.5641135144444975,-0.4511534389100646
348.90000000000003,6.331914113717357,-0.1591492637525993,-0.026932239884616817,0.012136988741685248,2.571454386912529,-0.45133743008556476
349.0,6.330815828046904,-0.15909698035224307,-0.027276919929883,0.012023918170934435,2.5785644143343953,-0.4515072680937187
349.1,6.3292782281082705,-0.15904179231853371,-0.02762775497595751,0.01191162205614767,2.5853974277008644,-0.45168418268554583
349.20000000000005,6.3273891767550925,-0.15898660428482436,-0.027984745022840343,0.011802810993199115,2.5919072580027036,-0.4518540206936998
349.3,6.3251486739873695,-0.15893141625111498,-0.028335580068914852,0.011696710526124723,2.5980015672214463,-0.4520309352855269
349.40000000000003,6.322556719805102,-0.1588733235840525,-0.02867410511337271,0.011590997287032355,2.6036572708524766,-0.45220077329368086
349.5,6.319657245635108,-0.15881523091699,-0.02898801015459727,0.011485671275922009,2.6088051153819447,-0.45236353471816176
349.6,6.316538114331023,-0.1587513289832213,-0.029264985190971884,0.011380732492793687,2.613445100809851,-0.45252629614264267
349.70000000000005,6.313155394466031,-0.1586903316828057,-0.029505030222496547,0.011278117077557505,2.6175079736223466,-0.4526961341507967
349.8,6.309553017466946,-0.15862642974903696,-0.02970199024836294,0.011177050574249416,2.620924480305581,-0.4528659721589507
349.90000000000003,6.3058188461874085,-0.158556718548562,-0.029843555266954407,0.011074822386995259,2.6237177053641716,-0.4530358101671047
350.0,6.301952880627416,-0.1584899119814401,-0.029929725278270952,0.01097491756763324,2.6258183952842686,-0.4531914950079125
350.1,6.297999052213788,-0.15841729614761202,-0.029948190280695928,0.010878110572127408,2.6272034655612555,-0.4533542564323934
350.20000000000005,6.294001292373341,-0.15834758494713702,-0.029905105275037654,0.010787499224333948,2.6278498316905163,-0.45350994127320127
350.3,6.2899596011060765,-0.15827496911330893,-0.02979431526048781,0.010704245208198933,2.6277574936720502,-0.4536727026976822
350.40000000000003,6.285917909838812,-0.15820525791283396,-0.02960351023542974,0.010627961295740337,2.626880282496625,-0.45382838753849
350.5,6.281920149998365,-0.15813264207900585,-0.02933884520067178,0.010559421942922208,2.625218198164241,-0.4539699192119516
350.6,6.277966321584737,-0.15806293087853088,-0.029006475157022246,0.010499401605708593,2.6228404941887464,-0.4541185274690864
350.70000000000005,6.274144287451563,-0.15799321967805588,-0.02859409010286449,0.010450610879973654,2.619677917056293,-0.4542671357262211
350.8,6.270410116172025,-0.15792641311093403,-0.028107845039006835,0.010411500853789297,2.615776635776113,-0.454422820567029
350.90000000000003,6.2668077391729415,-0.15785960654381218,-0.027547739965449288,0.010378973703299337,2.61111356584359,-0.4545714288241637
351.0,6.263337156454312,-0.1577898953433372,-0.026913774882191842,0.010353416656485797,2.605734876267957,-0.4547129604976254
351.1,6.260042299442954,-0.15772308877621533,-0.02621825979085115,0.010333668029402608,2.5996636515538305,-0.4548615687547601
351.20000000000005,6.25692316813887,-0.15765337757574036,-0.025455039690618884,0.01032011505003179,2.592922976205827,-0.4550031004282218
351.3,6.253979762542058,-0.1575865710086185,-0.02462411458149505,0.010311983262409301,2.585535934728563,-0.45514463210168343
351.40000000000003,6.2512120826525175,-0.1575139551747904,-0.023743949465904614,0.010306949298642998,2.5775486961312715,-0.45527908719147203
351.5,6.248664059897068,-0.15744424397431542,-0.022808389343039255,0.010305400386714904,2.5690305139278014,-0.4554064656975875
351.6,6.246379625702527,-0.1573716281404873,-0.021829744214515626,0.010305400386714904,2.560027557127386,-0.4555267676200299
351.70000000000005,6.244270917215259,-0.1572990123066592,-0.020808014080333725,0.010306949298642998,2.5506321637484906,-0.4556541461261454
351.8,6.242425797288899,-0.1572263964728311,-0.019749353941301874,0.010306949298642998,2.5408674182957323,-0.4557815246322609
351.90000000000003,6.240844265923448,-0.15714797137229675,-0.018666073799036724,0.010302689790840742,2.5308025742829603,-0.4559018265547033
352.0,6.2394823916920865,-0.15706664163840928,-0.017558173653538275,0.010294558003218253,2.52052996972864,-0.45602212847714574
352.1,6.238384106021634,-0.1569853119045218,-0.01643180850561485,0.010284102847703622,2.510072689137388,-0.45614243039958813
352.20000000000005,6.23754940891209,-0.1569039821706343,-0.015299288356883104,0.010272098780260898,2.4995461550322866,-0.4562698089057036
352.3,6.236978300363456,-0.15681974780339372,-0.014166768208151355,0.010256996888961988,2.4890196209271855,-0.45638303424447296
352.40000000000003,6.236670780375729,-0.1567326088028,-0.013040403060227933,0.010239184401788917,2.4785161713267008,-0.4564891829995692
352.5,6.2366268489489105,-0.15664546980220626,-0.01192634791392116,0.010219048546723702,2.4681512287539147,-0.4565811785873193
352.6,6.236890437509819,-0.15655833080161255,-0.01083075777003936,0.010198525463676467,2.4580402157319097,-0.45667317417506936
352.70000000000005,6.237417614631636,-0.15647119180101882,-0.00975978762939086,0.01018148743246744,2.4481831322606853,-0.45677224634649255
352.8,6.23825231174118,-0.15638695743377823,-0.008731902494400633,0.01016522385722246,2.4387184853679407,-0.4568713185179157
352.90000000000003,6.239306665984814,-0.1563027230665376,-0.007740947364260353,0.010148185826013434,2.4296693595582926,-0.45696331410566576
353.0,6.240668540216175,-0.15621848869929703,-0.006799232240586672,0.010131535022786431,2.4211050083455894,-0.45705530969341585
353.1,6.242294003008444,-0.1561342543320564,-0.005912912124187913,0.010112948079649312,2.4130946852436814,-0.4571473052811659
353.20000000000005,6.2442269857884405,-0.15605001996481582,-0.005094297016680726,0.010093973908530167,2.405684559261801,-0.457239300868916
353.3,6.246335694275709,-0.1559657855975752,-0.004349541918873435,0.010071514685572814,2.398920799409181,-0.457324219872993
353.40000000000003,6.2487079913238865,-0.15588155123033462,-0.0036848018315743655,0.010044795954813205,2.3928034056858216,-0.45739498570972387
353.5,6.251343876932972,-0.155797316863094,-0.0031000767547835176,0.010013043260287293,2.3874478006148054,-0.4574586749627816
353.6,6.254199419676148,-0.15571308249585342,-0.002613831690925865,0.009976256601995076,2.3828770687007483,-0.45751528763216626
353.70000000000005,6.257230688126596,-0.15562594349525968,-0.002226066640001408,0.009934435979936557,2.3791142944482666,-0.4575860534688971
353.8,6.260481613711136,-0.15553880449466595,-0.001942936602818471,0.009882547430345431,2.3761825623619774,-0.45764974272195486
353.90000000000003,6.2639082650029465,-0.1554487608607191,-0.0017767515809937037,0.009818267585329558,2.374104956946497,-0.4577063553913395
354.0,6.267466710575213,-0.15535581259341913,-0.0017336665753354308,0.00974275812883501,2.3728814782018253,-0.45776296806072414
354.1,6.27120088185475,-0.15526286432611916,-0.0018198365866519768,0.009654857376915713,2.372558295137195,-0.4578195807301088
354.20000000000005,6.275066847414743,-0.15516410679211293,-0.002035261614943342,0.009555727013517742,2.3730892387433733,-0.45786911681582043
354.3,6.279020675828371,-0.15506534925810672,-0.002392251661826175,0.009445754266623117,2.374497393524977,-0.4579115763178589
354.40000000000003,6.283018435668818,-0.15496368709074737,-0.0028908067273004773,0.009324551908249814,2.376759674977389,-0.4579469592362243
354.5,6.287147989789719,-0.1548591202900349,-0.0035370818121745725,0.009194830534272,2.37987608310061,-0.45797526557091667
354.6,6.29127754391062,-0.15475455348932243,-0.004337231917256786,0.009056590144689671,2.383846617894639,-0.458003571905609
354.70000000000005,6.295407098031521,-0.15464998668860996,-0.005291257042547117,0.008914864703269134,2.3886251103502443,-0.45803187824030134
354.8,6.299580583579239,-0.1545454198878975,-0.0064114671896622144,0.008767718070100268,2.3941884759628085,-0.45806018457499365
354.90000000000003,6.30371013770014,-0.15444375772053814,-0.007685552356985431,0.008617086385093195,2.4004905457230996,-0.4580814143260129
355.0,6.307795760394223,-0.15433919091982568,-0.009119667545325089,0.00846529301614005,2.4074851506218837,-0.45810264407703216
355.1,6.311793520234669,-0.15423752875246632,-0.010719967755489515,0.008314274103150951,2.4151492061545454,-0.4581238738280514
355.20000000000005,6.3156594857946615,-0.15413877121846012,-0.01247414298586206,0.008166740242000063,2.4234134588072345,-0.4581380269953976
355.3,6.3194375885010174,-0.15404001368445389,-0.014382193236442721,0.008023853116633456,2.4322317395707183,-0.4581521801627437
355.40000000000003,6.322996034073284,-0.15394706541715392,-0.0164441185072315,0.00788483827108708,2.441534794931148,-0.4581521801627437
355.5,6.3264226853650944,-0.15385411714985395,-0.018653763797420075,0.007752019073253079,2.451299540383906,-0.4581521801627437
355.6,6.329585748095997,-0.1537640735159071,-0.02099881910539179,0.007625782751113474,2.4614798069197605,-0.45815925674641683
355.70000000000005,6.33252915369281,-0.15367693451531336,-0.023473129430338326,0.007507678216596359,2.471960172015629,-0.45815925674641683
355.8,6.335165039301895,-0.15359270014807277,-0.02606438477064303,0.007390735366025314,2.482694466662278,-0.4581663333300899
355.90000000000003,6.337493404923254,-0.15350556114747904,-0.028760275124689257,0.007273405287472246,2.493613437345859,-0.45815925674641683
356.0,6.3394703191300685,-0.1534184221468853,-0.03154849049086035,0.007156075208919177,2.5046709150571385,-0.4581451035790706
356.1,6.34105185049552,-0.15333128314629157,-0.03441672086753967,0.007037970674402062,2.515774561777651,-0.4581380269953976
356.20000000000005,6.34219406759279,-0.15324123951234472,-0.03734650125230223,0.006921802279795063,2.5268782084981636,-0.45813095041172447
356.3,6.34289697042188,-0.15315410051175102,-0.040313211641914745,0.006804472201241995,2.537912601704827,-0.4581167972443783
356.40000000000003,6.34311662755597,-0.15306115224445105,-0.04330454203476056,0.00668404429883274,2.5487854033791746,-0.45810264407703216
356.5,6.342809107568244,-0.15296820397715105,-0.04629587242760637,0.0065628419404594384,2.5594966135212074,-0.458088490909686
356.6,6.3419744104586995,-0.15287235107649796,-0.04926873781802721,0.006439316214193996,2.5699538941124596,-0.4580743377423398
356.70000000000005,6.340568604800521,-0.15277649817584488,-0.05219236320198145,0.006315016031964508,2.5801110761436976,-0.45806726115866675
356.8,6.338547759166889,-0.15267774064183864,-0.05504828357704412,0.006188005253860857,2.589898906101072,-0.4580531079913206
356.90000000000003,6.335955804984621,-0.1525760784744793,-0.05780572393917359,0.006062156159703275,2.5992942994799675,-0.45803187824030134
357.0,6.332704879400082,-0.15247441630711994,-0.060452374286753215,0.005940179345365926,2.60825108727115,-0.4580106484892821
357.1,6.328882845266908,-0.15237275413976062,-0.06294514961412473,0.005826721546633091,2.6167000159607707,-0.4579894187382628
357.20000000000005,6.324401839731462,-0.15227399660575439,-0.06527173991967147,0.005723718903414886,2.62464108554883,-0.45797526557091667
357.3,6.319261862793745,-0.1521781437051013,-0.06740137019935181,0.005630784187729288,2.632005042521477,-0.4579611124035705
357.40000000000003,6.313550777307393,-0.15207938617109507,-0.06931557545074081,0.0055494663115043886,2.638768802374097,-0.45793988265255126
357.5,6.307268583272406,-0.1519864379037951,-0.07097742566898849,0.005482475870614353,2.644932365106689,-0.457918652901532
357.6,6.300371349261965,-0.15189639426984824,-0.07238076585328651,0.005430587321023227,2.650472646214637,-0.45790449973418584
357.70000000000005,6.292990869556525,-0.1518092552692545,-0.07348866599878497,0.005395736802641127,2.6553203921840915,-0.45789034656683963
357.8,6.28503928130245,-0.1517221162686608,-0.0742949711046755,0.005372890351701751,2.6595217720242856,-0.4578761933994935
357.90000000000003,6.276692310207013,-0.1516378819014202,-0.07477506116772482,0.005362822424169144,2.6630075322213695,-0.4578549636484742
358.0,6.267906024843393,-0.15155655216753272,-0.0749166261863163,0.0053643713360972374,2.6657776727753437,-0.457833733897455
358.1,6.25876828806523,-0.1514723178002921,-0.07470120115802494,0.005377924315468054,2.667855278190824,-0.45781250414643576
358.20000000000005,6.249410894152976,-0.15139389269975775,-0.07412878608285073,0.0054034813622815935,2.6692172639631946,-0.4577912743954165
358.3,6.2397899116798135,-0.15131256296587028,-0.07318091595836873,0.0054394935646097636,2.6698405455878387,-0.45776296806072414
358.40000000000003,6.230037134926197,-0.15123123323198281,-0.07186374578538723,0.005483250326578399,2.6697712920739893,-0.45773466172603183
358.5,6.22028435817258,-0.15114990349809534,-0.07017727556390627,0.0055332027362594086,2.669032587926263,-0.4576992788076664
358.6,6.2105755128457805,-0.15106857376420785,-0.0681153502931175,0.005588963565670768,2.6676244331446597,-0.45767097247297406
358.70000000000005,6.200998461799436,-0.15098433939696726,-0.06569027997463756,0.005649371130866407,2.665546827729179,-0.45764266613828175
358.8,6.191641067887183,-0.15089720039637353,-0.06290821960927478,0.005710165924044069,2.662822856184438,-0.45761435980358944
358.90000000000003,6.182635125389473,-0.1508100613957798,-0.05979378920026247,0.005773671313095896,2.6594525185104363,-0.4575860534688971
359.0,6.174068497159944,-0.15072001776183294,-0.056353143748408954,0.005838725614075815,2.6555050682210233,-0.45755067055053167
359.1,6.165985114625416,-0.15062997412788612,-0.052610903256947526,0.00590803942285799,2.650980505316199,-0.45751528763216626
359.20000000000005,6.1585607034931575,-0.15053702586058612,-0.04858553272830317,0.005981999967424446,2.6458788297959637,-0.45747990471380084
359.3,6.151839195189989,-0.15044407759328615,-0.04431396216732581,0.006059832791811135,2.6402692951741664,-0.45743744521176233
359.40000000000003,6.145908452569547,-0.15035112932598618,-0.03982081157724877,0.006143861263910197,2.634151901450807,-0.45738083254237766
359.5,6.140900269912284,-0.1502581810586862,-0.03514301096292199,0.006234472611703656,2.6276189866443516,-0.45731714328931994
359.6,6.136858578645019,-0.15016813742473936,-0.030311335328387087,0.006333990203083652,2.6206474662501837,-0.45726053061993527
359.70000000000005,6.133871241621389,-0.1500780937907925,-0.025362714678494012,0.006442414038050183,2.613329678286769,-0.4572039179505506
359.8,6.132026121695029,-0.14998805015684566,-0.02034638901970937,0.0065562590647650415,2.605642538249491,-0.4571402286974929
359.90000000000003,6.131367150292758,-0.14990091115625193,-0.01529313335607478,0.006676686967174297,2.5976552996521995,-0.4570765394444351
360.0,6.131938258841393,-0.14981377215565822,-0.010252187694056837,0.006802923289313902,2.5893679624948938,-0.4570128501913774
360.1,6.1337833787677525,-0.1497266331550645,-0.005266637039313817,0.00693419357521981,2.5808497802914236,-0.4569420843546465
360.20000000000005,6.136946441498655,-0.14963949415447075,-0.0003734113966956686,0.007069336140945952,2.572100753041789,-0.4568713185179157
360.3,6.1413835156072825,-0.14955235515387705,0.0043782492273310115,0.007205640390618163,2.563167049755223,-0.4567863995138387
360.40000000000003,6.147182463947272,-0.1494623115199302,0.00894525982710795,0.0073434935522184676,2.554048670431725,-0.4566944039260886
360.5,6.154299355091802,-0.14937517251933646,0.0132906903977852,0.007481733941800796,2.5448610375943783,-0.45659533175466543
360.6,6.162734189040877,-0.14928803351874273,0.017371455933704486,0.007622684927257288,2.5355810667385654,-0.45650333616691535
360.70000000000005,6.172399102940857,-0.14919798988479588,0.021150626430015862,0.007762474228767709,2.526231842368903,-0.4564113405791653
360.8,6.183338028218563,-0.1491050416174959,0.024591271881869377,0.007897229566511827,2.516882617999241,-0.45631226840774214
360.90000000000003,6.1953752391667205,-0.14901209335019594,0.027656462284415085,0.008028499852417735,2.507556478134195,-0.45621319623631895
361.0,6.208554667212149,-0.14891914508289597,0.030315422633611363,0.008155510630521386,2.4982534227737654,-0.4561070474812227
361.1,6.222700586647575,-0.14882329218224286,0.032549687927033236,0.008279810812750876,2.4890196209271855,-0.4560079753097996
361.20000000000005,6.237769066046181,-0.14872453464823665,0.03432232815983075,0.008402174855070247,2.4799012416036876,-0.45589474997103024
361.3,6.253628311127513,-0.14862577711423042,0.035627188331195596,0.008521053845551409,2.470875200298656,-0.4557744480485878
361.40000000000003,6.270146527611116,-0.1485270195802242,0.036439648437894455,0.008639158380068524,2.462010750525939,-0.4556470695424723
361.5,6.287191921216537,-0.1484311666795711,0.03675355347911902,0.008756875686603615,2.45335406129477,-0.45551261445268376
361.6,6.304720560516956,-0.1483324091455649,0.03656274845406095,0.008877303589012871,2.4449282171097657,-0.45538523594656827
361.70000000000005,6.322468856951466,-0.14823655624491178,0.03585492336110361,0.008998893175368197,2.436733217970926,-0.4552578574404528
361.8,6.3403928790932484,-0.1481407033442587,0.034636233201055314,0.009120869989705543,2.4288383173921004,-0.4551234023506642
361.90000000000003,6.358272969808213,-0.1480448504436056,0.03292514297634104,0.00924478294395301,2.421243515373288,-0.4549889472608756
362.0,6.375977334815905,-0.1479519021763056,0.03071549768615247,0.00936947035416452,2.413994980923723,-0.45484741558741393
362.1,6.393330248409051,-0.14785895390900564,0.02802576233291457,0.009496093904286148,2.4070927140434044,-0.4547058839139523
362.20000000000005,6.410243847734018,-0.14776600564170567,0.024886711920668964,0.009623104682389801,2.4005828837415653,-0.45456435224049063
362.3,6.426542407083531,-0.1476730573744057,0.02131681145184063,0.009748953776547383,2.3944654900182063,-0.4544086673996828
362.40000000000003,6.442094132177136,-0.14758301374045885,0.01733452592885454,0.009874802870704963,2.388809786387176,-0.454252982558875
362.5,6.456723297307561,-0.14749006547315888,0.012982940357368964,0.00999755414100636,2.3836850263623237,-0.4540972977180671
362.6,6.470385971047988,-0.14740002183921203,0.008286674740617206,0.010118369271397637,2.379068125439034,-0.4539486894609324
362.70000000000005,6.4829064276911454,-0.14730707357191206,0.0032888140842575373,0.010232988754076543,2.3749821681219223,-0.45379300462012456
362.8,6.494196804383395,-0.1472141253046121,-0.00196755660605177,0.010337153081240818,2.3714964079248384,-0.45363731977931676
362.90000000000003,6.504213169697921,-0.14711536777060585,-0.007451662326269091,0.01043047502490844,2.3685877603431655,-0.45347455835483585
363.0,6.512823729354267,-0.1470137056032465,-0.01311426306992783,0.010512954585079408,2.36634856339537,-0.453318873514028
363.1,6.519940620498798,-0.14691204343588715,-0.018906118830561387,0.010585753445699795,2.3647326480722186,-0.4531561120895471
363.20000000000005,6.525607774558333,-0.14680747663517468,-0.024790299603319816,0.010648871606769597,2.3638092678875604,-0.4529933506650662
363.3,6.529737328679233,-0.14670290983446221,-0.030717565381736516,0.010701147384342746,2.363578422841396,-0.4528235126569122
363.40000000000003,6.532329282861501,-0.1465925337670435,-0.03663867615934489,0.01074451691832936,2.364086281942958,-0.4526536746487582
363.5,6.5333836371051355,-0.14648506233297792,-0.042504391929678344,0.010779367436711458,2.365332845192246,-0.4524838366406042
363.6,6.532900391410136,-0.1463746862655592,-0.04828393768869525,0.010808409535363208,2.3673642815984937,-0.4523139986324502
363.70000000000005,6.530923477203322,-0.14626431019814048,-0.0539219184291207,0.010830481530338538,2.370157506657084,-0.4521512372079693
363.8,6.527496825911511,-0.14615393413072175,-0.05937524914529639,0.010845970649619471,2.373735604872634,-0.45197432261614223
363.90000000000003,6.522664368961521,-0.1460406534299499,-0.06461930983398904,0.010857200261098147,2.37805240723591,-0.4518044846079882
364.0,6.516513969206987,-0.1459302773625312,-0.06960486048873207,0.010866880960648731,2.3831540827561457,-0.45162757001616116
364.1,6.509089558074729,-0.1458228059284656,-0.0742949711046755,0.01087733611616336,2.3889944624241073,-0.45145065542433405
364.20000000000005,6.500522929845201,-0.14571823912775314,-0.07867117667939437,0.010888178499660013,2.395573546239796,-0.451273740832507
364.3,6.490901947372039,-0.14561367232704064,-0.08269654720803873,0.01089940811113869,2.4028451651939773,-0.4510897496570068
364.40000000000003,6.4803584049356955,-0.14551201015968132,-0.08635261768818361,0.010911799406563437,2.4108324037912694,-0.4508986818978336
364.5,6.469024096816628,-0.14541034799232197,-0.08962092311740405,0.010925739613916277,2.4195121775270545,-0.45070761413866034
364.6,6.45698688586847,-0.14531159045831574,-0.09247684349246671,0.010943164873107326,2.4288152328874837,-0.4505236229631602
364.70000000000005,6.444422497798495,-0.14521573755766265,-0.0949142238125633,0.010959428448352307,2.4387184853679407,-0.45033963178766
364.8,6.431418795460339,-0.14511988465700953,-0.09693306407769381,0.010973368655705145,2.449152681454576,-0.4501485640284868
364.90000000000003,6.418195435988093,-0.14502403175635645,-0.09851489928543326,0.010983823811219776,2.4600947366427737,-0.44995749626931353
365.0,6.404796350808574,-0.14492527422235021,-0.0996720394373983,0.010990406686914173,2.4714984819233,-0.4497664285101403
365.1,6.391441197055873,-0.14482942132169713,-0.10041063953439727,0.01099350451077036,2.4832715792776896,-0.449568284167294
365.20000000000005,6.378261769010446,-0.14473066378769092,-0.10073069957643016,0.010991955598842265,2.4953909442013256,-0.4493630632407746
365.3,6.365345929525926,-0.1446319062536847,-0.10065068456592194,0.01098537272314787,2.5077873231803594,-0.44915784231425515
365.40000000000003,6.352913335736405,-0.14453024408632534,-0.10018905950529758,0.010973755883687169,2.5204145472055575,-0.4489455448040627
365.5,6.341007919068701,-0.144428581918966,-0.09935197939536541,0.01095749230844219,2.5331802782584543,-0.44873324729387015
365.6,6.329849336656906,-0.14432401511825352,-0.0981763742409754,0.010938130909341023,2.546038347329817,-0.4485209497836777
365.70000000000005,6.3194375885010174,-0.14421944831754105,-0.09667455404374417,0.01091218663454546,2.55889641640118,-0.4483086522734852
365.8,6.3099484003083095,-0.14411197688347546,-0.09487729380771336,0.01088082116800157,2.571685231958693,-0.4480963547632927
365.90000000000003,6.301469634932417,-0.14400160081605673,-0.09280921353611625,0.010846745105583517,2.584335540488508,-0.4478769806694271
366.0,6.294045223800159,-0.14389412938199114,-0.09050108823299448,0.010813443499129511,2.5967319194675413,-0.44765760657556153
366.1,6.287763029765172,-0.14378375331457244,-0.08798369290238967,0.010784014172495738,2.6088512843911777,-0.44743823248169595
366.20000000000005,6.282623052827455,-0.14367628188050682,-0.08528164754753512,0.010760393265592316,2.6205782127363344,-0.4472117818041573
366.3,6.278713155840644,-0.14356881044644124,-0.08242572717247246,0.010742193550437219,2.631797281979929,-0.4469782545429456
366.40000000000003,6.276033338804741,-0.14346424364572877,-0.07944670678124328,0.01073290007886866,2.642508492121962,-0.4467447272817338
366.5,6.274583601719744,-0.1433596768450163,-0.07636920637708093,0.010733674534832706,2.652619505143967,-0.4465112000205221
366.6,6.274320013158835,-0.14326091931101007,-0.07321784596321868,0.010747227514203522,2.6620379830274787,-0.44627767275931035
366.70000000000005,6.275286504548833,-0.14315925714365074,-0.07002340054369816,0.010768912281196828,2.670671587754031,-0.4460370689144255
366.8,6.277351281609284,-0.1430604996096445,-0.06680433512094432,0.010801052203704765,2.678474150314391,-0.4457964650695407
366.90000000000003,6.280514344340187,-0.14296174207563828,-0.06357911469738217,0.010842872825763284,2.685399501699326,-0.4455558612246559
367.0,6.284643898461087,-0.1428658891749852,-0.06037235927624499,0.01089476137535441,2.6913553038903704,-0.44530818079609796
367.1,6.289739943971986,-0.1427700362743321,-0.05719022385834112,0.010958266764406236,2.6963184723829072,-0.4450605003675401
367.20000000000005,6.29562675516561,-0.142674183373679,-0.054057328446903835,0.011030291169062576,2.7001966691584705,-0.44481281993898214
367.3,6.302260400615143,-0.1425783304730259,-0.050973673041933155,0.011109285677395334,2.7030129787216777,-0.44455806292675115
367.40000000000003,6.309509086040128,-0.14248247757237278,-0.047957722645854045,0.01119718642931463,2.704698147558678,-0.44430330591452016
367.5,6.317284948586931,-0.1423866246717197,-0.04500332225785818,0.011292444512892368,2.705252175669473,-0.4440556254859623
367.6,6.325456193975096,-0.1422878671377135,-0.042116626878753886,0.011393898244182481,2.7046519785494456,-0.44380794505740434
367.70000000000005,6.333847096497353,-0.14218620497035414,-0.0393037915093495,0.011496900887400685,2.7028975561985953,-0.44356026462884646
367.8,6.342413724726881,-0.1420845428029948,-0.03655866114883667,0.011601452442546985,2.699965824112306,-0.44329843103294236
367.90000000000003,6.351024284383227,-0.14197997600228232,-0.033875080796407095,0.01170910182154947,2.695856782290578,-0.4430365974370383
368.0,6.359546981185938,-0.14187250456821673,-0.031246895451252442,0.011821785164318258,2.69063968424726,-0.44278184042480734
368.1,6.367893952281375,-0.14176503313415112,-0.02867410511337271,0.011940276926817397,2.68426836097312,-0.44252708341257635
368.20000000000005,6.375933403389086,-0.14165465706673241,-0.026144399781151254,0.012063802653082838,2.6768120659820065,-0.44227232640034536
368.3,6.383621403082253,-0.14154428099931368,-0.023651624453779743,0.012191587887150536,2.668293883778537,-0.44201049280444127
368.40000000000003,6.39082615708042,-0.14143390493189498,-0.021177314128833207,0.01232479431296656,2.658783067876559,-0.4417557357922103
368.5,6.39750373395677,-0.14132352886447624,-0.01872762380711997,0.012464583614476983,2.6483257872853074,-0.4415009787799793
368.6,6.403610202284486,-0.14121024816370442,-0.016277933485406734,0.012611730247645848,2.636968211014014,-0.44125329835142135
368.70000000000005,6.409101630636747,-0.1410998720962857,-0.013834398164501821,0.012762361932652922,2.6247795925765285,-0.44099854133919036
368.8,6.41389015615992,-0.14098659139551384,-0.01137855284198026,0.012918802037390346,2.611806100982083,-0.4407437843269594
368.90000000000003,6.417975778854003,-0.14087621532809513,-0.00891039751784205,0.013081437789840144,2.598140074249145,-0.4404961038984015
369.0,6.421402430145814,-0.1407658392606764,-0.006423777191278864,0.013249494734038268,2.583873850396179,-0.4402484234698436
369.1,6.424126178608535,-0.1406554631932577,-0.00391253686148238,0.01342297286998472,2.5690766829370344,-0.44000074304128567
369.20000000000005,6.426190955668986,-0.14054508712583896,-0.0013766765284525973,0.013598387145841287,2.553840909890177,-0.4397389094453816
369.3,6.427640692753983,-0.14043180642506714,0.0011899588086188091,0.013775737561607972,2.5382588692740735,-0.43947707584947754
369.40000000000003,6.428563252717163,-0.1403214303576484,0.0037750591481151897,0.013953862433338703,2.5225152371256545,-0.4392081656699004
369.5,6.428914704131707,-0.1402110542902297,0.006384779490844869,0.014133536216997528,2.506633097949537,-0.4389463320739963
369.6,6.428914704131707,-0.14010067822281097,0.009000654834382874,0.014310886632764211,2.490774043278036,-0.4386844984780922
369.70000000000005,6.428519321290345,-0.13998739752203912,0.011628840179537527,0.014480105260908406,2.475053495634233,-0.4384226648821882
369.8,6.427904281314891,-0.13987121218791418,0.01425702552469218,0.014640804873448087,2.459540708531979,-0.438153754702611
369.90000000000003,6.427157447058984,-0.13975212222043606,0.016860590866613536,0.014791049330473139,2.444374188998971,-0.43789192110670694
370.0,6.426366681376258,-0.13963012761960486,0.019439536205301592,0.014931225859965582,2.429646275053676,-0.43763008751080285
370.1,6.425619847120351,-0.13950813301877366,0.021969241537523047,0.015060560005961374,2.415472389219176,-0.43736825391489875
370.20000000000005,6.425092669998533,-0.1393832337845893,0.024431241860852933,0.015176728400568374,2.4019217850093195,-0.4370993437353216
370.3,6.424785150010807,-0.13925542991705184,0.0268132271736746,0.015280118271768601,2.3890868004425734,-0.4368162803883983
370.40000000000003,6.424916944291261,-0.13912472141616125,0.029090577472754744,0.015370729619562061,2.3771521115558687,-0.43653321704147496
370.5,6.425575915693533,-0.13899401291527066,0.03123867275486007,0.015450885811840889,2.366140802853822,-0.43625015369455167
370.6,6.42680599564444,-0.13886330441438008,0.0332390480175656,0.015520586848605088,2.356145212354899,-0.4359741669313014
370.70000000000005,6.428738978424436,-0.1387325959134895,0.03506708325763804,0.015578283817926565,2.3472345935729493,-0.43569110358437807
370.8,6.431462726887157,-0.1385989827792458,0.03669200347103577,0.01562668731567948,2.339478200021822,-0.4354080402374548
370.90000000000003,6.435021172459423,-0.1384682742783552,0.03810149865614213,0.015666571797827884,2.332945285215367,-0.4351320534742045
371.0,6.439502177994869,-0.13834047041081773,0.03925863880810718,0.01569871172033582,2.3276589336581996,-0.4348560667109543
371.1,6.444905743493494,-0.13820976190992715,0.040157268926122584,0.015723107083203288,2.3236653143595536,-0.434573003364031
371.20000000000005,6.451319731808936,-0.13808195804238968,0.0407604590053384,0.01573743451853815,2.3209875118240455,-0.4342757868497615
371.3,6.458744142941193,-0.1379541541748522,0.04106205404494632,0.015743242938268502,2.3196486105562917,-0.4339714937518189
371.40000000000003,6.46713504546345,-0.13782925494066786,0.04102512404009637,0.015740919570376363,2.3196947795655243,-0.43366012407020327
371.5,6.476536370802521,-0.13770435570648354,0.04064966899078856,0.01573240055477185,2.321102934347128,-0.43335583097226066
371.6,6.486904187531592,-0.1375823611056523,0.03991106889378959,0.01571381361163473,2.3238730749011016,-0.4330515378743181
371.70000000000005,6.498194564223842,-0.13745746187146798,0.03880316874829114,0.01568128646114477,2.32798211672283,-0.43274016819270245
371.8,6.510319638025636,-0.13732965800393052,0.037313658552676564,0.015634044647337923,2.3334069753076956,-0.43242172192741374
371.90000000000003,6.523191546083337,-0.13720185413639305,0.03543638330613753,0.01556976480232205,2.3400783971418497,-0.432103275662125
372.0,6.536766356970128,-0.13707114563550246,0.033165188007865706,0.015488059698115128,2.347996382225292,-0.4317848293968362
372.1,6.550912276405555,-0.13693753250125876,0.030512382659477755,0.01538931656269918,2.3570455080349406,-0.4314593065478744
372.20000000000005,6.565497510109162,-0.1368010147336619,0.02746565725935702,0.015272760940110158,2.3672026900661787,-0.43112670711523954
372.3,6.580390263800496,-0.13666449696606509,0.024049631810736802,0.015139941742276158,2.378398674805157,-0.4307870310989315
372.40000000000003,6.59550267462592,-0.136522169931762,0.020264306313617104,0.0149912461971792,2.390610377747259,-0.43044735508262355
372.5,6.61070294830498,-0.1363798428974589,0.01613430077123122,0.014831321040603564,2.40367620736017,-0.43011475564998863
372.6,6.625771427703587,-0.1362346112298027,0.011678080186004124,0.014657068448693068,2.4175730791392724,-0.4297821562173537
372.70000000000005,6.6406641813949205,-0.13608647492879336,0.0069079545595524695,0.01446887564942973,2.432208655066102,-0.42944248020104575
372.8,6.655161552244891,-0.13593833862778404,0.0018608538967262033,0.014272163834561879,2.4474675126175756,-0.4290957276010647
372.90000000000003,6.669175677399863,-0.13578729769342157,-0.0034324467984330523,0.014070805283909749,2.463280398279844,-0.4287489750010836
373.0,6.682530831152564,-0.13564206602576537,-0.008953482523500322,0.013869833961239642,2.479554974034441,-0.4284092989847756
373.1,6.695095219222539,-0.13549683435810916,-0.014646858271200684,0.013672347690407743,2.496175817358285,-0.4280766995521407
373.20000000000005,6.706737047329334,-0.13535450732380608,-0.020487954038300837,0.013478733699396079,2.5130275057282936,-0.4277370235358327
373.3,6.71741238404613,-0.1352150849228561,-0.026433684819142513,0.013290540900132741,2.530040785630617,-0.42740442410319784
373.40000000000003,6.726945503665657,-0.1350785671552593,-0.03244096560806744,0.013106994836653684,2.5471233190467903,-0.4270718246705629
373.5,6.735248543334277,-0.13494204938766244,-0.03846671139941733,0.01293196778877914,2.564136598949114,-0.426739225237928
373.6,6.742233640198354,-0.13481134088677185,-0.04446783718753393,0.012763523616598993,2.5809882873191223,-0.4264066258052931
373.70000000000005,6.74785686283107,-0.13467772775252815,-0.05039510296595063,0.0125993389522211,2.5976091306429665,-0.4260740263726582
373.8,6.752074279805607,-0.13454992388499068,-0.056217733730625816,0.01244212439151963,2.613883706397564,-0.4257414269400233
373.90000000000003,6.754841959695147,-0.1344192153841001,-0.061874179473476225,0.012292654390458626,2.629742761069065,-0.4254088275073884
374.0,6.756115971072871,-0.13429431614991574,-0.06733366519046025,0.01214899280912797,2.6450477876297716,-0.42509038124209964
374.1,6.755896313938781,-0.13416651228237828,-0.07254695087511129,0.012009977963581596,2.65975261707045,-0.424779011560484
374.20000000000005,6.754182988292875,-0.13403870841484083,-0.07747095152177105,0.011873673713909384,2.6737187423634023,-0.4244676418788684
374.3,6.750975994135154,-0.13390799991395025,-0.08206873712558962,0.011736595008273126,2.686876909994779,-0.42416334878092576
374.40000000000003,6.746319262892436,-0.13377438677970652,-0.08630953268252535,0.01160106521456496,2.6991809509553466,-0.4238661322666563
374.5,6.740256725991539,-0.1336407736454628,-0.09014409818611165,0.011468633244712983,2.710515442722024,-0.4235689157523868
374.6,6.732832314859282,-0.133504255877866,-0.09356012363473186,0.011334265134950889,2.720834216285577,-0.4232787758217904
374.70000000000005,6.7241338923492995,-0.13336483347691602,-0.09651452402272773,0.011197960885278677,2.730068018132157,-0.4229815593075209
374.8,6.714249321315228,-0.13322250644261294,-0.09898267934686594,0.011064367231480628,2.738170679252531,-0.4226843427932514
374.90000000000003,6.703222533183887,-0.13308017940830985,-0.10095227960552984,0.010935807541448883,2.7450729461328494,-0.4224012794463281
375.0,6.691229253662547,-0.13293785237400677,-0.10240485979629448,0.010816154095003675,2.7507748187731127,-0.42211821609940475
375.1,6.678357345604845,-0.13279262070635056,-0.10332195491673486,0.010705794120127026,2.755207043659471,-0.4218422293361545
375.20000000000005,6.664694671864418,-0.13265029367204748,-0.10369740996604267,0.010605889300765007,2.758323451782692,-0.4215591659892312
375.3,6.650416958148537,-0.1325108712710975,-0.10351891494260125,0.010519924688755828,2.760170212152008,-0.42128317922598096
375.40000000000003,6.635655998737658,-0.13237144887014754,-0.10279877984802727,0.010448674740063536,2.7607242402628027,-0.4210142690464038
375.5,6.620543587912233,-0.13223783573590384,-0.10153700468232069,0.01039562450652634,2.75996245161046,-0.42075243545049973
375.6,6.605167588525901,-0.13210422260166013,-0.09973974444628987,0.010358063392270078,2.757907930699596,-0.42049767843826874
375.70000000000005,6.589791589139568,-0.13197351410076955,-0.09741930914155146,0.010337540309222841,2.754583762034827,-0.4202358448423647
375.8,6.574459521180053,-0.13184571023323208,-0.09458800876972209,0.010334442485366654,2.749989945616153,-0.41998108783013366
375.90000000000003,6.5593910417814465,-0.13172371563240085,-0.09127661833484339,0.010348769920701517,2.744172650452808,-0.4197334074015758
376.0,6.544717945224203,-0.13160172103156964,-0.08750360283934035,0.010380135387245408,2.737154961049407,-0.4194786503893448
376.1,6.530572025788778,-0.13148263106409155,-0.08329358228644623,0.01042582828912416,2.7290292154244167,-0.4192238933771138
376.20000000000005,6.51712900918244,-0.13136644572996659,-0.07868348668101102,0.010482363574499566,2.719818498082453,-0.4189620597812097
376.3,6.504520689685648,-0.13125026039584162,-0.07369793602626801,0.010548966787407578,2.7096382315465988,-0.41870022618530567
376.40000000000003,6.492878861578853,-0.13113407506171665,-0.06837386032706713,0.010622927331974034,2.698534584826086,-0.4184454691730747
376.5,6.48233531914251,-0.13101788972759168,-0.06275434458906666,0.010703083524252864,2.6865768114347652,-0.4181907121608437
376.6,6.473021856657074,-0.1308987997601136,-0.05687016381630823,0.010781690804603599,2.6738803338957178,-0.41794303173228575
376.70000000000005,6.465026336976181,-0.1307797097926355,-0.05077055801525844,0.010858361945044217,2.660514405722793,-0.41768827472005476
376.8,6.458436622953467,-0.13065481055845116,-0.04448630218995891,0.010930386349700557,2.646548280429841,-0.4174405942914969
376.90000000000003,6.453340577442568,-0.13052991132426683,-0.03807279134768455,0.01099698956260857,2.632097380539943,-0.41719291386293894
377.0,6.449782131870302,-0.13039920282337625,-0.031560800492477004,0.011057784355786231,2.6172540440715655,-0.41694523343438106
377.1,6.447893080517124,-0.13026849432248563,-0.02499341462999453,0.011112770729233544,2.6021106090431743,-0.4166975530058231
377.20000000000005,6.447629491956215,-0.1301319765548888,-0.018426028767512058,0.011160786999004437,2.586713244464002,-0.4164357194099191
377.3,6.449035297614395,-0.12999545878729196,-0.011883262908262887,0.011204543760973074,2.571246626370981,-0.416173885814015
377.40000000000003,6.45215442891848,-0.12985894101969514,-0.00541435705871361,0.011243653787157429,2.5558030927825754,-0.41591205221811095
377.5,6.456942954441652,-0.1297224232520983,0.0009437587762858205,0.011281989357377738,2.54042881270802,-0.41565021862220686
377.6,6.463400874183912,-0.12958300085114835,0.007147999591077134,0.011315678191813769,2.525262293175012,-0.41539546160997587
377.70000000000005,6.4714842567184405,-0.1294464830835515,0.013167590381618705,0.01134743088633968,2.510372787697402,-0.4151336280140718
377.8,6.481105239191604,-0.12930996531595468,0.018965601143060586,0.011378796352883571,2.4958526342936547,-0.4148788710018408
377.90000000000003,6.492263821603399,-0.12917635218171095,0.024517411872169482,0.011410549047409483,2.4817941709822366,-0.4146241139896098
378.0,6.5048282096733745,-0.12904273904746724,0.029779937563287114,0.01144268896991742,2.4682435667723803,-0.4143693569773788
378.1,6.518710540547892,-0.12891203054657666,0.03472855821318018,0.011474828892425355,2.455293159682552,-0.4141075233814747
378.20000000000005,6.533779019946498,-0.12878132204568607,0.03934480881942372,0.011505032675023176,2.442989118721984,-0.4138386132018976
378.3,6.549989716442375,-0.1286535181781486,0.043597914377976096,0.011534849229638973,2.4314237819091424,-0.41356262643864733
378.40000000000003,6.567210835755067,-0.12852861894396428,0.04746940988641234,0.011564278556272746,2.4206433182532603,-0.4132866396753971
378.5,6.585266652177304,-0.12840371970977993,0.05094083034230749,0.01159293342694247,2.4106938967635707,-0.4130106529121469
378.6,6.604069302855448,-0.12828172510894872,0.05399986574404487,0.011614230965953754,2.4016216864493054,-0.4127417427325697
378.70000000000005,6.623443062082228,-0.12815682587476437,0.05662805108919952,0.011627009489360523,2.3934497718150824,-0.41246575596931945
378.8,6.643256135577188,-0.12803192664058002,0.05881923137696312,0.011628558401288618,2.3861781528609005,-0.41218976920606926
378.90000000000003,6.663376729059875,-0.12790412277304258,0.06056109660571902,0.011617716017791964,2.379852998595993,-0.411913782442819
379.0,6.683673048249835,-0.12777341427215197,0.06184749177465888,0.01159293342694247,2.37447430902036,-0.41163779567956876
379.1,6.703969367439794,-0.12763980113790827,0.06267841688378271,0.011552274488830021,2.369995915124769,-0.4113547323326454
379.20000000000005,6.724177823776118,-0.12750618800366456,0.0630477169322822,0.011496900887400685,2.366440901413836,-0.411064592402049
379.3,6.7441226915515315,-0.1273667656027146,0.06296154692096566,0.01142758707861851,2.3638554368967934,-0.4107744524714526
379.40000000000003,6.763716107912402,-0.12722734320176463,0.062419906849833076,0.011347043658357658,2.3621702680597925,-0.4104913891245293
379.5,6.782870210005091,-0.12708792080081469,0.061422796718884475,0.011256819538546223,2.3613623103982166,-0.41020832577760596
379.6,6.801453203549144,-0.1269455937665116,0.05998252652973649,0.011154591351292063,2.361431563912066,-0.40992526243068267
379.70000000000005,6.8193332942641085,-0.1268032667322085,0.05811140628400578,0.01104461860439744,2.362308775087491,-0.40963512250008627
379.8,6.8364665507231654,-0.1266580350645523,0.055809435981692336,0.010928837437772463,2.363993943924492,-0.4093520591531629
379.90000000000003,6.85272117864586,-0.12651861266360234,0.05308892562441281,0.010811507359219395,2.366440901413836,-0.4090619192225665
380.0,6.868097178032193,-0.12637919026265237,0.049974495215400504,0.01069572619259442,2.369580394041673,-0.4087788558756432
380.1,6.8825066860285276,-0.12624267249505555,0.04647229975546374,0.01058304284982563,2.3734124218080037,-0.40849579252871987
380.20000000000005,6.895905771208047,-0.12610905936081182,0.042600804247027495,0.010472295646966959,2.377844646694362,-0.40820565259812347
380.3,6.908250502143931,-0.12597835085992123,0.03837847369251674,0.010366969635856614,2.3828539841961316,-0.40791551266752707
380.40000000000003,6.919496947409363,-0.12585054699238377,0.0338360830959731,0.010267064816494595,2.3884173498086962,-0.4076395259042768
380.5,6.929645107004343,-0.12572564775819944,0.0289797874582049,0.010171806732916856,2.3944193210089733,-0.4073635391410266
380.6,6.93869498092887,-0.1256036531573682,0.023846516784062088,0.010076161421357095,2.40081372878773,-0.4070804757941033
380.70000000000005,6.9466026377561265,-0.1254787539231839,0.018460891076777963,0.009980903337779356,2.40757748864035,-0.4067903358635069
380.8,6.953412008912931,-0.12535675932235266,0.012841375338777496,0.009884483570255547,2.4145951780437507,-0.40650727251658353
380.90000000000003,6.959123094399284,-0.12523476472152145,0.007018744574102315,0.009788451030713761,2.421843712493316,-0.4062312857533333
381.0,6.963691962788365,-0.12511277012069025,0.0010299287876023666,0.00969164403520793,2.4292307539705797,-0.40595529899008304
381.1,6.967206476933813,-0.1249878708865059,-0.00510045201748905,0.009590964759881864,2.4366639644570767,-0.4056793122268328
381.20000000000005,6.969666636835626,-0.12486297165232156,-0.011341622837130312,0.009484477064825449,2.4441433439528066,-0.4054033254635826
381.3,6.9710724424938055,-0.12473516778478409,-0.01765665366647147,0.009374117089948801,2.4515765544393036,-0.4051344152840054
381.40000000000003,6.971467825335168,-0.12460736391724664,-0.0240147695014709,0.009259497607269896,2.458917426907335,-0.40487258168810136
381.5,6.970896716786533,-0.12447665541635604,-0.030385195338086982,0.009140231388806711,2.4660967078430507,-0.4046178246758704
381.6,6.969403048274717,-0.12434304228211233,-0.03672484617066144,0.009014769522631152,2.473045143732602,-0.4043559910799663
381.70000000000005,6.967030751226541,-0.1242065245145155,-0.043009101995960974,0.00888659706058143,2.4797165655667563,-0.4040941574840622
381.8,6.963779825642002,-0.12407000674691866,-0.04919487780832731,0.00875842459853171,2.4860878888408964,-0.4038394004718312
381.90000000000003,6.959738134374737,-0.12393348897932183,-0.05525139860371883,0.008636060556212338,2.4921129445457897,-0.4035846434596002
382.0,6.954949608851565,-0.12379987584507811,-0.06114788937809391,0.008521828301515455,2.4977224791675874,-0.40333696303104233
382.1,6.949414249072485,-0.12366916734418752,-0.06684126512579427,0.008418051202333203,2.502893408201672,-0.4030892826024844
382.20000000000005,6.943263849317952,-0.12354136347665005,-0.07230690584358662,0.008327052626557722,2.5076257316480444,-0.4028345255902534
382.3,6.936498409587966,-0.12341936887581885,-0.077507881526621,0.008250768714099126,2.511873280497471,-0.4025939217453686
382.40000000000003,6.9291618613093435,-0.12330027890834075,-0.08241957217166412,0.008193458972759674,2.515612970245336,-0.4023533179004838
382.5,6.921342067335723,-0.12318699820756891,-0.08701120277467436,0.008151638350701153,2.5188217163870226,-0.40211979063927206
382.6,6.913126890520739,-0.1230766221401502,-0.09125815333241842,0.008124919619941544,2.5214995189225307,-0.4018933399617334
382.70000000000005,6.904472399437575,-0.12296915070608459,-0.09512349384004634,0.008112528324516798,2.523623293347244,-0.40165981270052165
382.8,6.8955103883666835,-0.12286458390537212,-0.09859491429594149,0.008113690008462867,2.5251699551565463,-0.40143336202298296
382.90000000000003,6.886328720161702,-0.12276292173801279,-0.10165394969767887,0.008127630215815708,2.526139504350437,-0.40120691134544434
383.0,6.87692739482263,-0.12266416420400655,-0.10426982504121687,0.008151638350701153,2.526555025433533,-0.40098753725157876
383.1,6.867394275203104,-0.12256831130335347,-0.10643638532574716,0.008182229361280997,2.5264165184058345,-0.4007610865740401
383.20000000000005,6.857817224156759,-0.12246955376934725,-0.10814132054965311,0.00821746710764512,2.5257008987627247,-0.4005346358965014
383.3,6.848284104537233,-0.12237079623534101,-0.10936616571050974,0.00825347930997329,2.524500504522669,-0.4003081852189628
383.40000000000003,6.838794916344525,-0.12226913406798168,-0.11011092080831703,0.008290653196247529,2.5227691666764356,-0.40009588770877025
383.5,6.829525385285907,-0.12216747190062233,-0.11037558584307498,0.008325116486647605,2.520576138737873,-0.3998835901985778
383.6,6.820431579934561,-0.12206290509990986,-0.11014785081316697,0.008353771357317331,2.5178983362023644,-0.3996712926883853
383.70000000000005,6.81168922599776,-0.12195252903249114,-0.10944618072101796,0.008377779492202777,2.514758843574527,-0.3994660717618659
383.8,6.803298323475504,-0.12184215296507242,-0.10826442056581961,0.008395979207357874,2.5112269143682107,-0.39926085083534646
383.90000000000003,6.795390666648247,-0.12172887226430058,-0.10661488034918859,0.00841069387067476,2.5073256330880302,-0.39906270649250014
384.0,6.788010186942808,-0.12161268693017561,-0.10451602507354986,0.008423085166099506,2.5030780842386036,-0.3988574855659807
384.1,6.781200815786003,-0.12149650159605065,-0.10198016474052007,0.008433540321614136,2.4985073523245465,-0.39864518805578825
384.20000000000005,6.775094347458288,-0.12138031626192568,-0.0990257643525242,0.008445931617038884,2.493705775364325,-0.3984328905455958
384.3,6.769690781959662,-0.12126413092780071,-0.09568359891360388,0.00846296964824791,2.488696437862555,-0.39822059303540325
384.40000000000003,6.765121913570581,-0.12115375486038199,-0.09196597842537577,0.008488526695061449,2.483502424323854,-0.3980153721088839
384.5,6.761431673717861,-0.12104337879296327,-0.08790367789188144,0.008520666617569386,2.478216072766687,-0.3978172277660375
384.6,6.758663993828321,-0.12093590735889767,-0.08353978231877922,0.008560551099717787,2.472837383191054,-0.39761200683951814
384.70000000000005,6.7568188739019615,-0.1208313405581852,-0.07889275670849406,0.008610116281416775,2.467389440101572,-0.3974138624966718
384.8,6.756028108219235,-0.12072967839082586,-0.07400568606668424,0.00867013661863039,2.461964581516706,-0.39721571815382545
384.90000000000003,6.756247765353326,-0.12063382549017276,-0.0689155003981997,0.008741386567322682,2.4565397229318404,-0.39702465039465223
385.0,6.757565708157869,-0.12054378185622591,-0.06365297470708207,0.008822317215565558,2.451184117860824,-0.3968265060518059
385.1,6.759938005206045,-0.12045373822227906,-0.058261193998989616,0.008909830739502831,2.445897766303657,-0.3966212851252865
385.20000000000005,6.763408587924675,-0.12036369458833221,-0.05278324327958062,0.009003539911152476,2.440726837269572,-0.396408987615094
385.3,6.768021387740575,-0.12027946022109161,-0.047256052553705026,0.009101121362622354,2.435717499767802,-0.3962037666885746
385.40000000000003,6.773732473226927,-0.120195225853851,-0.04172270682702111,0.009202575093912466,2.4308697537983477,-0.3959985457620552
385.5,6.780497912956914,-0.1201109914866104,-0.03622013610437881,0.009301705457310438,2.426252852875058,-0.39580040141920886
385.6,6.788317706930535,-0.12002675711936982,-0.030791425391436412,0.009395414628960083,2.4218206279886996,-0.39559518049268944
385.70000000000005,6.79719185514779,-0.11993671348542297,-0.025479659693852182,0.00948215369693331,2.4176192481485055,-0.3953970361498431
385.8,6.807032494755043,-0.11984666985147611,-0.020315614015667748,0.009559599293337976,2.4136717978590925,-0.3951988918069968
385.90000000000003,6.817795694325476,-0.11975662621752926,-0.015336218361733052,0.00962775141817408,2.4099321081112275,-0.3950007474641505
386.0,6.829393591005452,-0.11966077331687616,-0.010578402736898047,0.00968583561547758,2.4064694324187603,-0.39480260312130416
386.1,6.841826184794972,-0.11956201578286994,-0.006072942145204355,0.009733464657266449,2.403237601772457,-0.39459738219478474
386.20000000000005,6.854917749986765,-0.11946035361551059,-0.0018506115906936002,0.009773736367396875,2.4002597006769353,-0.39438508468459227
386.3,6.868712218007646,-0.11935869144815126,0.0020578139225925943,0.009807425201832904,2.3975818981414267,-0.39417278717439974
386.40000000000003,6.882989931723527,-0.1192570292807919,0.005640024393037579,0.009838403440394772,2.395134940652083,-0.3939675662478803
386.5,6.8977508911344065,-0.11915246248007944,0.008859089815791405,0.009864347715190335,2.392964997218137,-0.393769421905034
386.6,6.912863301959831,-0.11905080031272008,0.011708855190045747,0.00988835585007578,2.391025898830355,-0.39356420097851463
386.70000000000005,6.928239301346164,-0.11894913814536075,0.01416470051256731,0.009911202301015156,2.3893176454887377,-0.3933589800519952
386.8,6.943703163586132,-0.1188474759780014,0.01622662578335609,0.009936759347828696,2.3878402371932848,-0.3931537591254758
386.90000000000003,6.959254888679738,-0.11874871844399518,0.017876165999987113,0.009967737586390562,2.3865475049347635,-0.39294853819895637
387.0,6.974674819492889,-0.1186557701766952,0.019119476163268704,0.010004524244682778,2.385439448713174,-0.392743317272437
387.1,6.989962956025586,-0.11856282190939522,0.01995655627320087,0.010047893778669392,2.3844698995192832,-0.39253101976224447
387.20000000000005,7.004943572570555,-0.11847277827544837,0.020375096328166947,0.010099007872296471,2.3836850263623237,-0.39232579883572505
387.3,7.019528806274163,-0.11838854390820777,0.020399716331400246,0.01015709206959997,2.3830386602330633,-0.3921135013255326
387.40000000000003,7.033674725709589,-0.11830430954096717,0.020030416282900764,0.010224082510490007,2.382507716626885,-0.39191535698268626
387.5,7.0472495365963805,-0.1182229798070797,0.019285661185093474,0.010294558003218253,2.3820460265345558,-0.39171721263983994
387.6,7.0602093075077175,-0.11814455470654535,0.0181716060387867,0.010365807951910545,2.3816766744606928,-0.3915119917133205
387.70000000000005,7.072422244163148,-0.11806322497265787,0.01671287084721374,0.01043744512858486,2.381330406891446,-0.3913067707868011
387.8,7.083844415135852,-0.11798479987212351,0.014927920612799574,0.010508307849295129,2.3810303083314324,-0.3911086264439548
387.90000000000003,7.094475820425831,-0.11790347013823604,0.012841375338777496,0.010578783342023374,2.3807532942760345,-0.39091048210110846
388.0,7.10418466575263,-0.11782214040434856,0.010477855028380804,0.01064577378291341,2.380453195716021,-0.3907194143419352
388.1,7.112970951116249,-0.11773790603710796,0.007855824684034476,0.010706955804073097,2.380153097156007,-0.3905141934154158
388.20000000000005,7.1208346765166874,-0.11765076703651424,0.005012214310588458,0.010762716633484456,2.379829914091377,-0.3903160490725695
388.3,7.127775841953946,-0.1175636280359205,0.001971643911276048,0.010813830727111534,2.3795067310267464,-0.39012498131339624
388.40000000000003,7.133750516001207,-0.11747648903532679,-0.0012412665106694535,0.01086223422486445,2.3791142944482666,-0.38994099013789607
388.5,7.138802630085288,-0.11738644540137994,-0.004595741951206423,0.010903667618940948,2.3787218578697873,-0.3897569989623959
388.6,7.142976115633007,-0.11729349713407997,-0.008067162407101564,0.010940454277233162,2.378260167777458,-0.38957300778689574
388.70000000000005,7.1462270412175455,-0.11720054886678,-0.011618597873504924,0.010974143111669193,2.377752308675896,-0.38938194002772253
388.8,7.148599338265723,-0.11710760059948001,-0.015231583347991531,0.011008993630051292,2.377221365069718,-0.3892050254358954
388.90000000000003,7.150224801057992,-0.11701465233218004,-0.01886918882571144,0.011046941972289578,2.3766442524543065,-0.3890210342603953
389.0,7.151059498167536,-0.11692460869823319,-0.02251294930423967,0.011088762594348097,2.375997886325046,-0.3888441196685682
389.1,7.151235223874808,-0.11683746969763947,-0.026138244780342927,0.01113561718017292,2.375328435691169,-0.388660128493068
389.20000000000005,7.15075197817981,-0.11675033069704574,-0.02972045525078791,0.01118789295774607,2.3746359005526756,-0.38847613731756786
389.3,7.1497415553629935,-0.11666900096315827,-0.033234960712341326,0.011247526066977662,2.3739664499187985,-0.3882992227257408
389.40000000000003,7.148247886851178,-0.11658767122927079,-0.03666329616257819,0.01131490373584972,2.3732508302756883,-0.3881293847175868
389.5,7.146314904071182,-0.11650924612873644,-0.039993151599881864,0.011385379228577967,2.372558295137195,-0.38795954670943283
389.6,7.144074401303459,-0.11643082102820208,-0.043199907021019036,0.011459727001126446,2.371888844503318,-0.38779678528495193
389.70000000000005,7.14152637854801,-0.11635530056102085,-0.0462774074251814,0.011536785369549088,2.371219393869441,-0.3876269472767979
389.8,7.138846561512106,-0.11628268472719275,-0.04920718780994396,0.011615392649899824,2.370596112244797,-0.387464185852317
389.90000000000003,7.13599101876893,-0.11620716426001153,-0.05198309317449841,0.011695548842178653,2.3700189996293854,-0.38730850101150915
390.0,7.133091544598936,-0.11613454842618341,-0.054586658516419764,0.011773768894547365,2.369488056023207,-0.3871386630033552
390.1,7.130148139002124,-0.11605902795900219,-0.05702403883651635,0.011849278351041914,2.3690494504354946,-0.3869759015788743
390.20000000000005,7.127336527685765,-0.11598350749182096,-0.05928292413317152,0.011921689983680277,2.3687262673708642,-0.3868060635707203
390.3,7.1246567106498615,-0.11590798702463974,-0.06135715940557695,0.011989067652552336,2.3685415913339325,-0.3866433021462394
390.40000000000003,7.122108687894412,-0.11582956192410537,-0.06325289965454096,0.012052185813622138,2.368518506829316,-0.3864876173054315
390.5,7.119824253699871,-0.11575113682357102,-0.06497014488006356,0.012105623275141357,2.368703182866248,-0.3863319324646237
390.6,7.117803408066239,-0.11566980708968355,-0.06649658508052808,0.012151316177020111,2.3690494504354946,-0.3861762476238159
390.70000000000005,7.1160900824203335,-0.11558557272244295,-0.06785068525835952,0.012189264519258397,2.3696496475555224,-0.38602056278300806
390.8,7.114684276762154,-0.11550133835520235,-0.06902013541194123,0.012221017213784309,2.3704576052170983,-0.3858719545258733
390.90000000000003,7.11362992251852,-0.11541710398796175,-0.07002340054369816,0.012248897628489989,2.3715656614386877,-0.38572334626873855
391.0,7.1129270196894305,-0.11533286962072115,-0.07085432565282199,0.012272905763375435,2.3729276472110583,-0.38556766142793075
391.1,7.112619499701704,-0.11524863525348054,-0.07151906574012105,0.012296526670278859,2.3745666470388263,-0.38540490000344985
391.20000000000005,7.112663431128522,-0.11516730551959307,-0.07202377580640368,0.012320147577182281,2.376551914435841,-0.385249215162642
391.3,7.113058813969885,-0.11508597578570559,-0.07237461085247819,0.012347640763905939,2.3788834494021023,-0.3850935303218342
391.40000000000003,7.1138495796526104,-0.11501045531852436,-0.07258388087996123,0.012380167914395897,2.381538167432994,-0.38494492206469944
391.5,7.114947865323063,-0.11493493485134314,-0.07264543088804448,0.012415018432777997,2.3845391530331326,-0.3847963138075647
391.6,7.11639760240806,-0.11486522365086815,-0.07257157087834458,0.012454128458962353,2.387886406202518,-0.38464770555042993
391.70000000000005,7.118066996627148,-0.11479551245039317,-0.07236230085086154,0.012496336309002896,2.3915568424365334,-0.3844990972932952
391.8,7.120043910833962,-0.11472870588327132,-0.07202993080721201,0.012542416438863672,2.395573546239796,-0.38435756561983353
391.90000000000003,7.122196550748049,-0.11466480394950258,-0.07157446074739597,0.01259236884854468,2.399890348603072,-0.3842089573626988
392.0,7.124524916369407,-0.11460090201573385,-0.07100204567222178,0.012643095714189737,2.4045303340309783,-0.38406742568923713
392.1,7.126941144844403,-0.11453990471531825,-0.0703126855816894,0.012693822579834793,2.409424249009666,-0.38391174084842933
392.20000000000005,7.129489167599852,-0.11447890741490264,-0.06951869047741552,0.01274222607758771,2.414618262548367,-0.3837631325912946
392.3,7.132037190355302,-0.11441791011448703,-0.06861390535859178,0.012788306207448485,2.4200662056378492,-0.3836145243341598
392.40000000000003,7.134629144537569,-0.11435691281407143,-0.06760448522602654,0.012830126829507004,2.4257219092688795,-0.3834800692443712
392.5,7.137133235866201,-0.11429010624694957,-0.06649658508052808,0.012862653979996964,2.431608457946074,-0.3833385375709096
392.6,7.1395933957680136,-0.11422620431318084,-0.06529020492209645,0.012885887658918363,2.437633513650968,-0.38319700589744793
392.70000000000005,7.141877829962555,-0.11415649311270586,-0.0639853447507316,0.012899827866271203,2.44379707638356,-0.38306255080765933
392.8,7.144074401303459,-0.11408387727887775,-0.06259431456805022,0.01290524905801953,2.450052977134618,-0.3829280957178708
392.90000000000003,7.146051315510273,-0.11401126144504965,-0.06111095937324396,0.012904474602055484,2.4564012159041417,-0.3827936406280822
393.0,7.1478525040098155,-0.11393574097786842,-0.05954143416712116,0.012896730042415016,2.4627725391782818,-0.3826591855382936
393.1,7.149434035375267,-0.11386022051068719,-0.05789189395049014,0.012883951519008247,2.4691438624524222,-0.38251765386483194
393.20000000000005,7.150839841033446,-0.11378470004350597,-0.056156183722542566,0.012867687943763268,2.4755382702311786,-0.38238319877504334
393.3,7.152025989557534,-0.11370917957632473,-0.054352768485703425,0.012852586052464358,2.481863424496086,-0.38225582026892785
393.40000000000003,7.15303641237435,-0.1136336591091435,-0.05247549323916439,0.012838645845111518,2.4880962407425273,-0.38212844176281235
393.5,7.153827178057076,-0.11355813864196228,-0.050530512983733775,0.012825092865740701,2.4942136344658867,-0.38200106325669686
393.6,7.154442218032529,-0.11348552280813418,-0.04852398272021992,0.012814637710226071,2.5001694366569307,-0.38187368475058137
393.70000000000005,7.154969395154346,-0.11341290697430606,-0.046468212450239466,0.012810378202423815,2.5059405628110434,-0.381753382828139
393.8,7.155320846568891,-0.11334610040718421,-0.04436320217379241,0.012814250482244048,2.511457759414375,-0.3816330809056966
393.90000000000003,7.155628366556618,-0.11328219847341547,-0.04221510689168709,0.012828965145560934,2.5167210264669255,-0.38151277898325414
394.0,7.155848023690709,-0.11321829653964675,-0.04003008160473181,0.012852586052464358,2.5216841949594624,-0.38139247706081175
394.1,7.15602374939798,-0.11316020387258427,-0.037826591315351564,0.012885113202954317,2.5263010958827525,-0.3812721751383693
394.20000000000005,7.156243406532071,-0.1131050158388749,-0.03560463602354634,0.012925772141066766,2.5305717292367955,-0.3811589497996
394.3,7.15650699509298,-0.11305273243851867,-0.03337037073012447,0.012975724550747776,2.534449926012359,-0.3810457244608307
394.40000000000003,7.156814515080707,-0.11300044903816243,-0.0311361054367026,0.01303071092419509,2.537912601704827,-0.3809466522894075
394.5,7.157253829348887,-0.1129481656378062,-0.028914150144897375,0.013087246209570495,2.5409366718095816,-0.38084050353431126
394.6,7.157781006470705,-0.11289588223744997,-0.0267045048547088,0.0131437814949459,2.543475967317391,-0.380734354779215
394.70000000000005,7.158439977872976,-0.11284359883709373,-0.02452563456856185,0.01319954232435726,2.5455304882282555,-0.3806282060241188
394.8,7.15927467498252,-0.11278841080338436,-0.02238369428726485,0.013254528697804573,2.5470771500375573,-0.3805291338526956
394.90000000000003,7.160329029226154,-0.11273322276967501,-0.020284839011626123,0.013306804475377722,2.5481159527452975,-0.3804300616812724
395.0,7.161515177750243,-0.11267513010261253,-0.01824137874326232,0.013354433517166591,2.5486238118468596,-0.3803309895098493
395.1,7.162877051981603,-0.11261413280219693,-0.016253313482173435,0.01339741582317118,2.5486238118468596,-0.38022484075475305
395.20000000000005,7.164458583347055,-0.11255313550178131,-0.014339108230784449,0.01343575139339149,2.5481621217545305,-0.3801186919996568
395.3,7.166259771846597,-0.11248923356801258,-0.012498762989095358,0.013472150823701682,2.5471925725606397,-0.38002669641190673
395.40000000000003,7.168236686053411,-0.11242533163424384,-0.010744587758722814,0.013505065202173665,2.5457382487698035,-0.37993470082415665
395.5,7.170345394540679,-0.11235852506712199,-0.009070427538858492,0.013532558388897322,2.5438453193912545,-0.37984270523640656
395.6,7.172673760162039,-0.112288813866647,-0.0074947473319273645,0.013558115435710862,2.5414906999203764,-0.3797507096486565
395.70000000000005,7.1751339200638515,-0.11222200729952515,-0.0060175471379294325,0.013583285254542377,2.538743643871019,-0.37966579064457945
395.8,7.177725874246119,-0.1121552007324033,-0.004632671956056372,0.013610391213284011,2.5356041512431817,-0.37958087164050247
395.90000000000003,7.180405691282023,-0.11208839416528145,-0.003358586788733156,0.0136417566798279,2.532118391046098,-0.37950302922009854
396.0,7.183173371171563,-0.11202158759815958,-0.002182981634343135,0.013676607198209999,2.5283094477843835,-0.37941103363234846
396.1,7.186028913914739,-0.11196059029774398,-0.0011058564928863098,0.013718040592286497,2.5242004059626555,-0.3793261146282715
396.20000000000005,7.188928388084733,-0.11189959299732838,-0.0001395213659793294,0.013764895178111318,2.5198836035993795,-0.3792411956241945
396.3,7.191871793681545,-0.11184440496361901,0.0007344887488027802,0.013819881551558631,2.5153821251991717,-0.37915627662011747
396.40000000000003,7.1948151992783576,-0.11178921692990966,0.0015100188506516944,0.013879901888772247,2.510695970762032,-0.37908551078338665
396.5,7.197714673448352,-0.11173693352955343,0.002187068939567413,0.01394185836589598,2.505871309297194,-0.3790076683629827
396.6,7.200570216191528,-0.11168465012919718,0.0027841040179749105,0.014006138210911852,2.50095430981389,-0.3789369025262519
396.70000000000005,7.203381827507886,-0.11163236672884094,0.0032888140842575373,0.014071192511891772,2.4959911413213534,-0.37886613668952107
396.8,7.206105575970608,-0.11158298796183784,0.003719664140840267,0.01413624681287169,2.4910048883242,-0.37879537085279025
396.90000000000003,7.208697530152875,-0.1115307045614816,0.0040828091885314255,0.014199364973941492,2.486018635327047,-0.37873168159973253
397.0,7.211201621481507,-0.11147842116112537,0.0043782492273310115,0.01425706194326297,2.481078551339127,-0.37866091576300165
397.1,7.213617849956502,-0.11142613776076914,0.004612139258047351,0.014308950492854095,2.476230805369672,-0.3785830733425978
397.20000000000005,7.215902284151043,-0.11137094972705977,0.004796789282297092,0.014354256166750824,2.4715677354371492,-0.37851230750586695
397.3,7.21805492406513,-0.11131576169335042,0.004938354300888561,0.014394140648899227,2.467043172532325,-0.3784486182528092
397.40000000000003,7.22011970112558,-0.11126057365964105,0.005036834313821756,0.014425118887461093,2.4627725391782818,-0.37838492899975146
397.5,7.222052683905576,-0.11119957635922545,0.005104539322713328,0.01444564197050833,2.458732750870403,-0.3783283163303668
397.6,7.223897803831936,-0.11113857905880983,0.0051476243283716016,0.014456871581987007,2.454993061122538,-0.3782717036609821
397.70000000000005,7.225698992331478,-0.11107467712504111,0.005159934329988251,0.014459969405843192,2.4515765544393036,-0.37821509099159745
397.8,7.227412317977383,-0.11101077519127238,0.005153779329179926,0.014456097126022959,2.4485063153253157,-0.3781655549058859
397.90000000000003,7.2290817121964706,-0.11094687325750364,0.005129159325946627,0.014446029198490353,2.445805428285191,-0.3781089422365012
398.0,7.230751106415559,-0.11088006669038179,0.005092229321096679,0.014430927307191444,2.443496977823546,-0.37804525298344344
398.1,7.232420500634646,-0.11081616475661306,0.005036834313821756,0.01441311482001837,2.4416271329496135,-0.37798864031405877
398.20000000000005,7.23417775770737,-0.11075226282284432,0.00496297430412186,0.014392591736971133,2.44021897816801,-0.3779320276446741
398.3,7.236022877633729,-0.11069126552242872,0.004864494291188664,0.014373230337869967,2.439272513478736,-0.3778754149752895
398.40000000000003,7.2379558604137255,-0.11063317285536624,0.004747549275830495,0.014351932798858684,2.4388108233864068,-0.37783295547325096
398.5,7.240108500327812,-0.11057508018830375,0.0046059842572390266,0.014328311891955261,2.438833907891023,-0.3777834193875394
398.6,7.242436865949172,-0.11051698752124127,0.0044274892337976095,0.014303529301105768,2.4393186824879685,-0.3777409598855009
398.70000000000005,7.2449409572778025,-0.11045889485417879,0.00420590920469792,0.014276036114382112,2.4402882316818593,-0.37769850038346237
398.8,7.247752568594161,-0.11040661145382255,0.003941244169939957,0.014246994015730362,2.441719470968079,-0.3776560408814239
398.90000000000003,7.250827768471427,-0.11035142342011318,0.003615029127098747,0.014215628549186473,2.443589315842012,-0.3776135813793854
399.0,7.2541665569096025,-0.11029623538640383,0.0032211090753659654,0.014179616346858303,2.44587468179904,-0.37757112187734687
399.1,7.257856796762322,-0.1102439519860476,0.0027594840147416116,0.0141397318647099,2.448575568839165,-0.3775215857916353
399.20000000000005,7.261898488029587,-0.11018876395233823,0.0021993789411840626,0.014094038962831148,2.451691976962386,-0.3774791262895968
399.3,7.266247699284579,-0.110136480551982,0.0015469488555016426,0.014044861009114186,2.455154652654853,-0.3774437433712314
399.40000000000003,7.270904430527296,-0.11008129251827264,0.0007898837560777026,0.013987164039792709,2.458986680421184,-0.37740836045286597
399.5,7.275912613184559,-0.11002319985121016,-9.028135951273166e-05,0.013921722510830766,2.4631188067475285,-0.37737297753450055
399.6,7.281228315829549,-0.10996510718414768,-0.001099701492077985,0.013848149194246335,2.4675279471292706,-0.37734467119980825
399.70000000000005,7.2868515384622645,-0.10990701451708519,-0.002250686643234707,0.013767605773985482,2.4721910170617933,-0.3773163648651159
399.8,7.292738349655889,-0.10984601721666958,-0.003543236812982897,0.013681641161976303,2.4770618475358646,-0.3772880585304236
399.90000000000003,7.298844817983604,-0.1097879245496071,-0.004989662002939205,0.013591804270146892,2.4821404385514834,-0.3772597521957312
400.0,7.305127012018591,-0.10972692724919149,-0.006602272214720281,0.013498869554461293,2.4873575365948013,-0.3772314458610389
400.1,7.3115849317608514,-0.109668834582129,-0.008374912447517799,0.013404773154829623,2.492690057161201,-0.3771960629426735
400.20000000000005,7.318086782929929,-0.10961074191506652,-0.010319892702948408,0.013311838439144024,2.4981610847552997,-0.37717483319165424
400.3,7.3246325655258255,-0.10955555388135717,-0.012431057980203787,0.01322393768722473,2.5036782813586314,-0.377153603440635
400.40000000000003,7.331134416694903,-0.1095003658476478,-0.014714563280092257,0.013137585847233527,2.5092185624665793,-0.3771394502732888
400.5,7.337548405010345,-0.10944808244729157,-0.01715809860099717,0.013052782919170417,2.514735759069911,-0.37711822052226956
400.6,7.343786667618514,-0.10939870368028846,-0.019767818943726846,0.012971077814963495,2.5202067866640094,-0.3771040673549234
400.70000000000005,7.349717410238957,-0.10934932491328535,-0.022531414306664645,0.012894406674522877,2.5255854762396424,-0.37708991418757726
400.8,7.355340632871673,-0.10930285077963536,-0.025442729689002234,0.012823931181794632,2.5308256587875766,-0.37708283760390415
400.90000000000003,7.360524541236208,-0.1092592812793385,-0.028483300088314643,0.012759264108796735,2.535881165298579,-0.37707576102023105
401.0,7.365225203905744,-0.10921861641239476,-0.031640815502985226,0.01269808208763705,2.5407058267634173,-0.377068684436558
401.1,7.369310826599826,-0.10917795154545103,-0.03490296593139732,0.012639610662351527,2.5452996431820907,-0.3770616078528849
401.20000000000005,7.372781409318456,-0.10913728667850728,-0.038245131370317646,0.01258423706092219,2.5496164455453667,-0.377068684436558
401.3,7.375549089207996,-0.10909952644491668,-0.04165500181812953,0.012530799599402972,2.5535869803393965,-0.37707576102023105
401.40000000000003,7.377482071987992,-0.10905886157797293,-0.04510180227079138,0.012473489858063519,2.5572343320687954,-0.37708991418757726
401.5,7.378624289085263,-0.10901529207767607,-0.048573222726686516,0.01241308229286788,2.5604661627150986,-0.3771040673549234
401.6,7.3788878776461715,-0.10897462721073232,-0.05203233318096501,0.012349576903816054,2.5633055567829217,-0.37711822052226956
401.70000000000005,7.378184974817082,-0.10892815307708234,-0.05545451363039355,0.012284135374854111,2.565729429767649,-0.3771394502732888
401.8,7.376559512024812,-0.10888458357678547,-0.05882129907254717,0.012217532161946099,2.567714697164664,-0.37716775660798113
401.90000000000003,7.373967557842545,-0.10883810944313549,-0.06209575950257592,0.01214899280912797,2.569261358973966,-0.3771960629426735
402.0,7.370409112270279,-0.1087916353094855,-0.0652532749172465,0.012077742860435678,2.570346330690939,-0.3772243692773658
402.1,7.3658841753080155,-0.1087422565424824,-0.06826307031251728,0.012005718455779338,2.571015781324816,-0.37725267561205816
402.20000000000005,7.36048060980939,-0.1086957824088324,-0.0711066806859633,0.011934468507087046,2.571269710875597,-0.3772951351140966
402.3,7.354154484347585,-0.1086464036418293,-0.07375333103354292,0.011867865294179034,2.571108119343282,-0.37734467119980825
402.40000000000003,7.346949730349417,-0.10859992950817932,-0.07617840135202286,0.011801649309253044,2.5705771757371036,-0.3773942072855198
402.5,7.338998142095342,-0.10855345537452933,-0.0783511166373615,0.011738918376165267,2.569630711047829,-0.3774508199549045
402.6,7.330299719585359,-0.10850988587423246,-0.08025916688794216,0.011680834178861767,2.568337978789308,-0.37750743262428915
402.70000000000005,7.320942325673105,-0.1084663163739356,-0.08188408710133988,0.011629720085234687,2.5667220634661563,-0.37757112187734687
402.8,7.311013823212217,-0.10842565150699186,-0.08320125727432137,0.011587899463176168,2.564806049582991,-0.3776418877140777
402.90000000000003,7.300602075056328,-0.10839079590675436,-0.08419221240446165,0.011554985084704185,2.562589937139812,-0.37770557696713547
403.0,7.289838875485895,-0.10835594030651688,-0.08485695249176071,0.01153097694981874,2.560096810641235,-0.3777692662201932
403.1,7.278812087354553,-0.10832398933963251,-0.08518316753460192,0.011516262286501853,2.557419008105727,-0.377840032056924
403.20000000000005,7.267609573515939,-0.1082978476394544,-0.08515854753136863,0.011509292182825433,2.5545565295332873,-0.3779107978936549
403.3,7.256319196823689,-0.10827170593927628,-0.08478309248206081,0.011510453866771502,2.5515324594285325,-0.37798864031405877
403.40000000000003,7.245116682985075,-0.10824846887245129,-0.08406295738748683,0.011513164462645666,2.5483698822960785,-0.3780664827344627
403.5,7.234045963426915,-0.10822523180562629,-0.08299198724683833,0.011517423970447922,2.545114967145159,-0.37815140173853967
403.6,7.223238832429664,-0.1082019947388013,-0.08158864706254029,0.01152052179430411,2.5417677139757737,-0.3782363207426167
403.70000000000005,7.212827084273776,-0.10817875767197631,-0.07985909183540105,0.011521683478250179,2.538397376301772,-0.3783283163303668
403.8,7.202810718959251,-0.10815261597179819,-0.07781563156703723,0.011518585654393992,2.535003954123154,-0.37842031191811687
403.90000000000003,7.193409393620179,-0.10812647427162007,-0.07547057625906552,0.011508517726861386,2.5316105319445357,-0.37851230750586695
404.0,7.1846231082565595,-0.10809742793808882,-0.07285470091552752,0.011490705239688313,2.528240194270534,-0.3785901499262708
404.1,7.176583657148849,-0.10806547697120446,-0.0699864705388482,0.011464373736910727,2.5249852791196146,-0.37867506893034786
404.20000000000005,7.169378903150681,-0.10803352600432009,-0.06688435013145254,0.01143223381440279,2.5218457864917774,-0.37875998793442484
404.3,7.1630527776888755,-0.10800157503743574,-0.06358526969819049,0.011393898244182481,2.5188678853962556,-0.378859060105848
404.40000000000003,7.15764921219025,-0.10796671943719824,-0.060113849242295354,0.011345881974411588,2.5160977448422814,-0.3789510556935981
404.5,7.153300000935259,-0.10792895920360762,-0.05650086376780875,0.011291670056928322,2.5135353648298553,-0.37905012786502124
404.6,7.149917281070266,-0.10789119897001702,-0.0527770882787723,0.01123203694769673,2.5112269143682107,-0.3791492000364444
404.70000000000005,7.147676778302543,-0.10785634336977952,-0.048979452780035945,0.01116930601460895,2.509172393457346,-0.37924827220786755
404.8,7.146490629778454,-0.1078185831361889,-0.04513873227564132,0.011105026169593078,2.5074179711064963,-0.3793544209629638
404.90000000000003,7.146358835498,-0.10778372753595142,-0.041291856770438375,0.011039971868613158,2.5059636473156597,-0.37944641655071387
405.0,7.147325326887998,-0.10775177656906705,-0.03746960126846873,0.010975692023597286,2.504786337580221,-0.37953841213846395
405.1,7.149390103948448,-0.10771982560218268,-0.033702740773774005,0.010916058914365694,2.5039322109094124,-0.379623331142541
405.20000000000005,7.152509235252533,-0.10769368390200457,-0.030028205291204146,0.010862621452846475,2.503401267303234,-0.3797224033139641
405.3,7.156594857946616,-0.10767044683517958,-0.02647061482399246,0.010815766867021652,2.503170422257069,-0.3798214754853873
405.40000000000003,7.161603040603879,-0.1076501144017077,-0.023066899376988893,0.010771235649088969,2.503193506761686,-0.37992054765681044
405.5,7.167489851797503,-0.10763268660158896,-0.019841678953426745,0.01073057671097652,2.5034936053216996,-0.3800196198282336
405.6,7.174211360100672,-0.10761525880147021,-0.01681957355653931,0.010692628368738234,2.503978379918645,-0.38012576858332986
405.70000000000005,7.181591839806112,-0.10760364026805772,-0.014025203189559887,0.010657003394392087,2.5046709150571385,-0.3802319173384261
405.8,7.189587359487004,-0.1075891171012921,-0.011470877854105131,0.010623314559956057,2.5054788727187143,-0.3803309895098493
405.90000000000003,7.198110056289715,-0.1075774985678796,-0.009187372554216661,0.010590012953502051,2.5063791683987557,-0.3804300616812724
406.0,7.207072067360606,-0.10756588003446711,-0.007180842290702804,0.010556324119066022,2.507348717592647,-0.3805291338526956
406.1,7.216297666992405,-0.10755426150105461,-0.0054574420643718835,0.010519537460773805,2.508364435795771,-0.3806211294404457
406.20000000000005,7.225742923758296,-0.10754264296764211,-0.004041791878457199,0.010481976346517543,2.509357069494278,-0.3807272781955419
406.3,7.235276043377822,-0.10753102443422961,-0.002921581731342101,0.010441704636387116,2.5103035341835525,-0.3808263503669651
406.40000000000003,7.244809162997349,-0.107516501267464,-0.002115276625451563,0.010395237278544318,2.5111576608543613,-0.38093249912206134
406.5,7.254210488336421,-0.10749907346734525,-0.0016044115583606117,0.010344510412899261,2.5118963650020874,-0.3810386478771576
406.6,7.263436087968221,-0.10748164566722651,-0.001401296531685896,0.010289911267433971,2.512473477617499,-0.3811447966322538
406.70000000000005,7.272354167612294,-0.10746421786710776,-0.0014997765446190916,0.010232988754076543,2.5128659141959786,-0.38125802197102315
406.8,7.280920795841822,-0.10744679006698901,-0.0018752315939268992,0.010176066240719114,2.5130736747375266,-0.3813712473097925
406.90000000000003,7.289004178376351,-0.10742936226687026,-0.0025338166804176436,0.010120305411307755,2.5130275057282936,-0.38148447264856183
407.0,7.296604315215881,-0.10741193446675153,-0.0034509118008580262,0.010066867949788534,2.51272740716828,-0.38159062140365807
407.1,7.303633343506776,-0.10739450666663278,-0.004608051952823073,0.010018077224053595,2.5121964635621015,-0.3817038467424274
407.20000000000005,7.310047331822218,-0.10738288813322028,-0.0059990821355044585,0.009977031057959123,2.5113885059005256,-0.3818312252485429
407.3,7.315802348735389,-0.10737126959980779,-0.007599382345668885,0.00994295499554107,2.5102573651743194,-0.3819586037546584
407.40000000000003,7.320898394246288,-0.10735965106639529,-0.009390487580891376,0.00991275121294325,2.5088261258880995,-0.3820859822607739
407.5,7.325291536928097,-0.10735093716633591,-0.011341622837130312,0.009888743078057803,2.5070717035372496,-0.3822133607668894
407.6,7.32889391392718,-0.10734512789962967,-0.01344047811276904,0.00987093059088473,2.5049479291125363,-0.3823407392730049
407.70000000000005,7.331793388097174,-0.10733931863292343,-0.015656278403765937,0.009861249891334148,2.5024778871185758,-0.3824751943627934
407.8,7.333946028011261,-0.10733931863292343,-0.017976713708504354,0.009858539295459984,2.4996384930507527,-0.382609649452582
407.90000000000003,7.33535183366944,-0.1073364139995703,-0.02035869902132602,0.009860862663352125,2.496383577899833,-0.38275118112604367
408.0,7.336010805071711,-0.1073364139995703,-0.022796079341422606,0.009867058311064497,2.4927593106750505,-0.38288563621583227
408.1,7.335922942218075,-0.10733350936621718,-0.025258079664752492,0.009875577326669011,2.488788775881021,-0.3830271678892939
408.20000000000005,7.3350882451085315,-0.10733350936621718,-0.027726234988890704,0.009887581394111734,2.4844488890131284,-0.38316869956275557
408.3,7.333594576596717,-0.10733350936621718,-0.03017592531060394,0.00989997268953648,2.4797396500713726,-0.3833243844035634
408.40000000000003,7.33144193668263,-0.10733350936621718,-0.032582530626658904,0.00990926616110504,2.4747072280649864,-0.3834800692443712
408.5,7.328586393939454,-0.10733060473286404,-0.03492758593463062,0.0099185596326736,2.4693516229939703,-0.3836357540851791
408.6,7.325159742647642,-0.10732770009951093,-0.03719878123290244,0.009926304192314066,2.4637190038675563,-0.3837914389259869
408.70000000000005,7.3211180513803775,-0.10732189083280468,-0.03938380651985771,0.009934048751954533,2.4578324551903616,-0.3839612769341409
408.8,7.316549182991296,-0.10731898619945156,-0.04145188679145482,0.009942180539577024,2.4517612304762353,-0.3841240383586218
408.90000000000003,7.311497068907215,-0.10731608156609843,-0.04340302204769376,0.009948376187289396,2.4455514987344102,-0.3842797231994296
409.0,7.306005640554954,-0.10731027229939218,-0.045218747286149545,0.009956120746929862,2.439249428974119,-0.38443540804023746
409.1,7.3001627607881465,-0.10731027229939218,-0.046899062506822194,0.00996618867446247,2.4329473592138284,-0.38459109288104526
409.20000000000005,7.293968429606796,-0.10731027229939218,-0.048425502707286724,0.009980903337779356,2.4267145429673866,-0.38475385430552617
409.3,7.287554441291354,-0.10731027229939218,-0.04979806788754314,0.00999871582495243,2.4205971492440277,-0.3849236923136802
409.40000000000003,7.280920795841822,-0.10731317693274531,-0.0510106030467831,0.010018077224053595,2.4146413470529833,-0.3850935303218342
409.5,7.274111424685017,-0.10731898619945156,-0.052056953184198305,0.010039374763064879,2.4089163899081036,-0.3852633683299882
409.6,7.267214190674577,-0.1073247954661578,-0.05294327330059707,0.010063382897950324,2.403491531323238,-0.38543320633814215
409.70000000000005,7.260316956664136,-0.1073364139995703,-0.05366956339597938,0.010090101628709934,2.3983898558030026,-0.38561012092996927
409.8,7.253419722653695,-0.10734803253298279,-0.05422966846953693,0.010119143727361684,2.3936575323566305,-0.38578703552179633
409.90000000000003,7.246610351496891,-0.10735965106639529,-0.05463589852288636,0.010148185826013434,2.389340729993354,-0.38595687352995034
410.0,7.2398888431937225,-0.10737417423316091,-0.05488825355602767,0.01017800238062923,2.385462533217791,-0.3861267115381043
410.1,7.233299129171008,-0.10738869739992653,-0.054992888569769194,0.01020588279533491,2.382115280048405,-0.3862965495462583
410.20000000000005,7.226973003709203,-0.10740612520004528,-0.05495595856491924,0.010234150438022612,2.379275885980582,-0.38647346413808537
410.3,7.2208226039546695,-0.10742645763351714,-0.05478361854228615,0.010256996888961988,2.376967435518937,-0.38665745531358553
410.40000000000003,7.214935792761045,-0.10744098080028276,-0.054482023502678244,0.010272486008242923,2.3752360976727034,-0.3868414464890857
410.5,7.209356501555146,-0.10745840860040151,-0.054057328446903835,0.010280617795865412,2.374081872441881,-0.38702543766458586
410.6,7.204084730336976,-0.10747293176716713,-0.05352799837738791,0.010281005023847435,2.3735047598264694,-0.387209428840086
410.70000000000005,7.199076547679713,-0.10748745493393275,-0.05289403329413046,0.010273647692188992,2.373527844331086,-0.38740049659925924
410.8,7.1944637478638125,-0.10750197810069838,-0.052161588197939826,0.010257771344926036,2.37415112595573,-0.3875844877747594
410.90000000000003,7.190114536608822,-0.10751359663411086,-0.05134297309043264,0.010232214298112496,2.3753515201957853,-0.3877614023665865
411.0,7.186160708195193,-0.10752521516752336,-0.05045049797322555,0.010200461603586583,2.377175196060485,-0.38793124037474047
411.1,7.18255833119611,-0.10753683370093586,-0.049484162846318576,0.010163674945294366,2.379645238054445,-0.3881081549665676
411.20000000000005,7.179307405611571,-0.10754845223434836,-0.04846243271213667,0.010124952147092034,2.382715477168433,-0.38829214614206775
411.3,7.1764079314415765,-0.10756297540111398,-0.047385307570679845,0.010083131525033515,2.3864320824116816,-0.3884690607338948
411.40000000000003,7.1738599086861266,-0.1075774985678796,-0.04626509742356475,0.010038600307100833,2.390771969279574,-0.388653051909395
411.5,7.1716633373452225,-0.10759202173464523,-0.04510180227079138,0.009992520177240055,2.3956889687628777,-0.38883704308489514
411.6,7.16986214884568,-0.10760944953476397,-0.04391388711478471,0.00994644004737928,2.401229249870826,-0.3890210342603953
411.70000000000005,7.168368480333865,-0.10762978196823583,-0.04270135195554474,0.009901908829446597,2.4073004745849524,-0.38919794885222236
411.8,7.1671823318097765,-0.10765301903506083,-0.04147035179387979,0.009860475435370102,2.4139257274098735,-0.38938194002772253
411.90000000000003,7.166347634700233,-0.10767916073523895,-0.04022088662978988,0.009822527093131814,2.4210588393363563,-0.3895588546195496
412.0,7.165864389005233,-0.10770530243541707,-0.03897142146569996,0.009788838258695785,2.4286536413551687,-0.3897286926277036
412.1,7.165644731871144,-0.10773725340230143,-0.03771580130080172,0.009758634476097965,2.4366870489616934,-0.38990560721953066
412.20000000000005,7.16573259472478,-0.10777210900253892,-0.036466336136711804,0.009735013569194543,2.445089808642081,-0.3900895983950308
412.3,7.166127977566142,-0.10780696460277642,-0.03521687097262188,0.00971255434623719,2.4538157513870993,-0.390273589570531
412.40000000000003,7.166743017541596,-0.10784472483636702,-0.033979715810148615,0.009691256807225906,2.462795623682898,-0.3904646573297042
412.5,7.167621646077958,-0.10788248506995764,-0.032754870649291994,0.009669959268214623,2.4719370875110123,-0.39064864850520437
412.6,7.168676000321592,-0.10792024530354825,-0.03154849049086035,0.00964982341314941,2.481240142871442,-0.39083971626437763
412.70000000000005,7.169950011699316,-0.10796091017049199,-0.030360575334853684,0.009630849242030268,2.4906124517457204,-0.39103078402355085
412.8,7.171399748784314,-0.1079986704040826,-0.029191125181271985,0.009612649526875171,2.4999616761153827,-0.3912218517827241
412.90000000000003,7.172937348722947,-0.10803933527102634,-0.028040140030115266,0.009592513671809957,2.5092416469711956,-0.39141291954189733
413.0,7.174606742942035,-0.10807709550461696,-0.026919929883000168,0.009572377816744745,2.5184061953039265,-0.3915969107173975
413.1,7.176364000014758,-0.10811776037156069,-0.025818184738310043,0.009551080277733461,2.5274322366089583,-0.39178797847657076
413.20000000000005,7.1781651885143,-0.10815552060515131,-0.02474105959685322,0.009531331650650272,2.5362043483632095,-0.3919861228194171
413.3,7.18001030844066,-0.10819618547209506,-0.023694709459438017,0.009508872427692919,2.5447225305666796,-0.3921842671622634
413.40000000000003,7.1817675655133835,-0.10823104107233254,-0.022672979325256113,0.009484089836843426,2.5528713606962863,-0.3923824115051097
413.5,7.183524822586108,-0.10826880130592316,-0.021682024195115834,0.00946008170195798,2.5606739232566467,-0.392573479264283
413.6,7.185150285378377,-0.10830365690616064,-0.020709534067400528,0.009437622479000627,2.5680378802292942,-0.3927645470234562
413.70000000000005,7.186643953890192,-0.10834141713975126,-0.019767818943726846,0.009420197219809577,2.574963231614229,-0.3929697679499756
413.8,7.187961896694735,-0.108382082006695,-0.018850723823286463,0.00940780592438483,2.581380723897602,-0.39316791229282194
413.90000000000003,7.1891041137920055,-0.10841984224028561,-0.017952093705271056,0.00939967413676234,2.587221103565564,-0.39336605663566826
414.0,7.189938810901549,-0.10846341174058248,-0.017078083590488947,0.00939967413676234,2.5925305396273477,-0.3935712775621877
414.1,7.190553850877002,-0.10850698124087933,-0.01622253847813181,0.0094089676083309,2.5972397785691035,-0.3937764984887071
414.20000000000005,7.190817439437911,-0.10855345537452933,-0.015385458368199649,0.009427941779450043,2.6013026513815984,-0.3939887959988996
414.3,7.190729576584275,-0.10860283414153243,-0.014560688259884137,0.00945427328222763,2.6046960735602167,-0.3942010935090921
414.40000000000003,7.190246330889276,-0.10865221290853555,-0.013748228153185275,0.009487962116663659,2.607373876095725,-0.3944133910192846
414.5,7.189367702352914,-0.10870449630889178,-0.012941923047294737,0.009530944422668249,2.60928988997889,-0.39462568852947705
414.6,7.188005828121553,-0.10875677970924802,-0.012141772942212525,0.00958476911216949,2.6104671997143294,-0.3948450626233426
414.70000000000005,7.186204639622011,-0.1088148723763105,-0.011347777837938637,0.009650210641131434,2.6108365517881924,-0.3950644367172082
414.8,7.18392020542747,-0.10887296504337299,-0.010553782733664748,0.00972649455359003,2.61039794620048,-0.3952838108110738
414.90000000000003,7.181108594111112,-0.10893396234378859,-0.009753632628582535,0.009811297481653138,2.609105213941959,-0.39550318490493935
415.0,7.177857668526573,-0.10899495964420419,-0.008941172521883672,0.009903844969356713,2.607004524021862,-0.39572255899880493
415.1,7.174079565820217,-0.10905886157797293,-0.008122557414376485,0.010004137016700755,2.604095876440189,-0.3959490096763436
415.20000000000005,7.16986214884568,-0.10912276351174166,-0.007291632305252649,0.010113335307631335,2.600356186692324,-0.39618253693755534
415.3,7.165205417602962,-0.1091866654455104,-0.0064422421937038385,0.010224856966454053,2.5958085392828836,-0.39641606419876707
415.40000000000003,7.160109372092063,-0.10925056737927913,-0.005574387079730053,0.010340250905097005,2.5904760187164837,-0.3966495914599788
415.5,7.154617943739802,-0.10931446931304786,-0.004688066963331294,0.010458742667596143,2.5843817094977406,-0.39689019530486364
415.6,7.148862926826632,-0.10937837124681658,-0.003783281844507561,0.010580332253951467,2.5775948651405045,-0.39713079914974847
415.70000000000005,7.142800389925735,-0.10944227318058532,-0.0028600317232588537,0.010705406892145003,2.5701154856447745,-0.3973714029946333
415.8,7.136562127317565,-0.10950327048100093,-0.0019121615987768474,0.010831643214284608,2.5620359090290172,-0.39761200683951814
415.90000000000003,7.130148139002124,-0.10956717241476967,-0.0009458264718698672,0.01095981567633433,2.5533792197978484,-0.39784553410072987
416.0,7.123734150686682,-0.10962816971518527,3.897365746208736e-05,0.01109147319022226,2.5442377559697342,-0.3980719847782685
416.1,7.11732016237124,-0.109692071648954,0.001042238789219016,0.011225841299984355,2.5347269400677566,-0.39831258862315333
416.20000000000005,7.111037968336253,-0.10975597358272274,0.002051658921784269,0.011363307233602637,2.524846772091916,-0.39855319246803816
416.3,7.104931500008537,-0.10981987551649146,0.0030672340551578473,0.011499224255292826,2.514689590060678,-0.398793796312923
416.40000000000003,7.099132551668549,-0.10988087281690707,0.00408896418933975,0.011635141276983015,2.5043246474878917,-0.39903440015780783
416.5,7.093641123316288,-0.10994477475067581,0.005098384321905004,0.011769896614727132,2.4937981133827907,-0.3992820805863657
416.6,7.088632940659025,-0.11000867668444454,0.006095494452853608,0.011904264724489227,2.4832254102684566,-0.39952976101492366
416.70000000000005,7.084064072269943,-0.11007257861821326,0.007074139581377237,0.012038632834251321,2.4726065381448894,-0.39978451802715465
416.8,7.080110243856314,-0.110136480551982,0.008015854705050918,0.01216990312015723,2.4620338350305553,-0.4000251218720394
416.90000000000003,7.07677145541814,-0.11019747785239761,0.008914484823066327,0.012298462810188975,2.4515765544393036,-0.40026572571692426
417.0,7.074091638382235,-0.11026137978616633,0.009763874934615138,0.01242353744838251,2.441280865380367,-0.400499252978136
417.1,7.072158655602239,-0.11032528171993507,0.010545560037272377,0.012547063174647951,2.4312621903768274,-0.4007327802393478
417.20000000000005,7.07097250707815,-0.1103891836537038,0.01124107512861307,0.012669427216967323,2.4215205294286855,-0.40098046066790566
417.3,7.070621055663606,-0.11045308558747254,0.011850420208637217,0.012785982839556346,2.412171305059023,-0.40122814109646354
417.40000000000003,7.071060369931787,-0.11051698752124127,0.012348975274111518,0.01289827895434311,2.403237601772457,-0.4014758215250215
417.5,7.072334381309512,-0.11058379408836312,0.012724430323419326,0.013006315561327619,2.394811757587453,-0.40172350195357936
417.6,7.07444308979678,-0.11064769602213186,0.01296447535494399,0.013109318204545825,2.3869399415132433,-0.40197825896581035
417.70000000000005,7.0773864953935925,-0.11071450258925371,0.01305680036706886,0.013208448567943796,2.379668322559062,-0.40223301597804134
417.8,7.081076735246312,-0.11077840452302244,0.012982940357368964,0.013300996055647371,2.373066154238757,-0.4024736198229262
417.90000000000003,7.085557740781758,-0.1108452110901443,0.01273058532422765,0.013387735123620598,2.3671565210569456,-0.4027071470841379
418.0,7.090829511999929,-0.11091201765726616,0.012281270265219947,0.013469827455809543,2.36205484553671,-0.4029406743453497
418.1,7.096760254620372,-0.11097882422438801,0.011634995180345852,0.013548821964142302,2.3577611276780504,-0.4031742016065614
418.20000000000005,7.103306037216268,-0.11105144005821611,0.010767140066372067,0.013623944192654827,2.3543677054994325,-0.40341480545144626
418.3,7.110466859787618,-0.1111211512586911,0.009671549922490268,0.013691321861526886,2.3518514944962394,-0.40365540929633104
418.40000000000003,7.118066996627148,-0.11119086245916607,0.008348224748700454,0.013751342198740503,2.350281748182321,-0.40389601314121587
418.5,7.126150379161677,-0.11126347829299418,0.006778699542577651,0.013802843520349604,2.3496584665576767,-0.4041295404024276
418.6,7.1344973502571145,-0.11133318949346915,0.00496297430412186,0.013846213054336217,2.3499816496223067,-0.40437014424731244
418.70000000000005,7.143063978486643,-0.11140580532729727,0.00290104903333308,0.013881450800700341,2.3512282128715953,-0.40460367150852417
418.8,7.151718469569808,-0.11147551652777224,0.000586768729402987,0.013907007847513881,2.353421240810158,-0.40483012218606285
418.90000000000003,7.160372960652972,-0.11154813236160034,-0.0019737116068600947,0.013924820334686953,2.356514564428762,-0.4050565728636015
419.0,7.1689395888825,-0.11161784356207533,-0.004780391975456165,0.013933339350291467,2.3605312682320245,-0.40528302354114015
419.1,7.177198697124302,-0.11169045939590343,-0.0078271173755769,0.013934501034237537,2.365425183210712,-0.40550947421867883
419.20000000000005,7.185150285378377,-0.11176307522973154,-0.011107732806413972,0.013927530930561116,2.371127055850975,-0.40574300147989056
419.3,7.1925746965106345,-0.11183278643020651,-0.014603773265542411,0.013910105671370066,2.3776138016481974,-0.4059765287411023
419.40000000000003,7.199427999094257,-0.1119024976306815,-0.018309083752153888,0.013883386940610457,2.38481616708853,-0.406210056002314
419.5,7.205534467421972,-0.11197220883115648,-0.02219904426301511,0.013848923650210381,2.3926879831627392,-0.4064435832635258
419.6,7.210850170066962,-0.11204482466498458,-0.026261344796509423,0.013809039168061978,2.4012061653662093,-0.40667711052473754
419.70000000000005,7.215243312748771,-0.11211453586545957,-0.030477520350211854,0.013765669634075365,2.410278375680474,-0.4069177143696224
419.8,7.218582101186946,-0.11218715169928767,-0.03481679592008078,0.013718040592286497,2.419858445096301,-0.407144165047161
419.90000000000003,7.220866535381488,-0.11225976753311577,-0.03926070650369122,0.013667700954623463,2.429900204604457,-0.40737769230837273
420.0,7.222008752478758,-0.112335288000297,-0.04377847709700156,0.013616586860996384,2.4403805697003254,-0.4076112195695845
420.1,7.22196482105194,-0.11241080846747822,-0.0483454876967785,0.013567021679297398,2.451230286870057,-0.40784474683079625
420.20000000000005,7.220690809674215,-0.11248923356801258,-0.05292480829817209,0.01351706926961639,2.462380102599802,-0.40809242725935413
420.3,7.218098855491948,-0.11256765866854693,-0.057497973898757354,0.013464019036079192,2.4737838478803287,-0.40832595452056586
420.40000000000003,7.214276821358773,-0.11264608376908128,-0.062021899492876016,0.013410581574559974,2.485372269197786,-0.40855948178177764
420.5,7.209180775847875,-0.11272450886961564,-0.06646581007648647,0.01335675688505873,2.4971222820475596,-0.4087930090429894
420.6,7.202766787532433,-0.11280583860350311,-0.07080508564635539,0.013305642791431652,2.508941548411182,-0.40904068947154726
420.70000000000005,7.195166650692903,-0.11289007297074372,-0.07500279619763285,0.01325762652166076,2.5208069837840372,-0.4092812933164321
420.8,7.186380365329284,-0.11297430733798432,-0.0790281667262772,0.01320999747987189,2.532603165643043,-0.40952897374499
420.90000000000003,7.176451862868395,-0.11305854170522492,-0.08285042222824686,0.013164304577993136,2.544283924978967,-0.4097766541735479
421.0,7.165469006163871,-0.11314568070581864,-0.08644494270030849,0.01311938613207843,2.555826177287192,-0.4100314111857789
421.1,7.153475726642531,-0.11322991507305924,-0.08978095313842048,0.013076016598091818,2.567114500044636,-0.4102861681980099
421.20000000000005,7.14060381858483,-0.11331705407365297,-0.09282767853854122,0.013033421520069251,2.578102724242066,-0.410548001793914
421.3,7.1268972134175845,-0.11340128844089357,-0.09557280889905405,0.012990439214064663,2.5887215963656334,-0.410809835389818
421.40000000000003,7.112443773994432,-0.11348552280813418,-0.09799172421672565,0.012949780275952213,2.5989018629014877,-0.4110716689857221
421.5,7.097419226022644,-0.1135726618087279,-0.10005980448832276,0.01291221916169595,2.6085973548403967,-0.41133350258162615
421.6,7.081867500929038,-0.11365980080932163,-0.10177089471303703,0.012880466467170037,2.617738818668511,-0.41160241276120335
421.70000000000005,7.0659643244208885,-0.11374693980991535,-0.10310037488763517,0.012854134964392451,2.626257000871981,-0.4118713229407805
421.8,7.04979755935183,-0.11383407881050907,-0.10404824501211718,0.012832062969417121,2.6341288169461907,-0.41214023312035764
421.90000000000003,7.033499000002316,-0.11392412244445592,-0.10460835008567472,0.012815412166190119,2.6413080978819066,-0.41240206671626173
422.0,7.017200440652804,-0.11401416607840277,-0.10478069010830782,0.012804957010675489,2.647794843679129,-0.41267097689583887
422.1,7.001033675583745,-0.11410420971234962,-0.1045529550783998,0.01280418255471144,2.6535198008240086,-0.4129469636590891
422.20000000000005,6.985042636221959,-0.11419715797964959,-0.10394360999837565,0.012808829290495722,2.6584829693165455,-0.41322295042233936
422.3,6.9694469797015355,-0.11429010624694957,-0.10294649986742706,0.012818122762064281,2.66261509564289,-0.4134989371855896
422.40000000000003,6.9542467060224755,-0.11438305451424954,-0.10158008968797896,0.012832450197399144,2.6659392643076587,-0.41377492394883986
422.5,6.939661472318868,-0.11447600278154951,-0.09985668946164805,0.012851424368518287,2.6684323908062355,-0.41405798729576315
422.6,6.9256912785907145,-0.11457185568220261,-0.09778860919005095,0.012876981415331827,2.6700944751386197,-0.4143339740590134
422.70000000000005,6.912467919118468,-0.11466480394950258,-0.09539431387561263,0.012907959653893693,2.6709024328001956,-0.41460996082226365
422.8,6.900079256755765,-0.11476065685015568,-0.09269226852075808,0.012944746312185909,2.6708562637909625,-0.4148788710018408
422.90000000000003,6.888569222929425,-0.11485650975080879,-0.08970709312872059,0.012987341390208476,2.670002137120154,-0.41514778118141793
423.0,6.877981749066264,-0.11495236265146187,-0.08645725270192514,0.013033421520069251,2.668316968283153,-0.4154166913609951
423.1,6.86840469801992,-0.11504821555211497,-0.08297352224441334,0.0130856972976424,2.6658238417845763,-0.41568560154057227
423.20000000000005,6.859882001217209,-0.1151469730861212,-0.07928667676022684,0.013139521987143644,2.6625458421290404,-0.4159615883038225
423.3,6.8523697272313155,-0.11523992135342118,-0.07540902625098228,0.013194121132608934,2.6584598848119287,-0.41623049848339966
423.40000000000003,6.845955738915873,-0.11533577425407426,-0.07138365572233792,0.013251430873948386,2.653589054337858,-0.4165064852466499
423.5,6.840552173417248,-0.11543162715472736,-0.0672228751759104,0.013309902299233909,2.647956435211444,-0.41677539542622705
423.6,6.836202962162257,-0.11552748005538047,-0.06296976961735802,0.01337185877635764,2.641585111937304,-0.4170513821894773
423.70000000000005,6.832908105150899,-0.11562042832268044,-0.05864895904991407,0.013436525849355537,2.63452125352467,-0.41732029236905444
423.8,6.830579739529541,-0.11571628122333354,-0.05427890847600353,0.013501967378317478,2.6267417754689264,-0.41758212596495853
423.90000000000003,6.82921786529818,-0.1158092294906335,-0.049890392899668005,0.013570893959117631,2.6183390157885387,-0.4178368829771895
424.0,6.828822482456817,-0.1159050823912866,-0.045514187324949135,0.013643692819738018,2.6093591434927395,-0.4180916399894205
424.1,6.829261796724998,-0.11600383992529283,-0.04116875675427188,0.013722687328070776,2.599825243086146,-0.4183534735853246
424.20000000000005,6.830491876675905,-0.11609969282594593,-0.03687872119086956,0.013804005204295675,2.589829652587223,-0.41861530718122864
424.3,6.832512722309537,-0.11619845035995215,-0.03266870063797545,0.013888033676394736,2.5793954565005874,-0.41887714077713273
424.40000000000003,6.8351925393454405,-0.11629720789395837,-0.028551005097206216,0.013973998288403917,2.5686149928447053,-0.4191389743730368
424.5,6.838487396356798,-0.11639887006131772,-0.024556409572603476,0.014061511812341188,2.5575344306288095,-0.41940080796894086
424.6,6.84235336191679,-0.11649762759532394,-0.020691069064975556,0.014150574248206553,2.546223023366749,-0.41966971814851806
424.70000000000005,6.846702573171782,-0.11659928976268329,-0.016967293575939103,0.01423847500012585,2.534750024572373,-0.41992447516074904
424.8,6.851447167268136,-0.1166980472966895,-0.013409703108727416,0.014324052384153005,2.5231846877595316,-0.42017215558930693
424.90000000000003,6.856543212779035,-0.11679970946404886,-0.010012142662532173,0.014408080856252066,2.5116424354513067,-0.42041275943419176
425.0,6.861902846850842,-0.11689846699805508,-0.006793077239778347,0.014489011504494942,2.5001694366569307,-0.42066043986274965
425.1,6.867482138056739,-0.11700012916541443,-0.003758661841274262,0.014568393240809725,2.4888580293948706,-0.4209081202913076
425.20000000000005,6.87323715496991,-0.11709888669942065,-0.0009150514678282435,0.014639255961519994,2.4778005516835906,-0.4211628773035386
425.3,6.879036103309899,-0.11719473960007375,0.0017439088813680336,0.01470159966662575,2.4670200880277084,-0.42141055773209646
425.40000000000003,6.884878983076705,-0.11729059250072683,0.00420590920469792,0.014754262672180923,2.4566089764456898,-0.42166531474432745
425.5,6.890721862843511,-0.11738354076802682,0.00647710450296974,0.014797244978185511,2.4466595549559997,-0.42192007175655843
425.6,6.896432948329863,-0.11747648903532679,0.008551339775375168,0.014831321040603564,2.437171823558639,-0.4221748287687894
425.70000000000005,6.902056170962579,-0.11756653266927364,0.010440925023530856,0.014854554719524965,2.4282381202720726,-0.42242250919734736
425.8,6.907459736461205,-0.11765657630322049,0.012145860247436803,0.01486694601494971,2.419858445096301,-0.4226560364585591
425.90000000000003,6.912687576252559,-0.11774371530381421,0.013666145447093008,0.014869656610823874,2.412171305059023,-0.4228895637197708
426.0,6.917651827483003,-0.11783085430440794,0.015007935623307796,0.0148634609631115,2.4051997846648554,-0.42313016756465566
426.1,6.922396421579357,-0.11791799330500166,0.016177385776889493,0.014851069667686755,2.398966968418414,-0.4233707714095405
426.20000000000005,6.926789564261166,-0.11800513230559538,0.017174495907838094,0.014828610444729402,2.393542109833548,-0.4236184518380984
426.3,6.930919118382067,-0.11809227130618911,0.018005421016961932,0.014799568346077652,2.388925208910258,-0.4238519790993101
426.40000000000003,6.934697221088423,-0.11817941030678283,0.01868247110587765,0.014763556143749482,2.385185519162393,-0.42409965952786804
426.5,6.938167803807053,-0.11826654930737657,0.019205646174585252,0.014721735521690963,2.382299956085337,-0.4243402633727529
426.6,6.941330866537956,-0.11835368830797029,0.019574946223084734,0.01467488093586614,2.380314688688322,-0.4245737906339646
426.70000000000005,6.944098546427496,-0.11844373194191714,0.019796526252184424,0.014622217930310967,2.3792528014759653,-0.42480731789517634
426.8,6.946558706329308,-0.11853377557586399,0.019876541262692646,0.014564520960989492,2.379068125439034,-0.4250266919890419
426.90000000000003,6.948711346243395,-0.11862672384316396,0.0198149912546094,0.014503726167811828,2.379852998595993,-0.4252460660829075
427.0,6.950556466169755,-0.11872257674381706,0.019611876227934682,0.014440220778760003,2.381584336442227,-0.4254725167604461
427.1,6.952094066108389,-0.11881842964447016,0.019273351183476825,0.014374004793834013,2.384215969968502,-0.4256989674379848
427.20000000000005,6.953368077486114,-0.11891428254512325,0.01879941612123582,0.01430043147724958,2.3877709836794354,-0.4259183415318504
427.3,6.95437850030293,-0.11901304007912947,0.01818391604040335,0.014219113601024683,2.3921801240611775,-0.42613771562571595
427.40000000000003,6.955125334558837,-0.11910889297978257,0.01742685094097941,0.01412927670919527,2.3974203066091118,-0.42635708971958153
427.5,6.955608580253836,-0.11920474588043567,0.016534375823772325,0.014030920801761345,2.403468446818622,-0.426569387229774
427.6,6.955916100241563,-0.11930059878108877,0.015500335687973772,0.013925207562668976,2.410278375680474,-0.4267887613236396
427.70000000000005,6.955960031668381,-0.11939645168174187,0.014318575532775428,0.013811749763936142,2.417734670671588,-0.426993982250159
427.8,6.955872168814745,-0.11948939994904184,0.013001405359793938,0.01368938572161677,2.425837331791962,-0.4271992031766784
427.90000000000003,6.955564648827018,-0.11958525284969494,0.011530360166604331,0.013558115435710862,2.434517105527747,-0.42739734751952474
428.0,6.955125334558837,-0.11967820111699491,0.009917749954823255,0.013419875046128533,2.4436816538604775,-0.42760256844604416
428.1,6.954510294583383,-0.11977114938429488,0.008157419723642386,0.01327621346479788,2.4532617232763045,-0.42780778937256353
428.20000000000005,6.953763460327476,-0.11986119301824173,0.006243214472253401,0.013123258411898663,2.463188060261378,-0.4280059337154099
428.3,6.952840900364296,-0.11995123665218858,0.0041812892014646205,0.012964107711287077,2.473368326797232,-0.42821115464192927
428.40000000000003,6.951786546120662,-0.12004128028613543,0.0019777989120843727,0.012800310274891208,2.483710184865402,-0.4284092989847756
428.5,6.950644329023391,-0.12013132392008229,-0.0003795663975039933,0.012634963926567247,2.4941674654566537,-0.42860744332762196
428.6,6.949326386218849,-0.12022136755402912,-0.002872341724875503,0.012470392034207333,2.504624746047906,-0.4288055876704683
428.70000000000005,6.947832717707033,-0.12031431582132911,-0.0055066820708384815,0.012307369053775512,2.514989688620692,-0.4290037320133146
428.8,6.946207254914764,-0.12040726408862908,-0.008270277433776278,0.01214666944123583,2.5251930396611626,-0.4291947997724878
428.90000000000003,6.944449997842041,-0.12050311698928218,-0.01115697281288057,0.011991391020444477,2.535211714664702,-0.4293858675316611
429.0,6.9425170150620445,-0.1206018745232884,-0.01416061320734303,0.011843469931311565,2.5449302911082277,-0.4295769352908343
429.1,6.940408306574776,-0.12070063205729462,-0.01727504361635534,0.011702906173837097,2.55427951547789,-0.4297821562173537
429.20000000000005,6.938079940953417,-0.12080229422465397,-0.020475644036684188,0.011566989152146908,2.563213218764456,-0.429973223976527
429.3,6.9355319181979675,-0.12090395639201332,-0.023756259467521263,0.011437655006151116,2.57163906294946,-0.4301642917357002
429.40000000000003,6.932808169735245,-0.12100852319272579,-0.027104579907249907,0.01131490373584972,2.579487794519053,-0.43034828291120036
429.5,6.9297769012847965,-0.12111308999343826,-0.030495985352636826,0.01120067148115284,2.586759413473235,-0.43053935067037363
429.6,6.92648204427344,-0.12122056142750384,-0.033918165802065366,0.01109611992600654,2.59336158179354,-0.43073749501321995
429.70000000000005,6.922923598701174,-0.12132803286156944,-0.03735265625311056,0.010997376790590593,2.5992481304707344,-0.43092856277239316
429.8,6.919013701714364,-0.12143840892898816,-0.0407748367025391,0.010905603758851063,2.604395975000203,-0.43111963053156643
429.90000000000003,6.914796284739827,-0.12154878499640688,-0.044160087147117694,0.010820413602805931,2.6087820308773284,-0.43131069829073965
430.0,6.910183484923927,-0.1216591610638256,-0.04749609758522969,0.01074103186649115,2.612360129092878,-0.43151591921725907
430.1,6.905219233693482,-0.12176953713124432,-0.05074593801202514,0.010666296865960647,2.615107185142236,-0.4317140635601054
430.20000000000005,6.899859599621675,-0.1218770085653099,-0.0538972984258874,0.010592723549376215,2.617023199025401,-0.4319192844866248
430.3,6.894104582708505,-0.1219844799993755,-0.056925558823583154,0.010522635284629992,2.6180850862377576,-0.43211742882947113
430.40000000000003,6.8879102515271535,-0.12209195143344109,-0.05980609920187912,0.010456806527686026,2.6183159312839224,-0.43231557317231745
430.5,6.881276606077622,-0.1221994228675067,-0.06250814455673367,0.01039794787441848,2.6176695651546615,-0.43252079409883687
430.6,6.8742475777867265,-0.12230689430157228,-0.06501938488653015,0.010346059324827354,2.6162152413638253,-0.4327260150253563
430.70000000000005,6.86677923522765,-0.12241436573563788,-0.06730904518722695,0.010300753650930625,2.6139529599114133,-0.4329312359518757
430.8,6.858871578400393,-0.1225247418030566,-0.06935866045639907,0.010261256396764246,2.6109058053020417,-0.43312938029472203
430.90000000000003,6.850568538731774,-0.1226322132371222,-0.0711559206924299,0.010228342018292263,2.6071661155541768,-0.43332752463756835
431.0,6.8418701162217905,-0.12274258930454092,-0.07268236089289443,0.010204333883406816,2.602710806163202,-0.4335327455640878
431.1,6.832776310870446,-0.12285296537195964,-0.07391336105455937,0.01018845753614386,2.5976091306429665,-0.43374504307428025
431.20000000000005,6.823331054104555,-0.12296624607273147,-0.07484276617661641,0.010177615152647207,2.5919072580027036,-0.43395026400079967
431.3,6.813578277350938,-0.12307952677350331,-0.07545211125664054,0.010173742872826973,2.5856513572516455,-0.43416256151099214
431.40000000000003,6.803517980609595,-0.12319280747427516,-0.07574139629463181,0.01017451732879102,2.5789337664082583,-0.4343748590211846
431.5,6.793194095307343,-0.123306088175047,-0.07570446628978186,0.010180712976503394,2.5717544854725425,-0.4345942331150502
431.6,6.782650552871,-0.12342227350917197,-0.07533516624128238,0.010191555360000047,2.56422893696758,-0.4347994540415696
431.70000000000005,6.771931284727385,-0.12353845884329694,-0.07462734114832503,0.010205108339370862,2.5564032899026032,-0.43500467496808903
431.8,6.761080222303316,-0.1236546441774219,-0.07359330101252648,0.010222920826543936,2.548323713286846,-0.43519574272726225
431.90000000000003,6.750229159879247,-0.12377082951154687,-0.07223304583388672,0.010243443909591173,2.5401517986526225,-0.4353938870701086
432.0,6.739334166028359,-0.12388991947902496,-0.07055273061321407,0.010267839272458642,2.5318875459999335,-0.43559203141295494
432.1,6.728527035031108,-0.12400610481314993,-0.06857082035293352,0.010290685723398018,2.523623293347244,-0.43579017575580126
432.20000000000005,6.717807766887494,-0.1241222901472749,-0.06629347005385337,0.010309272666535137,2.515451378713021,-0.4359883200986476
432.3,6.707352087304788,-0.12423847548139987,-0.06374529971920694,0.01032360010187,2.5073948866018796,-0.4361864644414939
432.40000000000003,6.697116064856171,-0.12435466081552483,-0.060938619350610866,0.010334055257384631,2.4995923240415197,-0.4363846087843402
432.5,6.687187562395282,-0.1244708461496498,-0.05789804895129846,0.010340638133079028,2.4920436910319403,-0.43658275312718653
432.6,6.677698374202574,-0.12458412685042164,-0.05464820852450301,0.010342961500971169,2.484841325591608,-0.4367808974700329
432.70000000000005,6.6686045688512285,-0.12469740755119348,-0.051207563072649495,0.010337927537204864,2.478008312225139,-0.436964888645533
432.8,6.660081872048518,-0.1248077836186122,-0.04761304260058786,0.010327859609672257,2.4716831579602316,-0.437134726653687
432.90000000000003,6.652174215221261,-0.12492106431938405,-0.04388926711155141,0.010312370490391324,2.4658889473015027,-0.4373116412455141
433.0,6.644881598369458,-0.1250343450201559,-0.04006701160958176,0.010295719687164322,2.4606949337628015,-0.4374885558373412
433.1,6.638335815773561,-0.12515053035428086,-0.03617705109872054,0.01027674551604518,2.4561472863533607,-0.43766547042916826
433.20000000000005,6.632536867433573,-0.1252638110550527,-0.03225016058300937,0.010253511837123778,2.452269089577797,-0.4378423850209953
433.3,6.62752868477631,-0.12537999638917766,-0.028323270067298203,0.010228342018292263,2.449152681454576,-0.43801222302914933
433.40000000000003,6.62339913065541,-0.12549908635665574,-0.02442099955482033,0.010201623287532652,2.446774977479082,-0.4381891376209764
433.5,6.620148205070871,-0.12561817632413386,-0.02058027905042571,0.010172968416862927,2.4452052311651635,-0.4383589756291304
433.6,6.617775908022693,-0.12574017092496506,-0.016831883558155958,0.010141602950319037,2.444420358008204,-0.4385217370536113
433.70000000000005,6.616326170937697,-0.12586216552579627,-0.0132065880820527,0.010106365203954915,2.4444434425128203,-0.43867742189441916
433.8,6.615798993815879,-0.1259841601266275,-0.009729012625349236,0.010069191317680675,2.445297569183629,-0.4388189535678808
433.90000000000003,6.616194376657242,-0.12610905936081182,-0.006429932192087188,0.010029306835532272,2.4470289070298628,-0.43896048524134246
434.0,6.6175123194617855,-0.1262368632283493,-0.003333966785499857,0.009987873441455776,2.449568202537672,-0.4391090934984772
434.1,6.6197088908026895,-0.12636466709588676,-0.00046573640882053934,0.009939082715720837,2.452938540211674,-0.43925062517193886
434.20000000000005,6.622740159253138,-0.1264895663300711,0.0021562939355257893,0.009881772974381383,2.4571168355472515,-0.4393921568454005
434.3,6.62660612481313,-0.12661446556425543,0.004507504244305831,0.009815556989455396,2.4620338350305553,-0.4395266119351891
434.40000000000003,6.631218924629031,-0.12673646016508666,0.006575584515902936,0.0097392730769968,2.4677126231662023,-0.4396610670249777
434.5,6.636578558700838,-0.12685845476591787,0.008348224748700454,0.009653695692969644,2.4740839464403424,-0.4397884455310932
434.6,6.6425532327480985,-0.12698044936674907,0.009806959940273412,0.009559986521319999,2.4811247203483595,-0.4399158240372087
434.70000000000005,6.649055083917177,-0.12709953933422719,0.010957945091430133,0.009457371106083816,2.488742606871788,-0.44002904937597803
434.8,6.656084112208071,-0.12721862930170527,0.011782715199745645,0.009346623903225144,2.496937606010628,-0.4401422747147473
434.90000000000003,6.663552454767148,-0.12733481463583024,0.012287425266028272,0.009228519368708029,2.505663548755646,-0.4402484234698436
435.0,6.671284385887132,-0.12745390460330833,0.012478230291086337,0.009107704238316751,2.5148280970883765,-0.440368725392286
435.1,6.679279905568025,-0.1275700899374333,0.012348975274111518,0.0089806934602131,2.524385081999587,-0.44048195073105534
435.20000000000005,6.687407219529373,-0.12768627527155826,0.011911970216720464,0.008850584858253262,2.534242165470811,-0.4405880994861516
435.3,6.695578464917538,-0.12780246060568323,0.011179525120529823,0.00871892734436533,2.544376262997433,-0.4406942482412478
435.40000000000003,6.703705778878885,-0.1279186459398082,0.010163949987156244,0.008590754882315609,2.554695036560986,-0.44080039699634405
435.5,6.71165736713296,-0.1280406405406394,0.00887755481821638,0.008468390839996237,2.565106148143005,-0.4409065457514403
435.6,6.719389298252945,-0.1281626351414706,0.0073388046161352,0.00835260967337126,2.575586513238873,-0.4410126945065366
435.70000000000005,6.726769777958385,-0.12828753437565496,0.005572319384146007,0.008244185838404729,2.585974540316276,-0.4411188432616328
435.8,6.733754874822462,-0.12841824287654555,0.003596564124673773,0.008147378842898897,2.596293313879829,-0.44121791543305594
435.90000000000003,6.740212794564721,-0.12854895137743613,0.0014361588409517979,0.008060639774925672,2.6064274114064503,-0.44132406418815223
436.0,6.746099605758346,-0.12868546914503298,-0.0008904314645949447,0.007985517546413147,2.6162844948776747,-0.44143021294324847
436.1,6.751327445549699,-0.1288219869126298,-0.003346276787116506,0.00791736542157704,2.6258183952842686,-0.4415292851146716
436.20000000000005,6.755808451085145,-0.12895850468022665,-0.005906757123379588,0.007855796172435332,2.63491369010315,-0.4416212807024217
436.3,6.759542622364683,-0.1290979270811766,-0.008553407470959215,0.007801971482934088,2.6435242103250856,-0.44172035287384487
436.40000000000003,6.762398165107859,-0.12923734948212656,-0.01124929782500544,0.007755504125091289,2.6515576179316103,-0.441819425045268
436.5,6.764419010741491,-0.12937677188307653,-0.013969808182284965,0.007716394098906933,2.658990828418107,-0.4419184972166912
436.6,6.765517296411944,-0.1295161942840265,-0.016684163538756163,0.00768115635254281,2.6657084192614944,-0.4420246459717874
436.70000000000005,6.765649090692398,-0.12965561668497644,-0.019373898891994066,0.007648629202052851,2.6716873059571546,-0.4421237181432106
436.8,6.764858325009672,-0.1297921344525733,-0.022008239237957045,0.007619199875419078,2.6768582349912395,-0.44222279031463374
436.90000000000003,6.763101067936948,-0.129925747586817,-0.024556409572603476,0.007590545004749351,2.6811750373545156,-0.44232893906973
437.0,6.760377319474227,-0.13006226535441384,-0.027006099894316713,0.007565762413899858,2.6845915440377506,-0.44243508782482627
437.1,6.756774942475143,-0.13019297385530443,-0.029332690199863454,0.007540205367086318,2.6870615860317106,-0.4425412365799225
437.20000000000005,6.752206074086061,-0.1303207777228419,-0.031517715486818726,0.007516584460182896,2.68856207883178,-0.44264738533501874
437.3,6.746758577160618,-0.13044858159037934,-0.033536555751949235,0.007498384745027799,2.6890699379333416,-0.4427464575064419
437.40000000000003,6.740520314552448,-0.1305763854579168,-0.03537690099363833,0.007487542361531146,2.68856207883178,-0.4428596828452112
437.5,6.733491286261553,-0.13070418932545427,-0.03703259621107768,0.007487155133549123,2.687038501527094,-0.4429658316003075
437.6,6.725803286568387,-0.13083489782634486,-0.03849133140265063,0.0074987719730098224,2.6844992060192845,-0.4430790569390768
437.70000000000005,6.7174563154729485,-0.13096560632723545,-0.039734641565932226,0.0075216184239491985,2.6809441923083512,-0.4431781291105
437.8,6.708538235828875,-0.13109921946147915,-0.04076868170173078,0.007557243398295345,2.6763965448989104,-0.4432842778655962
437.90000000000003,6.69922477334344,-0.131235737229076,-0.041587296809237964,0.0076087447199044474,2.670879348295579,-0.44339042662069245
438.0,6.689515928016641,-0.13137515963002597,-0.04219048688845379,0.0076776713007046,2.664415687002973,-0.4435107285431349
438.1,6.679587425555752,-0.1315145820309759,-0.042578251939378246,0.007761312544821639,2.657028645525709,-0.4436239538819042
438.20000000000005,6.66948319738759,-0.13165981369863214,-0.04275674696281966,0.007860055680237588,2.6487413083684035,-0.4437371792206735
438.3,6.65933503779261,-0.13180794999964146,-0.042732126959586364,0.007972739023006376,2.6396229290449056,-0.44385748114311596
438.40000000000003,6.649230809624449,-0.13195608630065078,-0.04251054693048667,0.008099362573128004,2.6297196765644486,-0.44397070648188525
438.5,6.639302307163559,-0.13211003186836637,-0.04211047187794557,0.00823837741867438,2.619077719936265,-0.4440910084043277
438.6,6.629681324690397,-0.13226107280272884,-0.04153805680277137,0.008386685735789315,2.6077663126742046,-0.4441971571594239
438.70000000000005,6.62041179363178,-0.13241501837044442,-0.04081176670738905,0.008543125840526739,2.595854708292116,-0.444289152747174
438.8,6.611669439694978,-0.13256896393816,-0.039950066594223586,0.008705761592976537,2.583435244808466,-0.4443882249185972
438.90000000000003,6.603498194306813,-0.13272290950587556,-0.03895911146408331,0.008873044081210615,2.57060026024172,-0.44448729709002033
439.0,6.596029851747737,-0.13287685507359115,-0.03786352132020151,0.009041101025408739,2.557419008105727,-0.4445863692614435
439.1,6.589308343444569,-0.13302789600795362,-0.036681761165003164,0.009204511233822583,2.5440069109235695,-0.44468544143286665
439.20000000000005,6.583377600824126,-0.13317603230896294,-0.03543229600091325,0.0093625002504881,2.5303870531998642,-0.44478451360428983
439.3,6.578413349593681,-0.13332126397661914,-0.03413974583116506,0.009514293619441245,2.5167210264669255,-0.44488358577571296
439.40000000000003,6.5743277268995985,-0.13346649564427537,-0.03281642065737524,0.009659504112699993,2.5030549997339873,-0.44498265794713615
439.5,6.571208595595514,-0.1336059180452253,-0.03148694048277711,0.009798518958246369,2.4894813110195146,-0.44508173011855934
439.6,6.569099887108246,-0.13374534044617528,-0.030163615308987292,0.00992901478818823,2.476069213837357,-0.4451737257063094
439.70000000000005,6.567957670010975,-0.13388185821377213,-0.0288710651392391,0.010052153286471648,2.4629341307105967,-0.4452515681267133
439.8,6.567869807157339,-0.13401837598136895,-0.02762775497595751,0.010169483365024717,2.4501683996577,-0.4453294105471172
439.90000000000003,6.568748435693701,-0.13415198911561266,-0.02645214982156749,0.010282941163757551,2.4378874432017485,-0.44540017638384805
440.0,6.570549624193243,-0.1342885068832095,-0.02535655967768569,0.010394850050562295,2.4261374303519756,-0.445478018804252
440.1,6.573317304082782,-0.13442502465080633,-0.02435329454592876,0.010502112201582755,2.415033783631463,-0.4455558612246559
440.20000000000005,6.576919681081867,-0.1345644470517563,-0.02346697442953,0.010607050984711078,2.4045995875448276,-0.4456337036450598
440.3,6.5813128237636755,-0.13470096481935315,-0.02269759932848941,0.010709279171965236,2.3949502646151517,-0.4457115460654637
440.40000000000003,6.586452800701393,-0.13484329185365623,-0.022057479244423642,0.010809571219309278,2.386155068356284,-0.44578231190219453
440.5,6.592251749041381,-0.13498561888795932,-0.021558924178949338,0.010907152670779158,2.378237083272842,-0.44586015432259846
440.6,6.598577874503187,-0.13512794592226238,-0.021214244133683155,0.011000087386464756,2.3712655628786736,-0.4459167669919831
440.70000000000005,6.605387245659991,-0.1352731775899186,-0.021017284107816763,0.011089537050312145,2.3652866761830134,-0.4459663030776947
440.8,6.612548068231341,-0.1354184092575748,-0.020980354102966815,0.011174727206357277,2.360392761204326,-0.4460087625797332
440.90000000000003,6.619972479363598,-0.13556654555858413,-0.02110345411913331,0.011257593994510269,2.356560733437995,-0.4460582986654448
441.0,6.62752868477631,-0.13571468185959348,-0.021380429155507922,0.01133349067898684,2.3538598463978704,-0.44610783475115634
441.1,6.635172753042659,-0.1358599135272497,-0.021817434212898976,0.011398157751984737,2.352313184588568,-0.44615737083686796
441.20000000000005,6.642728958455371,-0.136008049828259,-0.02240831429049815,0.011451207985521933,2.351897663505472,-0.4461998303389064
441.3,6.650109438160811,-0.1361532814959152,-0.02315306938830544,0.011490705239688313,2.3526363676531985,-0.44624228984094494
441.40000000000003,6.657226329305342,-0.1362956085302183,-0.024045544505512526,0.011516649514483876,2.3545292970317475,-0.44627767275931035
441.5,6.663947837608511,-0.13643793556452138,-0.025073429640502753,0.011529040809908622,2.357576451641119,-0.44631305567767576
441.6,6.670230031643498,-0.13657445333211823,-0.0262305697924678,0.011527104669998506,2.3617085779674634,-0.4463413620123681
441.70000000000005,6.675897185703032,-0.1367138757330682,-0.02751080996059934,0.01151239000668162,2.3669256760107813,-0.44636259176338733
441.8,6.680993231213931,-0.1368474888673119,-0.028901840143280726,0.011484122363993916,2.3732508302756883,-0.44637674493073354
441.90000000000003,6.685342442468922,-0.13698400663490873,-0.030403660340511954,0.011446561249737653,2.3805917027437196,-0.44640505126542585
442.0,6.688944819468006,-0.13711761976915246,-0.03199165054905973,0.01139970666391283,2.388925208910258,-0.4464262810164451
442.1,6.691712499357545,-0.13725123290339616,-0.033665810768924054,0.011343558606519448,2.3981820952614545,-0.44644751076746436
442.20000000000005,6.6936454821375415,-0.13738484603763987,-0.03540767599767995,0.011281602129395715,2.4082931082834595,-0.4464616639348105
442.3,6.69461197352754,-0.13752136380523672,-0.03721109123451909,0.01121693505639782,2.4192120789670404,-0.44647581710215667
442.40000000000003,6.694699836381176,-0.13765788157283354,-0.03906374647782483,0.011152655211381948,2.4308928383029644,-0.4464970468531759
442.5,6.693821207844814,-0.1377973039737835,-0.040947176725172195,0.011091085962240238,2.443243048272765,-0.4465112000205221
442.6,6.6920639507720905,-0.1379396310080866,-0.04285522697575286,0.011030678397044599,2.4561472863533607,-0.4465182766041952
442.70000000000005,6.689340202309369,-0.1380848626757428,-0.044769432227141845,0.010974143111669193,2.469605552544751,-0.44652535318786823
442.8,6.685781756737103,-0.13823299897675212,-0.04668979247933915,0.010923416246024137,2.4835255088284702,-0.44653242977154134
442.90000000000003,6.681344682628476,-0.13838113527776147,-0.04859168772911149,0.01087733611616336,2.4977917326814367,-0.44653950635521444
443.0,6.676072911410304,-0.1385321762121239,-0.05046896297565053,0.010832417670248654,2.5123118860851834,-0.4465536595225606
443.1,6.670098237363043,-0.13868321714648638,-0.052315463218147944,0.010786724768369902,2.5270398000304786,-0.4465536595225606
443.20000000000005,6.663376729059875,-0.13883425808084884,-0.05411272345417876,0.010739482954563055,2.5418138829850068,-0.4465536595225606
443.3,6.655996249354436,-0.13898529901521128,-0.05584843368212633,0.010691466684792162,2.5566110504441513,-0.4465536595225606
443.40000000000003,6.648088592527179,-0.13913343531622063,-0.05752259390199065,0.010644224870985318,2.57131587988483,-0.4465536595225606
443.5,6.639653758578104,-0.13928447625058307,-0.059110584110538426,0.010595046917268354,2.585789864279344,-0.44656073610623365
443.6,6.6308235417876675,-0.1394297079182393,-0.06061240430776966,0.010542771139695204,2.599986834618461,-0.4465536595225606
443.70000000000005,6.6215979421558675,-0.1395749395858955,-0.0620157444920677,0.010489333678175986,2.6137682838744816,-0.4465536595225606
443.8,6.61210875396316,-0.1397172666201986,-0.06330213966100756,0.010432411164818557,2.62711112754279,-0.4465536595225606
443.90000000000003,6.602399908636361,-0.13985668902114853,-0.06447158981458925,0.010375101423479104,2.6398537740910704,-0.4465536595225606
444.0,6.592559269029108,-0.1399961114220985,-0.06551793995200446,0.010315855542229534,2.65195005451009,-0.4465536595225606
444.1,6.5825868351414005,-0.1401297245563422,-0.06642272507082819,0.010255835205015919,2.663307630781383,-0.4465465829388875
444.20000000000005,6.572614401253693,-0.14026624232393906,-0.06717979017025213,0.010200461603586583,2.6738341648864847,-0.4465465829388875
444.3,6.562641967365986,-0.14039985545818276,-0.06777682524865963,0.010152058105833667,2.6834604033115443,-0.44653950635521444
444.40000000000003,6.552801327758733,-0.1405363732257796,-0.06821383030605069,0.010115658675523474,2.6921401770473294,-0.44653950635521444
444.5,6.543004619578298,-0.14067289099337643,-0.06847234034000033,0.010092812224584097,2.6997811480753744,-0.44653242977154134
444.6,6.5333836371051355,-0.1408123133943264,-0.06854620034970021,0.010083518753015538,2.706337147386446,-0.44652535318786823
444.70000000000005,6.523894448912427,-0.14095464042862949,-0.06842925533434205,0.010091650540638028,2.711808174980545,-0.4465112000205221
444.8,6.5146688492806275,-0.1410998720962857,-0.0681153502931175,0.01011875649937966,2.716124977343821,-0.44650412343684903
444.90000000000003,6.5056189753561,-0.141248008397295,-0.06759833022521822,0.010166772769150553,2.719241385467042,-0.44650412343684903
445.0,6.496788758565663,-0.1414019539650106,-0.06686588512902757,0.010232214298112496,2.7211804838548237,-0.4464970468531759
445.1,6.488222130336134,-0.14155589953272618,-0.06591186000373724,0.010314306630301442,2.721873018993317,-0.4464899702695028
445.20000000000005,6.479875159240697,-0.14171274973379488,-0.06473625484934722,0.010411500853789297,2.7213420753871387,-0.44647581710215667
445.3,6.4717917767061675,-0.1418695999348636,-0.06332675966424085,0.010523409740594038,2.719610737540905,-0.4464687405184836
445.40000000000003,6.463971982732547,-0.14202935476928544,-0.06168337444841816,0.010647709922823528,2.7166559209499996,-0.4464616639348105
445.5,6.456371845893017,-0.14218620497035414,-0.0597999442010708,0.010781303576621576,2.712546879128271,-0.44644751076746436
445.6,6.449079229041213,-0.14234305517142284,-0.05767646892219877,0.01092264179006009,2.7072836120757207,-0.4464262810164451
445.70000000000005,6.4420062693235,-0.14249990537249155,-0.055306793610993756,0.011067465055336815,2.700935373306197,-0.44640505126542585
445.8,6.435284761020331,-0.142650946306854,-0.052697073268264075,0.011213062776577586,2.6935714163335494,-0.4463908980980797
445.90000000000003,6.428782909851254,-0.14280198724121645,-0.04984115289320141,0.011359822181764427,2.6852148256623947,-0.44637674493073354
446.0,6.4226325100967205,-0.14295012354222578,-0.0467513424874224,0.011500773167220918,2.6759348548065818,-0.4463555151797143
446.1,6.416789630329914,-0.14308954594317574,-0.04342764205092706,0.011637464644875153,2.66580075727996,-0.4463413620123681
446.20000000000005,6.411298201977652,-0.1432289683441257,-0.03988236158533202,0.011769896614727132,2.654858702091763,-0.4463272088450219
446.3,6.406158225039935,-0.14336258147836942,-0.03611550109063729,0.011898456304758878,2.643224111765072,-0.44631305567767576
446.40000000000003,6.401413630943581,-0.14349619461261312,-0.03214552556926785,0.012024692626898483,2.630966239813737,-0.4462989025103296
446.5,6.39706441968859,-0.14362690311350373,-0.027978590022032016,0.01214899280912797,2.6181774242562237,-0.44627767275931035
446.6,6.39315452270178,-0.14375470698104117,-0.023633159451354767,0.012271744079429365,2.6049038341017647,-0.44624228984094494
446.70000000000005,6.389771802836786,-0.14388251084857864,-0.019127698859661077,0.01239565703367683,2.591307060882676,-0.4461998303389064
446.8,6.386872328666792,-0.1440103147161161,-0.014486828250184242,0.012523442267744529,2.577456358112806,-0.446164447420541
446.90000000000003,6.384587894472251,-0.1441410232170067,-0.009722857624540912,0.012657810377506623,2.563467148315237,-0.4461290645021756
447.0,6.382874568826345,-0.1442746363512504,-0.004860406985964386,0.012794889083142882,2.5494086850038187,-0.4460936815838102
447.1,6.381776283155893,-0.144405344852141,7.590366231203565e-05,0.01293661452456342,2.5353733061970174,-0.4460582986654448
447.20000000000005,6.381424831741349,-0.14454186261973784,0.00505529931624673,0.01308221224580419,2.5214764344179144,-0.44602291574707936
447.3,6.381732351729075,-0.14467838038733466,0.010047004971798074,0.013231295018883173,2.5077873231803594,-0.44598753282871395
447.40000000000003,6.382786705972709,-0.14481780278828463,0.015032555626541095,0.013383862843800364,2.4943983105028185,-0.44595214991034854
447.5,6.384631825899069,-0.1449572251892346,0.019968866274817518,0.013536430668717556,2.4813786498991406,-0.445902613824637
447.6,6.387267711508155,-0.14509955222353768,0.02483131691339404,0.01368706235372463,2.468820679387792,-0.4458460011552523
447.70000000000005,6.390738294226784,-0.14523897462448765,0.029582977537420722,0.013834208986893495,2.456816736987238,-0.44578231190219453
447.8,6.395043574054958,-0.1453783970254376,0.03419307314285593,0.013976321656296056,2.445436076211328,-0.4457186226491368
447.90000000000003,6.400227482419492,-0.14552072405974067,0.03862467372484973,0.014112238677986244,2.434771035078528,-0.44566200997975214
448.0,6.406246087893571,-0.14565724182733752,0.04285315928016881,0.014235377176269663,2.4248446980934544,-0.44559832072669436
448.1,6.41318725333083,-0.14579085496158123,0.0468354448031549,0.014343413783254171,2.4157263187699565,-0.44553463147363664
448.20000000000005,6.420919184450815,-0.14592446809582493,0.05054075528976638,0.014435961270957746,2.4074620661172674,-0.44547094222057887
448.3,6.429573675533979,-0.1460522719633624,0.053944470736769945,0.014511083499470272,2.40009810914462,-0.44540725296752115
448.40000000000003,6.439018932299869,-0.14617426656419363,0.05700966113931565,0.014568393240809725,2.393680616861247,-0.4453435637144634
448.5,6.449211023321667,-0.14629626116502484,0.0597117064941702,0.01460750326699408,2.388209589267148,-0.44526572129405945
448.6,6.460193880026191,-0.1464124464991498,0.0620259867981003,0.01462841357802334,2.3836850263623237,-0.4451737257063094
448.70000000000005,6.471879639559804,-0.14652572719992166,0.06392172704706431,0.014633834769771667,2.38019926616524,-0.44507465353488623
448.8,6.484224370495688,-0.14663610326734036,0.06537430723782894,0.014627639122059295,2.3777061396666634,-0.44498265794713615
448.90000000000003,6.4971841414070255,-0.1467464793347591,0.06637757236958587,0.014609439406904198,2.3762287313712105,-0.44489066235938607
449.0,6.510627158013363,-0.1468568554021778,0.06690074743829347,0.014578073940360307,2.375743956774265,-0.444798666771636
449.1,6.5245094888878805,-0.1469643268362434,0.06693767744314343,0.014538189458211906,2.3762287313712105,-0.44469959460021286
449.20000000000005,6.538743271176942,-0.14707470290366212,0.06647605238251907,0.01448978596045899,2.3776830551620467,-0.44459344584511656
449.3,6.553240642026914,-0.14718507897108082,0.06550971725561208,0.014435961270957746,2.380037674632925,-0.44448729709002033
449.40000000000003,6.567869807157339,-0.14729545503849956,0.06403251706161416,0.01437826430163627,2.3832925897838444,-0.4443811483349241
449.5,6.582542903714582,-0.14740583110591826,0.062056761802141924,0.014315533368548492,2.387378547100956,-0.44426792299615475
449.6,6.597128137418189,-0.1475191118066901,0.059570141475578736,0.014250479067568572,2.392272462079643,-0.44414054449003926
449.70000000000005,6.611581576841343,-0.14763239250746196,0.0565972760851579,0.01418271417071449,2.39795125021529,-0.44402024256759687
449.8,6.625771427703587,-0.14774857784158693,0.053138165630879405,0.014114562045878383,2.4043456579940465,-0.4438999406451544
449.90000000000003,6.63952196429765,-0.1478647631757119,0.04921743011597656,0.014044086553150138,2.411386431902064,-0.44378671530638514
450.0,6.652789255196715,-0.14798094850983687,0.04484737954206602,0.013966253728763449,2.4190504874347254,-0.44365933680026964
450.1,6.6653975746935075,-0.1480942292106087,0.04005878891318939,0.013881450800700341,2.427268571078182,-0.44353195829415415
450.20000000000005,6.677302991361211,-0.14821041454473366,0.03487627823257998,0.013789677768960812,2.4359714293185832,-0.44339750320436555
450.3,6.688373710919371,-0.1483207906121524,0.029330622504279407,0.013692096317490934,2.445135977651314,-0.44327012469825006
450.40000000000003,6.698521870514351,-0.14843407131292424,0.02345875173313763,0.013589480902254751,2.4546467935532914,-0.44314274619213456
450.5,6.7076156758656955,-0.14854444738034295,0.01729759592400459,0.013479120927378102,2.4644577080152827,-0.44301536768601907
450.6,6.715611195546589,-0.14865191881440853,0.010884085081730235,0.013362178076807058,2.4745225520280547,-0.44288091259623047
450.70000000000005,6.722420566703393,-0.148756485615121,0.0042613042119728425,0.013239426806505663,2.484772072077759,-0.442753534090115
450.8,6.727999857909292,-0.14886105241583347,-0.0025215066788009943,0.013110092660509871,2.4951600991551612,-0.4426332321676726
450.90000000000003,6.732217274883828,-0.14896271458319282,-0.009427417585741326,0.012974175638819682,2.5055942952417967,-0.4425058536615571
451.0,6.735116749053822,-0.14906147211719906,-0.016401033501573226,0.012831675741435098,2.516028491328432,-0.4423713985717685
451.1,6.736610417565638,-0.14916022965120526,-0.02339926942063843,0.012685690792212304,2.526370349396602,-0.44223694348197995
451.20000000000005,6.736698280419274,-0.14925608255185838,-0.030379040337278656,0.012541254754917602,2.5366198694463056,-0.4421095649758644
451.3,6.735380337614731,-0.14935484008586458,-0.03727879624341066,0.01240146545340718,2.5466616289544612,-0.4419821864697489
451.40000000000003,6.732656589152009,-0.14945359761987081,-0.0440616071341845,0.01226632288768104,2.5564494589118363,-0.4418618845473065
451.5,6.728527035031108,-0.14955525978723017,-0.050678233003133566,0.01213737596966727,2.5659141058045805,-0.4417415826248641
451.6,6.723035606678847,-0.14965692195458952,-0.0570855888445996,0.012015011927347899,2.5750324851280784,-0.44161420411874863
451.70000000000005,6.716226235522043,-0.14975858412194884,-0.06323443465211599,0.011899230760722924,2.583781512377713,-0.4414939021963062
451.8,6.708142852987513,-0.14986315092266134,-0.06909399542164112,0.011793517521630555,2.5920457650304023,-0.44138067685753685
451.90000000000003,6.698829390502077,-0.1499677177233738,-0.0746150311467084,0.011695936070160676,2.599802158581529,-0.44126037493509446
452.0,6.688417642346189,-0.15007228452408627,-0.0797729218240845,0.011603775810439124,2.607027608526478,-0.44114007301265207
452.1,6.676995471373484,-0.15017975595815186,-0.08452458244811117,0.011518585654393992,2.613652861351399,-0.4410268476738827
452.20000000000005,6.664562877583964,-0.15028432275886433,-0.08885154801636345,0.011439591146061233,2.619654832551676,-0.4409065457514403
452.3,6.651339518111717,-0.15039179419292992,-0.09272919852560803,0.011365630601494777,2.625010437622693,-0.440793320412671
452.40000000000003,6.637413255810381,-0.1504963609936424,-0.09613291397261159,0.011298640160604742,2.6296965920598323,-0.4406871716575747
452.5,6.6228719535335925,-0.15060092779435486,-0.09904422935494918,0.011234747543570893,2.6336671268538616,-0.4405668697351323
452.6,6.607803474134986,-0.15070549459506732,-0.10145698967181248,0.011173565522411206,2.636922042004781,-0.440453644396363
452.70000000000005,6.5924274747486535,-0.15080715676242668,-0.10336503992239314,0.011115868553089731,2.6394613375125906,-0.44034041905759363
452.8,6.57683181822823,-0.15090881892978603,-0.10476222510588284,0.011062043863588488,2.6412388443680572,-0.4402342703024974
452.90000000000003,6.561148298854171,-0.15100757646379226,-0.1056485452222816,0.01100860640206927,2.6422776470757974,-0.44012812154740116
453.0,6.545508710906929,-0.15110342936444535,-0.10603631027320606,0.010955943396514097,2.6425546611311947,-0.44002904937597803
453.1,6.53004484866696,-0.15119928226509843,-0.10592552025865622,0.010905603758851063,2.6420929710388656,-0.43992290062088174
453.20000000000005,6.514888506414717,-0.1512922305323984,-0.10534695018267369,0.01085874917302624,2.6408464077895775,-0.4398238284494586
453.3,6.500171478430656,-0.1513851787996984,-0.10430060004525848,0.010818477462895815,2.638884224897179,-0.4397176796943624
453.40000000000003,6.48602555899523,-0.15147812706699837,-0.10282339985126056,0.010784788628459786,2.6361833378570547,-0.4396115309392661
453.5,6.472538610962075,-0.15157107533429834,-0.10092765960229655,0.010758069897700175,2.6327899156784365,-0.4394912290168237
453.6,6.459842428611646,-0.15166692823495143,-0.0986503093032164,0.01074103186649115,2.6287039583613248,-0.4393709270943813
453.70000000000005,6.448068806224397,-0.15176278113560454,-0.0960098139564451,0.010731738394922589,2.6240178039241853,-0.43925062517193886
453.8,6.437305606653964,-0.15185863403625763,-0.09305541356844924,0.010734448990796753,2.6187314523670184,-0.43913032324949647
453.90000000000003,6.427596761327165,-0.15195739157026386,-0.08980557314165379,0.010744904146311383,2.6128910726990564,-0.439010021327054
454.0,6.419074064524454,-0.15205614910427007,-0.08630953268252535,0.01076310386146648,2.6065197494249164,-0.43888971940461163
454.1,6.411781447672651,-0.15215781127162942,-0.08259806719510554,0.010789435364244065,2.5996636515538305,-0.43876941748216924
454.20000000000005,6.405762842198572,-0.15225656880563565,-0.07870810668424433,0.010821575286752,2.592392032599649,-0.4386491155597268
454.3,6.4010621795290366,-0.152358230972995,-0.07467658115479163,0.010858361945044217,2.584704892562371,-0.4385288136372844
454.40000000000003,6.397679459664043,-0.15245989314035432,-0.07054657561240575,0.01089708474324655,2.576694569460463,-0.4383943585474958
454.5,6.395658614030411,-0.15255574604100744,-0.06635502006193662,0.010934645857502813,2.568361063293924,-0.43825282687403416
454.6,6.3949996426281395,-0.15265450357501364,-0.06213884450823419,0.01097143251579503,2.5597967120812215,-0.4381112952005725
454.70000000000005,6.395702545457229,-0.15275035647566676,-0.05792882395534008,0.011006670262159152,2.5510476848315866,-0.43796268694343776
454.8,6.397679459664043,-0.15284330474296673,-0.05376188840810425,0.011039971868613158,2.5421601505542535,-0.43782823185364916
454.90000000000003,6.4009743166754,-0.1529362530102667,-0.04967496787137664,0.011065528915426698,2.533203362763071,-0.4376867001801875
455.0,6.4054553222108455,-0.15302339201086043,-0.045686527347582225,0.011082179718653702,2.5242004059626555,-0.43754516850672587
455.1,6.411034613416744,-0.15310762637810102,-0.04183349684157095,0.011089537050312145,2.51519744916224,-0.4373965602495911
455.20000000000005,6.417712190293094,-0.1531889561119885,-0.038140496356576126,0.011089149822330122,2.506263745875674,-0.43725502857612947
455.3,6.42540018998626,-0.15326738121252287,-0.03463214589583104,0.011081792490671679,2.4974223806075733,-0.43711349690266776
455.40000000000003,6.433878955362152,-0.15334290167970407,-0.03132075546095234,0.011067852283318838,2.488742606871788,-0.43695781206185996
455.5,6.44314848642077,-0.1534184221468853,-0.028224790054365005,0.011048490884217672,2.480224424668318,-0.43679505063737906
455.6,6.4530769888816595,-0.15349103798071342,-0.02535655967768569,0.011025644433278295,2.4719370875110123,-0.43662521262922505
455.70000000000005,6.4635326684643655,-0.15356655844789466,-0.022728374332531037,0.011001636298392849,2.4639729334183373,-0.43646245120474414
455.8,6.474427662315253,-0.15364207891507586,-0.020352544020517695,0.010978789847453473,2.4563319623902924,-0.43629968978026323
455.90000000000003,6.485586244727049,-0.15371469474890398,-0.018222913740837343,0.010954394484586003,2.4490603434361105,-0.4361369283557823
456.0,6.496920552846118,-0.15379311984943833,-0.01635179349510663,0.01093077357768258,2.4421811610604083,-0.4359741669313014
456.1,6.5082987923920035,-0.15386864031661956,-0.01473302828251723,0.010907539898761181,2.435763668777035,-0.4358043289231474
456.20000000000005,6.519633100511072,-0.15394706541715392,-0.013360463102260819,0.010886242359749897,2.4298078665859912,-0.4356415674986665
456.3,6.530747751496049,-0.15402549051768827,-0.01222794295352907,0.010866106504684683,2.4243368389918927,-0.4354717294905125
456.40000000000003,6.541598813920118,-0.15410682025157574,-0.011329312835513663,0.010845196193655425,2.419396755003972,-0.43530189148235854
456.5,6.552010562076007,-0.1541881499854632,-0.010652262746597944,0.010824673110608187,2.4150106991268467,-0.4351179003068584
456.6,6.5619390645368965,-0.1542694797193507,-0.01019063768597359,0.010803375571596906,2.4112017558651324,-0.4349339091313582
456.70000000000005,6.571340389875968,-0.15435080945323817,-0.009919817650407302,0.010780141892675505,2.408039178732679,-0.43475699453953115
456.8,6.580082743812769,-0.15443504382047876,-0.009839802639899082,0.010755746529808036,2.4054767987202528,-0.434573003364031
456.90000000000003,6.58812219492048,-0.15451637355436626,-0.009919817650407302,0.010724381063264146,2.403537700332471,-0.43439608877220387
457.0,6.595414811772284,-0.1545947986549006,-0.010153707681123642,0.010684883809097767,2.40224496807395,-0.4342120975967037
457.1,6.6019166629413615,-0.15467322375543496,-0.010523007729623125,0.010636093083362828,2.401575517440073,-0.43403518300487665
457.20000000000005,6.607583817000896,-0.15474583958926305,-0.011009252793480776,0.010577234430095282,2.401552432935456,-0.4338511918293765
457.3,6.612372342524068,-0.15481845542309117,-0.01160013287107995,0.010509082305259175,2.402152630055484,-0.43366012407020327
457.40000000000003,6.616326170937697,-0.15488816662356614,-0.012277182959995669,0.010430862252890463,2.4033761088001557,-0.4334761328947031
457.5,6.6194013708149635,-0.154954973190688,-0.013021938057802959,0.010342961500971169,2.4051997846648554,-0.4332779885518568
457.6,6.621685805009504,-0.15501887512445672,-0.013822088162885172,0.010245767277483312,2.4076698266588155,-0.4330798442090104
457.70000000000005,6.623135542094501,-0.15507987242487234,-0.014671478274433982,0.010141602950319037,2.410716981268187,-0.4328887764498372
457.8,6.623794513496772,-0.15514086972528796,-0.015545488389216093,0.010031630203424412,2.4143412484929696,-0.43269770869066393
457.90000000000003,6.623750582069954,-0.15520186702570354,-0.016437963506423178,0.00991275121294325,2.4184964593239306,-0.4324995643478176
458.0,6.623047679240865,-0.15525705505941292,-0.017342748625246908,0.009788838258695785,2.42318261376107,-0.4323014200049713
458.1,6.621685805009504,-0.1553151477264754,-0.01824753374407064,0.00966144025261011,2.4283304582905383,-0.432103275662125
458.20000000000005,6.619796753656326,-0.1553732403935379,-0.019146163862086053,0.009535203930470505,2.4339399929123355,-0.43190513131927866
458.3,6.617468388034967,-0.15543133306060036,-0.020038638979293134,0.009410903748241018,2.4399419641126125,-0.43170698697643234
458.40000000000003,6.614700708145427,-0.15549233036101598,-0.02090649409326692,0.009288539705921646,2.4463363718913693,-0.4315017660499129
458.5,6.611581576841343,-0.15555332766143157,-0.021762039205624056,0.00916927348745846,2.4530308782301398,-0.43128946853972044
458.6,6.6082867198299855,-0.15561432496184718,-0.02259296431474789,0.009052717864869438,2.4600485676335406,-0.4310771710295279
458.70000000000005,6.604860068538174,-0.15567822689561592,-0.02341157942225508,0.008941970662010766,2.4673201865877226,-0.4308719501030085
458.8,6.601345554392727,-0.15574503346273777,-0.024205574526528967,0.008836257422918398,2.474776481578836,-0.430659652592816
458.90000000000003,6.597874971674097,-0.15581184002985962,-0.02498110462837788,0.0087317058677721,2.4823712835976477,-0.4304544316662966
459.0,6.594448320382286,-0.15587574196362836,-0.02575047972941847,0.008629090452535917,2.4900584236349257,-0.43024213415610413
459.1,6.591241326224565,-0.1559425485307502,-0.026507544828842412,0.008527249493263783,2.49776864817682,-0.43002983664591166
459.20000000000005,6.5882979206277525,-0.15600645046451894,-0.027258454927458025,0.00842695744591974,2.5054327037094817,-0.4298104625520461
459.3,6.585618103591849,-0.15607035239828768,-0.02800936502607364,0.008329375994449861,2.5129813367190605,-0.42959816504185355
459.40000000000003,6.58328973797049,-0.1561342543320564,-0.02876643012549758,0.008232956226926052,2.520391462700941,-0.429378790947988
459.5,6.581356755190494,-0.15619815626582514,-0.029535805226538172,0.008138085371330338,2.5275476591320407,-0.4291594168541224
459.6,6.579863086678679,-0.15625915356624076,-0.03031749032919541,0.008045537883626762,2.534449926012359,-0.4289329661765838
459.70000000000005,6.578852663861863,-0.1563230555000095,-0.031111485433469296,0.00795686267574342,2.5410290098280477,-0.4287135920827182
459.8,6.578369418166863,-0.15638405280042508,-0.03193010054097648,0.007870123607770195,2.5471694880560234,-0.4284942179888526
459.90000000000003,6.578325486740045,-0.15644214546748758,-0.03277333565171697,0.007782610083832922,2.5528713606962863,-0.42827484389498705
460.0,6.5787648010082265,-0.15649733350119693,-0.033641190765690755,0.007697032699805767,2.558042289730371,-0.42804839321744836
460.1,6.5797312923982245,-0.15655252153490629,-0.03453366588289784,0.007615327595598844,2.5626361061490446,-0.42782194253990974
460.20000000000005,6.581137098056403,-0.15660770956861567,-0.03545691600414655,0.007539818139104295,2.5666066409430743,-0.42759549186237106
460.3,6.582938286555946,-0.15666580223567814,-0.03639863112782023,0.0074728276982142594,2.5699077251032265,-0.4273690411848324
460.40000000000003,6.585178789323668,-0.1567209902693875,-0.037358811253918885,0.00741358181696469,2.5725162741248853,-0.42713551392362065
460.5,6.587726812079118,-0.15677617830309687,-0.038337456382442514,0.007362080495355587,2.574386118998818,-0.4269019866624089
460.6,6.590626286249112,-0.15683136633680622,-0.03932225651177447,0.0073206471012790915,2.5755172597250238,-0.4266684594011972
460.70000000000005,6.593745417553197,-0.1568894590038687,-0.040313211641914745,0.007290830546663295,2.5758866117988872,-0.4264420087236585
460.8,6.597084205991371,-0.1569504563042843,-0.041291856770438375,0.007270694691598082,2.575471090715791,-0.42622263462979293
460.90000000000003,6.600554788710001,-0.15700854897134678,-0.04225819189734536,0.007257916168191312,2.5742706964757356,-0.4259961839522543
461.0,6.604113234282266,-0.15706664163840928,-0.04319375202021072,0.007253656660389056,2.5723085135833372,-0.4257626566910426
461.1,6.607671679854532,-0.15712473430547175,-0.044092382138226124,0.007258303396173335,2.5695383730293635,-0.4255362060135039
461.20000000000005,6.6111422625731615,-0.15718282697253425,-0.044941772249774935,0.007271081919580105,2.566029528327663,-0.4253097553359652
461.3,6.614524982438155,-0.15724091963959672,-0.045723457352432176,0.0072916050026273415,2.56175889497362,-0.4250833046584266
461.40000000000003,6.617775908022693,-0.1572990123066592,-0.046431282445389514,0.007316774821458858,2.5567726419764663,-0.42484977739721486
461.5,6.620763245046324,-0.15735710497372168,-0.04704062752541366,0.007346978604056678,2.551116938345436,-0.42461625013600307
461.6,6.6234869935090455,-0.15741229300743106,-0.047551492592504616,0.007381054666474731,2.5448379530897616,-0.42438979945846445
461.70000000000005,6.625947153410859,-0.15746748104114042,-0.04793925764342907,0.007421326376605157,2.537981855218676,-0.42416334878092576
461.8,6.62801193047131,-0.15751976444149665,-0.04820392267818703,0.0074635342266457,2.5305717292367955,-0.4239510512707333
461.90000000000003,6.629725256117215,-0.15757204784185289,-0.04832702269435353,0.007505742076686243,2.522653744153353,-0.4237316771768677
462.0,6.631043198921758,-0.157621426608856,-0.048296247690311905,0.007549111610672855,2.5142971534821985,-0.42351230308300214
462.1,6.631965758884938,-0.15766790074250597,-0.048105442665253836,0.007593642828605538,2.5055712107371804,-0.42329292898913656
462.20000000000005,6.632405073153119,-0.1577172795095091,-0.047748452618371004,0.007641271870394407,2.496522084927532,-0.4230806314789441
462.3,6.632449004579937,-0.1577637536431591,-0.0472252775496634,0.007693160419985533,2.487242114071719,-0.4228612573850785
462.40000000000003,6.6320975531653925,-0.15781022777680906,-0.04651745245670606,0.007746985109486776,2.477754382674358,-0.42264188329121294
462.5,6.631306787482667,-0.15785670191045906,-0.04563728734111563,0.007807005446700392,2.4681973977631477,-0.42241543261367426
462.6,6.6302085018122145,-0.15790317604410903,-0.04457247220127545,0.007871285291716264,2.4586634973565538,-0.4221960585198087
462.70000000000005,6.628758764727217,-0.15795255481111214,-0.04333531703880218,0.00794176078444451,2.4492219349684254,-0.4219766844259431
462.8,6.6270015076544935,-0.15800193357811526,-0.041925821853695824,0.008014172417082872,2.4399188796079962,-0.42175731033207753
462.90000000000003,6.625024593447679,-0.15805131234511838,-0.040350141646764696,0.008088132961649327,2.4308928383029644,-0.4215308596545389
463.0,6.6228719535335925,-0.15810069111212147,-0.03862058641962545,0.00816286796217983,2.4221668955579463,-0.4213114855606733
463.1,6.620543587912233,-0.15815006987912458,-0.03673715617227809,0.00823953910262045,2.413856473896024,-0.4210991880504808
463.20000000000005,6.618171290864057,-0.15820235327948082,-0.03471831590714758,0.008316210243061069,2.4060308268310475,-0.4208868905402883
463.3,6.615798993815879,-0.15825173204648393,-0.03257637562585058,0.008389396331663477,2.3987361233722493,-0.42066751644642275
463.40000000000003,6.613426696767703,-0.15830111081348705,-0.03032980033081206,0.008457548456499583,2.392064701538095,-0.420433989185211
463.5,6.61118619399998,-0.15834758494713702,-0.027990900023648665,0.008519504933623315,2.386062730337818,-0.42020046192399924
463.6,6.609165348366347,-0.15839405908078702,-0.025584294707593703,0.008574491307070628,2.3808225477898843,-0.4199669346627875
463.70000000000005,6.607364159866806,-0.15843762858108387,-0.023122294384263817,0.008625218172715684,2.376390322903526,-0.4197404839852489
463.8,6.605914422781808,-0.15848119808138075,-0.020635674057700632,0.008665877110828134,2.372812224687976,-0.4195140333077102
463.90000000000003,6.6047722056845375,-0.1585218629483245,-0.018130588728712472,0.00869569366544393,2.370111337647851,-0.4192875826301715
464.0,6.604069302855448,-0.1585596231819151,-0.015643968402149287,0.008714667836563073,2.368310746287768,-0.4190611319526329
464.1,6.603849645721358,-0.15859738341550572,-0.013188123079627726,0.008721637940239493,2.367479704121576,-0.4188346812750942
464.20000000000005,6.6041571657090845,-0.1586322390157432,-0.010787672764381088,0.008718540116383306,2.3675720421400417,-0.41861530718122864
464.3,6.60494793139181,-0.15866418998262757,-0.008473392460450995,0.008704987137012489,2.3686339293523986,-0.4183817799200169
464.40000000000003,6.606309805623171,-0.1586932363161588,-0.006251437168645772,0.008682527914055136,2.3706422812540295,-0.418134099491459
464.5,6.6082867198299855,-0.15872228264969004,-0.004152581893007044,0.008654647499349457,2.3735970978449354,-0.4178864190629011
464.6,6.610878674012253,-0.15875423361657443,-0.0021952916359597842,0.008622120348859497,2.377544548134348,-0.41764581521801625
464.70000000000005,6.614085668169974,-0.15878327995010566,-0.00039803139992896746,0.008588044286441445,2.382392294103803,-0.41740521137313147
464.8,6.61786377087633,-0.15881523091699,0.0012207338126604328,0.008549321488239111,2.388140335753299,-0.41715753094457353
464.90000000000003,6.622300844984958,-0.1588471818838744,0.002648694000191767,0.008508275322144638,2.3947886730828363,-0.4169169270996887
465.0,6.627265096215402,-0.15887913285075875,0.0038673841602400606,0.008464905788158027,2.402221883569333,-0.4166692466711308
465.1,6.632800455994482,-0.15891108381764313,0.004858339290380339,0.00842231071013546,2.410463051717406,-0.4164144896588998
465.20000000000005,6.638862992895379,-0.15894593941788063,0.005627714391420929,0.008381264544040987,2.4194198395085884,-0.41616680923034194
465.3,6.6454087754912745,-0.15898369965147122,0.0061508894601285296,0.008342154517856632,2.4290691624382648,-0.41591205221811095
465.40000000000003,6.6523938723553515,-0.15902145988506183,0.006434019497311467,0.00830459340360037,2.439295597983352,-0.41565021862220686
465.5,6.659774352060792,-0.15905922011865245,0.006470949502161415,0.008268193973290176,2.4500991461438506,-0.41538838502630276
465.6,6.667462351753958,-0.15909698035224307,0.00625552447387005,0.008232956226926052,2.461410553405911,-0.4151265514303987
465.70000000000005,6.675413940008033,-0.1591376452191868,0.005793899413245696,0.008200816304418117,2.473137481751068,-0.41487179441816774
465.8,6.683541253969381,-0.15917831008613054,0.005092229321096679,0.008165578558053993,2.485210677665471,-0.41461703740593675
465.90000000000003,6.691844293638,-0.15921607031972115,0.004150514197422997,0.008127630215815708,2.4975378031306557,-0.41435520381003266
466.0,6.70014733330662,-0.15925092591995865,0.002987219044649626,0.008087745733667304,2.5100496046327714,-0.4140862936304555
466.1,6.708494304402057,-0.15928578152019615,0.001602343862776565,0.008045150655644739,2.5226999131625862,-0.4138244600345514
466.20000000000005,6.716709481217041,-0.15932063712043362,2.0508655037113212e-05,0.008002555577622172,2.5353502216924007,-0.41356970302232043
466.3,6.724792863751571,-0.159352588087318,-0.001752131577760405,0.00795802435968949,2.5479543612129825,-0.41330786942641634
466.40000000000003,6.732656589152009,-0.15938163442084924,-0.00369095683238269,0.007910782545882643,2.5603969092012493,-0.41305311241418535
466.5,6.740212794564721,-0.15941068075438047,-0.005777502106404769,0.007864315188039844,2.572654781152584,-0.4127912788182813
466.6,6.747417548562889,-0.15943972708791174,-0.00799945739820999,0.007817073374232998,2.5846125545439054,-0.4125365218060503
466.70000000000005,6.754182988292875,-0.1594629641547367,-0.010332202704565058,0.0077709932443722225,2.5962009758613633,-0.4122888413774924
466.8,6.760465182327863,-0.1594862012215617,-0.012751118022236671,0.007724138658547399,2.607327707086492,-0.4120340843652614
466.90000000000003,6.766264130667851,-0.1595065336550336,-0.015237738348799856,0.007678445756668647,2.617946579210059,-0.4117722507693573
467.0,6.771491970459205,-0.15952686608850544,-0.01776128868021299,0.007637786818556197,2.6279652542135983,-0.4115174937571263
467.1,6.776104770275104,-0.15954719852197732,-0.0203033040140511,0.0076060341240302845,2.6373375630878773,-0.41126981332856843
467.20000000000005,6.780058598688733,-0.15957043558880232,-0.02283916434708088,0.007583962129054955,2.645994252319046,-0.4110292094836836
467.3,6.78335345570009,-0.1595936726556273,-0.025350404676877363,0.007571958061612231,2.653842983888639,-0.41078860563879876
467.40000000000003,6.785945409882357,-0.1596169097224523,-0.027806249999398926,0.007571183605648185,2.66086067329204,-0.410548001793914
467.5,6.787834461235535,-0.1596401467892773,-0.030194390313028917,0.007582025989144838,2.6670011515200156,-0.41030739794902915
467.6,6.789020609759624,-0.1596662884894554,-0.03248405061372571,0.007604485212102191,2.672218249563333,-0.41008094727149047
467.70000000000005,6.7895038554546225,-0.15969243018963353,-0.034662920899872655,0.007640884642412384,2.6764427139081435,-0.40985449659395184
467.8,6.789240266893715,-0.15971857188981164,-0.03670638116823646,0.007686190316309113,2.6796745445544463,-0.40962804591641316
467.90000000000003,6.788317706930535,-0.15974471358998976,-0.0386082764180088,0.007742338373702496,2.6818444879883927,-0.40939451865520143
468.0,6.786692244138265,-0.15977085529016788,-0.040337831645148044,0.0078101032705565785,2.6829525442099826,-0.40917514456133586
468.1,6.7844517413705425,-0.15979990162369911,-0.0418950468496542,0.007889097778889338,2.6829987132192152,-0.4089557704674703
468.20000000000005,6.7815522672005475,-0.15982894795723035,-0.04326761202991061,0.007980870810628865,2.681936826006859,-0.40874347295727775
468.3,6.7780816844819185,-0.1598550896574085,-0.044437062183492304,0.00808155008595493,2.6797899670775287,-0.4085311754470853
468.40000000000003,6.774083924641472,-0.1598812313575866,-0.04540339731039929,0.008190361148903487,2.676558136431226,-0.4083188779368928
468.5,6.769602919106027,-0.15990737305776473,-0.04616046240982323,0.008307303999474531,2.6722875030771824,-0.4081065804267003
468.6,6.764726530729218,-0.15993351475794285,-0.046702102480955805,0.00843276586565009,2.6669549825107826,-0.40790843608385396
468.70000000000005,6.759454759511047,-0.15995965645812096,-0.04702831752379701,0.008567133975412184,2.660606743741259,-0.40771029174100765
468.8,6.753919399731966,-0.15998289352494593,-0.04714526253915518,0.008704987137012489,2.6532658712732275,-0.40751922398183443
468.90000000000003,6.748120451391978,-0.16000613059177093,-0.04705293752703031,0.008848261490361121,2.644978534115922,-0.40732815622266116
469.0,6.7421897087715355,-0.16002646302524282,-0.04675749748823072,0.008996182579494033,2.6357678167739587,-0.407144165047161
469.1,6.7361711032974565,-0.16004679545871467,-0.04626509742356475,0.00914952486037527,2.6257260572658025,-0.40696017387166084
469.20000000000005,6.730152497823378,-0.16006422325883343,-0.04558804733464903,0.009308675560986858,2.614876340096071,-0.40677618269616067
469.3,6.724177823776118,-0.16008165105895217,-0.044732502222291894,0.009472472997382726,2.60331100328323,-0.40658511493698746
469.40000000000003,6.718422806862947,-0.1600990788590709,-0.04371077208810999,0.009641691625526921,2.591099300341128,-0.4063940471778142
469.5,6.712887447083867,-0.16011650665918967,-0.042541321934528295,0.009816331445419442,2.5783797382974636,-0.406202979418641
469.6,6.707703538719332,-0.1601339344593084,-0.04123646176316346,0.009996392457060289,2.5651754016568544,-0.4060189882431408
469.70000000000005,6.70291501319616,-0.16014845762607402,-0.03981465657644045,0.010179551292557324,2.551624797446998,-0.40583499706764065
469.8,6.698653664794804,-0.16016298079283964,-0.03828821637597592,0.010361548444108288,2.5378433481909775,-0.4056580824758136
469.90000000000003,6.6949194935152665,-0.16017750395960526,-0.03667560616419484,0.010544707279605322,2.523877222898025,-0.4054740913003134
470.0,6.691800362211182,-0.16019202712637087,-0.035001445944330516,0.010726704431156286,2.50986492859584,-0.4052971767084863
470.1,6.689384133736187,-0.16020364565978337,-0.03327189071719127,0.010907927126743204,2.495875718798271,-0.40512733870033235
470.20000000000005,6.687714739517099,-0.16021526419319587,-0.03150540548520208,0.011086051998473935,2.4820481005330177,-0.40495750069217834
470.3,6.686792179553919,-0.16022397809325525,-0.02973276525240456,0.011258368450474315,2.468474411818545,-0.4047805861003513
470.40000000000003,6.686704316700283,-0.16023269199331464,-0.027960125019607044,0.011423714798798277,2.4552239061687025,-0.4045965949248511
470.5,6.687451150956191,-0.16023850126002087,-0.0262059497892345,0.011582091043445817,2.4424581751158057,-0.40440552716567785
470.6,6.68907661374846,-0.160241405893374,-0.024488704563711904,0.011734271640380985,2.4302695566783203,-0.4042286125738508
470.70000000000005,6.691580705077092,-0.1602443105267271,-0.02282685434546423,0.011879869361621758,2.418727304370095,-0.4040516979820237
470.8,6.694963424942085,-0.1602443105267271,-0.02123270913610813,0.012014624699365876,2.407946840714213,-0.4038818599738697
470.90000000000003,6.699180841916622,-0.1602443105267271,-0.01971857893726025,0.012139699337559411,2.397997419224523,-0.4037120219657157
471.0,6.704276887427521,-0.160241405893374,-0.018302928751345565,0.012255093276202363,2.388971377919491,-0.40354218395756175
471.1,6.710119767194327,-0.16023559662666775,-0.016991913579172402,0.01236080651529473,2.3809379703129663,-0.40337234594940774
471.20000000000005,6.716753412643859,-0.16023269199331464,-0.01580399842316573,0.012458000738782586,2.373943365414182,-0.40320958452492683
471.3,6.724089960922481,-0.16022397809325525,-0.014739183283325555,0.012545901490701882,2.368056816736987,-0.4030326699330998
471.40000000000003,6.732041549176556,-0.160218168826549,-0.013809778161268523,0.012626057682980711,2.363324493290615,-0.4028486787575996
471.5,6.740608177406084,-0.16021235955984275,-0.013034248059419608,0.012700018227547166,2.3598156485889143,-0.40266468758209945
471.6,6.749658051330612,-0.16020655029313652,-0.012400282976162164,0.012770493720275411,2.3575533671365023,-0.4024806964065993
471.70000000000005,6.75914723952332,-0.16020074102643025,-0.01192634791392116,0.012833999109327239,2.356560733437995,-0.40230378181477217
471.8,6.768987879130573,-0.16019493175972402,-0.0116124428726966,0.012888211026810504,2.356860831998009,-0.4021268672229451
471.90000000000003,6.7790481758719165,-0.16018912249301775,-0.011458567852488482,0.012933903928689256,2.3584305783119275,-0.40194287604744494
472.0,6.789284198320533,-0.16018331322631152,-0.011477032854913456,0.012969916131017426,2.3612468878751343,-0.4017659614556179
472.1,6.799564152195966,-0.16017459932625214,-0.011655527878354872,0.012997022089759058,2.365332845192246,-0.4015819702801177
472.20000000000005,6.809800174644582,-0.16016588542619276,-0.011994052922812732,0.013013672892986062,2.3706422812540295,-0.40139797910461755
472.3,6.819860471385926,-0.1601571715261334,-0.012498762989095358,0.013019094084734388,2.3771059425466357,-0.4012139879291174
472.40000000000003,6.829745042419997,-0.16014264835936778,-0.013163503076394427,0.013012511209039993,2.3847238290700643,-0.40101584358627107
472.5,6.8393220934663415,-0.16012812519260217,-0.013982118183901614,0.012993924265902873,2.3934497718150824,-0.40082477582709786
472.6,6.8485476930981415,-0.16011360202583652,-0.01495460831161692,0.012966431079179216,2.4032145172678407,-0.4006407846515977
472.70000000000005,6.857290047034942,-0.16009617422571779,-0.01607481845873202,0.012926546597030813,2.4139257274098735,-0.4004638700597706
472.8,6.865461292423108,-0.1600758417922459,-0.017336593624438585,0.012873496363493617,2.4255141487273315,-0.4002798788842704
472.90000000000003,6.873105360689456,-0.16005260472542093,-0.01872762380711997,0.012809216518477745,2.4379336122109816,-0.4000888111250972
473.0,6.880090457553533,-0.16002646302524282,-0.020247909006776175,0.012734868745929266,2.451068695337742,-0.39990481994959703
473.1,6.886416583015338,-0.1600003213250647,-0.021891294222598875,0.01265393809768639,2.4648501445937625,-0.39972790535777
473.20000000000005,6.8920398056480545,-0.15997127499153344,-0.023639314452163093,0.012568360713659235,2.479162537455961,-0.39955099076594286
473.3,6.896916194024863,-0.1599422286580022,-0.02549196969546883,0.012476974909901729,2.493913535905873,-0.3993740761741158
473.40000000000003,6.901045748145764,-0.15991318232447096,-0.02743079495009112,0.012384814650180178,2.5090108019250312,-0.39919716158228874
473.5,6.904428468010757,-0.15988413599093973,-0.029449635215221624,0.012292267162476602,2.5243619974949705,-0.39902732357413473
473.6,6.907064353619842,-0.1598550896574085,-0.031536180489243705,0.012200881358719096,2.539828615587992,-0.3988645621496538
473.70000000000005,6.908953404973021,-0.15982604332387723,-0.03367196576973238,0.012109882782943613,2.5553414026902463,-0.3986947241414998
473.8,6.910139553497109,-0.159796996990346,-0.03585699105668765,0.012019658663132178,2.5707387672694186,-0.39852488613334586
473.90000000000003,6.910622799192108,-0.15976795065681476,-0.03806663634687622,0.011933306823140977,2.585951455811659,-0.39835504812519185
474.0,6.910403142058017,-0.15973890432328353,-0.04029474663948977,0.011854312314808218,2.600864045793886,-0.39819228670071094
474.1,6.909568444948474,-0.1597127626231054,-0.04252285693210332,0.011785385734008065,2.6153611146930165,-0.3980366018599031
474.20000000000005,6.908118707863476,-0.1596866209229273,-0.044732502222291894,0.011724590940830403,2.6293503244905856,-0.3978879936027684
474.3,6.906053930803026,-0.1596633838561023,-0.046917527509247166,0.011671927935275231,2.64271625266351,-0.39773938534563363
474.40000000000003,6.903505908047577,-0.15963724215592417,-0.04905946779054417,0.011627009489360523,2.6553665611933246,-0.3975907770884989
474.5,6.90043070817031,-0.15961400508909918,-0.05113985806375792,0.011587899463176168,2.6672089120615636,-0.39744216883136413
474.6,6.896916194024863,-0.15958786338892106,-0.05314638832727178,0.011556921224614302,2.678174051754377,-0.39730771374157553
474.70000000000005,6.893006297038053,-0.15956462632209606,-0.05506059357866076,0.011531364177800763,2.688146557748684,-0.3971661820681139
474.8,6.888701017209879,-0.15953557998856482,-0.05687016381630823,0.01150890495484341,2.6970571765306333,-0.3970317269783253
474.90000000000003,6.884044285967161,-0.1595065336550336,-0.05855047903698088,0.011492641379598429,2.70488282359561,-0.39689727188853674
475.0,6.879123966163535,-0.1594745826881492,-0.06009538423987038,0.011482573452065823,2.711508076420531,-0.39676281679874814
475.1,6.8739400577989995,-0.15944263172126485,-0.06148025942174344,0.011479088400227613,2.716932935005397,-0.39664251487630575
475.20000000000005,6.868492560873555,-0.15941068075438047,-0.06269279458098341,0.011482186224083799,2.721088145836358,-0.3965222129538633
475.3,6.862913269667658,-0.159375825154143,-0.06372067971597364,0.01149031801170629,2.723927539904181,-0.3963948344477478
475.40000000000003,6.8571143213276695,-0.15933806492055239,-0.06454544982428916,0.0115054199030052,2.7254972862180997,-0.3962745325253054
475.5,6.851271441560863,-0.15930030468696177,-0.06514863990350497,0.011528266353944576,2.7257281312642645,-0.3961613071865361
475.6,6.845296767513602,-0.15926544908672427,-0.06552409495281278,0.01156040627645251,2.7246200750426746,-0.39606223501511295
475.70000000000005,6.839234230612705,-0.15922478421978054,-0.06565950497059593,0.011597967390708775,2.7221962020579475,-0.39596316284368976
475.8,6.833171693711808,-0.1591841193528368,-0.06553640495442943,0.011642111380659433,2.718479596814699,-0.39585701408859353
475.90000000000003,6.827065225384093,-0.15914054985253995,-0.06514248490269665,0.01169283824630449,2.7134240903036964,-0.39576501850084345
476.0,6.821002688483197,-0.15909988498559618,-0.0644838998162059,0.011751696899572036,2.707145105048022,-0.39566594632942026
476.1,6.814984083009118,-0.15905631548529933,-0.0635360296917239,0.011821010708354212,2.6996426410476757,-0.3955810273253433
476.20000000000005,6.809053340388675,-0.15901274598500248,-0.062298874529250634,0.011898843532740901,2.6909628673118906,-0.3954890317375932
476.3,6.803254392048687,-0.1589691764847056,-0.0607724343287861,0.011985195372732103,2.6811519528498993,-0.3953970361498431
476.40000000000003,6.797543306562334,-0.15892560698440875,-0.05895055408952199,0.012080066228327817,2.670325320184784,-0.39530504056209304
476.5,6.792095809636891,-0.1588820374841119,-0.05682707881064996,0.012180745503653884,2.658552222830395,-0.39521304497434295
476.6,6.786824038418719,-0.158838467983815,-0.05441431849378667,0.012289169338620416,2.6458788297959637,-0.395135202553939
476.70000000000005,6.781859787188274,-0.15879489848351816,-0.05171227313893212,0.012400690997443134,2.6324436481091897,-0.39505028354986205
476.8,6.777159124518739,-0.15874842434986816,-0.04873325274770296,0.012514536024157991,2.6182928467793056,-0.3949795177131312
476.90000000000003,6.772853844690565,-0.1587019502162182,-0.04548341232090751,0.012631091646747014,2.603518763824778,-0.3949016752927273
477.0,6.768943947703755,-0.15865257144921507,-0.04197506186016242,0.012748421725300082,2.5882599062733043,-0.3948379860396696
477.1,6.765517296411944,-0.15860319268221196,-0.03822666636789267,0.01286575180385315,2.5726086121433513,-0.3947742967866118
477.20000000000005,6.762573890815132,-0.15855090928185572,-0.03424438084490658,0.012980371286532056,2.5566341349487676,-0.394703530949881
477.3,6.760201593766954,-0.15849572124814637,-0.030065135296054098,0.013090344033426682,2.5404749817172525,-0.39462568852947705
477.40000000000003,6.758444336694231,-0.15843762858108387,-0.02569508472214355,0.013196444500501073,2.524292743981121,-0.3945478461090732
477.5,6.757389982450596,-0.1583795359140214,-0.021177314128833207,0.013298672687755232,2.508156675254223,-0.3944770802723423
477.6,6.757038531036051,-0.1583214432469589,-0.016524133517739722,0.013398964735099274,2.4922052825642558,-0.39440631443561147
477.70000000000005,6.757477845304233,-0.15826044594654332,-0.011766317892904717,0.013491899450784873,2.476530903929686,-0.3943497017662268
477.8,6.7587518566819575,-0.15819654401277458,-0.0069346422583698155,0.013577864062794051,2.4612258773689795,-0.3942860125131691
477.90000000000003,6.760904496596043,-0.15813264207900585,-0.00207219161979329,0.01365685857112681,2.446428709909835,-0.3942293998437844
478.0,6.763935765046492,-0.1580687401452371,0.0028025690203998845,0.013729657431747196,2.432208655066102,-0.39417986375807285
478.1,6.76788959346012,-0.15800193357811526,0.0076465546565514355,0.013796260644655209,2.4186580508562456,-0.3941303276723612
478.20000000000005,6.772853844690565,-0.1579351270109934,0.012422835283811415,0.013856280981868824,2.4058692352987325,-0.3940737150029766
478.3,6.77874065588419,-0.1578654158105184,0.0171006358981382,0.01390933121540602,2.393888377402795,-0.39401002574991884
478.40000000000003,6.7856818213214485,-0.15779860924339656,0.021636871493873513,0.01395579857324882,2.3828539841961316,-0.393939259913188
478.5,6.793589478148705,-0.1577288980429216,0.02600076706697574,0.013996070283379246,2.372812224687976,-0.39387557066013024
478.6,6.802551489219597,-0.15766209147579974,0.03015539261259492,0.014031695257725392,2.3638092678875604,-0.3938189579907456
478.70000000000005,6.812436060253668,-0.15759238027532474,0.034063818125881114,0.014056090620592862,2.355891282804118,-0.39376234532136095
478.8,6.823331054104555,-0.15752266907484977,0.037689113601984375,0.0140700308279457,2.3491275229514983,-0.3937057326519763
478.90000000000003,6.835148607918622,-0.15745005324102165,0.041006659037671395,0.014071966967855818,2.3434949038250843,-0.3936491199825916
479.0,6.847844790269051,-0.15737743740719357,0.04396721442647558,0.014062673496287257,2.3390857634433426,-0.39359958389688005
479.1,6.861375669729025,-0.15730191694001233,0.04655846976678029,0.01404060150131193,2.3358770173016556,-0.3935429712274954
479.20000000000005,6.875697314871723,-0.15722349183947798,0.04874349505373556,0.01400342761503769,2.3338686654000247,-0.3934792819744376
479.3,6.890677931416693,-0.15714506673894363,0.05050382528491643,0.013951151837464539,2.3330376232338326,-0.3934085161377068
479.40000000000003,6.906361450790753,-0.157060832371703,0.05180868545628127,0.013884935852538551,2.3334531443169286,-0.39333775030097595
479.5,6.92257214728663,-0.15697659800446243,0.052645765566213434,0.013805941344205791,2.3350690596400803,-0.39326698446424513
479.6,6.939222158050687,-0.1568923636372218,0.05299660061228794,0.01371610445237638,2.337839200194054,-0.3931962186275143
479.70000000000005,6.95622362022929,-0.156802320003275,0.05284272559207982,0.013611552897230081,2.3417635659788507,-0.39313252937445653
479.8,6.973444739541982,-0.15671227636932814,0.0521902955063974,0.013495384502623083,2.34677290348062,-0.3930546869540526
479.90000000000003,6.99079765313513,-0.15661932810202814,0.05102084535281571,0.013367599268555384,2.3528210436901302,-0.3929839211173218
480.0,7.008150566728276,-0.15652637983472817,0.049334375131334735,0.013230907790901148,2.3598618175981474,-0.39291315528059095
480.1,7.02537168604097,-0.15643052693407508,0.04713703984276281,0.013086858981588472,2.3678028871862065,-0.39284238944386013
480.20000000000005,7.042373148219571,-0.1563375786667751,0.04443499448790826,0.012937001752545443,2.376574998940457,-0.3927645470234562
480.3,7.058935296129993,-0.156241725766122,0.04124670406919606,0.012783659471664205,2.3861319838516675,-0.39268670460305233
480.40000000000003,7.075014198345415,-0.15614877749882203,0.03757832358743453,0.012629155506836897,2.396404588405988,-0.3926159387663215
480.5,7.090434129158567,-0.15605873386487518,0.033460628046665296,0.012476587681919706,2.4073004745849524,-0.39255224951326373
480.6,7.10510722571581,-0.1559657855975752,0.028905927448505002,0.012324407084984538,2.4186811353608624,-0.3924814836765329
480.70000000000005,7.118857762309873,-0.15587574196362836,0.02395730679861193,0.012169128664193183,2.430523486229101,-0.39241779442347513
480.8,7.13159787608712,-0.1557827936963284,0.018633231099411052,0.012013463015419806,2.4426890201619704,-0.39233995200307126
480.90000000000003,7.143239704193915,-0.15569275006238154,0.01297678535656064,0.011858959050592498,2.4551084836456205,-0.39226918616634043
481.0,7.153607520922986,-0.15560270642843468,0.007018744574102315,0.011708327365585422,2.4676895386615856,-0.39220549691328266
481.1,7.162701326274331,-0.15551266279448783,0.0008145037593110015,0.011560793504434536,2.4803167626867837,-0.392148884243898
481.20000000000005,7.170345394540679,-0.15542552379389413,-0.005605162083771677,0.011414421327229717,2.4928747331981325,-0.3920922715745133
481.3,7.176539725722031,-0.15533548015994728,-0.012178702947062473,0.011269598061952992,2.5053172811863993,-0.39204273548880175
481.40000000000003,7.1811525255379305,-0.1552425318926473,-0.01886918882571144,0.01112167697282008,2.5175751531377344,-0.3919931994030902
481.5,7.184227725415197,-0.1551495836253473,-0.02562122471244365,0.010972206971759076,2.5295329265290554,-0.39195073990105167
481.6,7.185677462500194,-0.15505373072469422,-0.03239172560160084,0.010821188058769977,2.541098263341897,-0.39191535698268626
481.70000000000005,7.18554566821974,-0.154954973190688,-0.039119141485099755,0.01066436072605053,2.552224994567026,-0.39187289748064774
481.8,7.183744479720198,-0.15485331102332867,-0.04576038735728212,0.010505984481402988,2.5628438666905926,-0.39183751456228233
481.90000000000003,7.180361759855205,-0.1547487442226162,-0.05226006821087302,0.010348382692719494,2.5728856261987487,-0.3918021316439169
482.0,7.17539750862476,-0.1546441774219037,-0.05856894403940585,0.01019310427192814,2.5823041040822603,-0.39178090189289766
482.1,7.1689395888825,-0.15453961062119123,-0.06464392983722235,0.010041310902974995,2.5910069623226617,-0.3917667487255515
482.20000000000005,7.160944069201607,-0.15443213918712564,-0.07042963059704758,0.00989300258586006,2.598971116415337,-0.39175259555820535
482.3,7.151586675289353,-0.15432466775306006,-0.0758891163140316,0.009751277144439522,2.6061273128464366,-0.39174551897453225
482.40000000000003,7.140911338572557,-0.1542201009523476,-0.08097930198251614,0.009616909034677427,2.6124986361205766,-0.39174551897453225
482.5,7.129005921904853,-0.154112629518282,-0.08566325759765125,0.009494544992358056,2.617946579210059,-0.39175259555820535
482.6,7.116002219566697,-0.15400806271756953,-0.08990405315458698,0.009383797789499384,2.622517311124116,-0.3917667487255515
482.70000000000005,7.101944162984907,-0.15390640055021018,-0.09367706865009003,0.009282731286191295,2.626141578348899,-0.39178797847657076
482.8,7.087051409293573,-0.15380473838285083,-0.09695152908011878,0.009194443306289976,2.6287962963797904,-0.3918021316439169
482.90000000000003,7.071411821346332,-0.15370307621549148,-0.09970281444143993,0.009119708305759474,2.6304814652167914,-0.3918304379786093
483.0,7.055113261996819,-0.15360431868148525,-0.10191861473243682,0.009059687968545858,2.631220169364518,-0.3918587443133016
483.1,7.038419319805943,-0.15351137041418528,-0.1035804649506845,0.009015931206577222,2.630966239813737,-0.391894127231667
483.20000000000005,7.021417857627341,-0.1534184221468853,-0.10468836509618294,0.008987276335907495,2.629742761069065,-0.3919295101500324
483.3,7.004240669741466,-0.15332547387958534,-0.10523000516731552,0.008971787216626562,2.6275959021397353,-0.3919648930683978
483.40000000000003,6.987063481855591,-0.1532354302456385,-0.10521154016489055,0.008967527708824306,2.6245718320349805,-0.39200027598676324
483.5,6.9701059511038075,-0.15314538661169164,-0.10463297008890803,0.008975272268464772,2.6206705507548,-0.39204273548880175
483.6,6.953455940339749,-0.1530582476110979,-0.10351275994179293,0.008989986931781659,2.615938227308428,-0.3920922715745133
483.70000000000005,6.937289175270691,-0.15296820397715105,-0.10186321972516191,0.009009735558864848,2.6104441152097126,-0.39214180766022494
483.8,6.921737450177086,-0.15287525570985108,-0.09970281444143993,0.009032969237786249,2.6042112989632713,-0.39219842032960955
483.90000000000003,6.907020422193024,-0.1527823074425511,-0.0970561640938603,0.009058526284599789,2.597309032082953,-0.3922550329989942
484.0,6.893182022745324,-0.15268935917525114,-0.093941733684848,0.009085632243341421,2.589829652587223,-0.392318722252052
484.1,6.880397977541259,-0.15259350627459806,-0.09039645321925296,0.009111189290154961,2.581796244980698,-0.3923824115051097
484.20000000000005,6.868800080861282,-0.1524918441072387,-0.08644494270030849,0.009132874057148268,2.5732549782726117,-0.39243194759082134
484.3,6.858476195559031,-0.15239018193987935,-0.0821364421344812,0.009151073772303365,2.5643212749860456,-0.3924814836765329
484.40000000000003,6.8495141844881395,-0.15228561513916689,-0.07749557152500436,0.009166175663602274,2.555110557644082,-0.39253101976224447
484.5,6.842045841929063,-0.1521781437051013,-0.07257157087834458,0.009181664782883207,2.545622826246721,-0.39258763243162914
484.6,6.836071167881802,-0.15207067227103568,-0.0673952151985435,0.009195217762254022,2.5359504188124284,-0.3926442451010138
484.70000000000005,6.831678025199993,-0.15196029620361698,-0.062021899492876016,0.009205672917768653,2.526162588855054,-0.39270793435407153
484.8,6.828910345310454,-0.15184992013619825,-0.05648239876538377,0.009214966389337213,2.5163285898884458,-0.3927716236071293
484.90000000000003,6.827724196786365,-0.15173954406877954,-0.050825953022533364,0.009224259860905772,2.506517675426455,-0.39284238944386013
485.0,6.8282074424813635,-0.1516291680013608,-0.04509564726998305,0.009235102244402426,2.496776014478313,-0.3929060786969179
485.1,6.830272219541814,-0.1515187919339421,-0.03934072151419944,0.00924826799579122,2.4871266915486365,-0.39297684453364873
485.20000000000005,6.833962459394534,-0.15140841586652337,-0.03358579575841583,0.009262982659108106,2.477662044655892,-0.3930334572030334
485.3,6.839146367759069,-0.15129803979910467,-0.02789242001071547,0.009282344058209272,2.468428242809312,-0.39308299328874496
485.40000000000003,6.845823944635419,-0.15119056836503908,-0.022285214274331656,0.009304803281166625,2.459517624027362,-0.39313252937445653
485.5,6.853907327169948,-0.1510860015643266,-0.01680726355492266,0.009333845379818375,2.4509301883100427,-0.3931891420438412
485.6,6.863308652509021,-0.15098433939696726,-0.01149549785733843,0.009364049162416194,2.442735189171203,-0.39324575471322587
485.70000000000005,6.8739400577989995,-0.1508797725962548,-0.006380692185620591,0.009392704033085921,2.4349557111154594,-0.39330236738261054
485.8,6.8856697487594305,-0.15077520579554232,-0.001493621543810767,0.009419035535863507,2.427637923152045,-0.3933589800519952
485.90000000000003,6.898453793963496,-0.15067063899482985,0.0031287840632410946,0.009443430898730976,2.4208049097855757,-0.39342266930505293
486.0,6.912116467703923,-0.15056607219411738,0.0074803696347266685,0.009463179525814167,2.4145028400252846,-0.3934792819744376
486.1,6.926525975700258,-0.15046150539340492,0.011518050164987682,0.009477894189131053,2.4087317138711724,-0.39353589464382227
486.20000000000005,6.9415505236720465,-0.1503540339593393,0.01523567065321581,0.009484864292807472,2.403468446818622,-0.3935783541458608
486.3,6.957058317338833,-0.1502436578919206,0.01861476609698608,0.009485251520789497,2.3988053768860986,-0.39362081364789925
486.40000000000003,6.9729614938469835,-0.15013037719114875,0.021636871493873513,0.009477894189131053,2.3947425040736037,-0.39366327314993776
486.5,6.989084327489223,-0.15002000112373004,0.02429583184306979,0.009466277349670352,2.3912567438765198,-0.39371280923564933
486.6,7.0052950239851,-0.14990381578960507,0.02657933714295826,0.00944497981065907,2.388371180799463,-0.393769421905034
486.70000000000005,7.021505720480977,-0.1497876304554801,0.028487387393538923,0.009416324939989344,2.386062730337818,-0.3938118814070725
486.8,7.037584622696399,-0.14966854048800202,0.03001382759400345,0.009380312737661173,2.3843083079869682,-0.3938614174927841
486.90000000000003,7.053399936350913,-0.1495494505205239,0.03115865774435185,0.009338104887620631,2.3830848292422964,-0.3939109535784957
487.0,7.0688198671640645,-0.14943036055304582,0.03192803284539244,0.009292024757759854,2.3824153786084192,-0.39396048966420727
487.1,7.083756552282217,-0.1493083659522146,0.03232195289712522,0.009242459576060869,2.3822307025714875,-0.39401002574991884
487.20000000000005,7.098166060278551,-0.14918637135138338,0.03235272790116685,0.009190571026469743,2.382507716626885,-0.3940595618356304
487.3,7.111916596872614,-0.1490672813839053,0.032020357857517306,0.009139456932842663,2.3832695052792277,-0.3941020213376689
487.40000000000003,7.124964230637588,-0.1489481914164272,0.03134330776860159,0.009090278979125701,2.3844698995192832,-0.3941586340070536
487.5,7.137221098719836,-0.14883200608230224,0.030327732635228012,0.009046134989175041,2.386039645833202,-0.39421524667643826
487.6,7.148687201119359,-0.14871291611482415,0.02899209745982155,0.009002378227206405,2.3879787442209834,-0.39427185934582293
487.70000000000005,7.159318606409338,-0.14859673078069918,0.02734871224399885,0.00895862146523777,2.390241025673396,-0.3943284720152076
487.8,7.169027451736136,-0.1484805454465742,0.025409886989376566,0.008915251931251157,2.3928034056858216,-0.39437800810091916
487.90000000000003,7.177857668526573,-0.14836436011244925,0.023194086698379666,0.008873818537174661,2.395642799753645,-0.39443462077030383
488.0,7.18576532535383,-0.1482510794116774,0.02071977637343313,0.008834708510990304,2.3986899543630162,-0.39449831002336155
488.1,7.192750422217907,-0.14813779871090557,0.018005421016961932,0.008798309080680113,2.4019217850093195,-0.39456199927641933
488.20000000000005,7.198856890545622,-0.1480216133767806,0.015075640632199367,0.008760360738441825,2.405315207187938,-0.394618611945804
488.3,7.204084730336976,-0.14790542804265563,0.011942745220762087,0.00872125071225747,2.408870220898871,-0.3946823011988617
488.40000000000003,7.208477873018785,-0.14778924270853067,0.00863135478588339,0.008680204546162997,2.41251757262827,-0.3947459904519195
488.5,7.211992387164233,-0.14767015274105258,0.005159934329988251,0.008637996696122453,2.416211093366902,-0.39482383287232337
488.6,7.214760067053772,-0.1475510627735745,0.0015531038563099673,0.00858998042635156,2.4199738676193836,-0.39489459870905425
488.70000000000005,7.216736981260587,-0.14742616353939014,-0.0021768266335348103,0.008537704648778411,2.423713557367248,-0.39496536454578507
488.8,7.2179670612114935,-0.14730416893855894,-0.0059990821355044585,0.0084827182753311,2.4274070781058805,-0.3950361303825159
488.90000000000003,7.218538169760128,-0.14717636507102147,-0.009895197647174003,0.008427731901883787,2.4310544298352794,-0.3951068962192467
489.0,7.218450306906492,-0.14705146583683712,-0.01384670816611847,0.008374294440364567,2.4345632745369796,-0.39518473863965065
489.1,7.217791335504221,-0.1469265666026528,-0.017828993689104563,0.008323180346737489,2.437956696715598,-0.3952625810600545
489.20000000000005,7.216517324126496,-0.14680166736846845,-0.021823589213707303,0.008274002393020525,2.4411654428572844,-0.3953333468967854
489.3,7.214760067053772,-0.14667386350093098,-0.025812029737501716,0.008229858403069865,2.4442356819712723,-0.39541118931718927
489.40000000000003,7.212519564286049,-0.14655186890009977,-0.02976969525725451,0.008193458972759674,2.447075076039096,-0.3954961083212663
489.5,7.209839747250146,-0.14642987429926854,-0.033678120770540707,0.00816751469796411,2.4496836250607545,-0.3955810273253433
489.6,7.206764547372879,-0.14631078433179046,-0.03751884127493533,0.008147378842898897,2.4520382445316327,-0.39567302291309336
489.70000000000005,7.203337896081068,-0.14619169436431237,-0.0412733917680134,0.008134600319492128,2.454115849947113,-0.39576501850084345
489.8,7.19960372480153,-0.1460755090301874,-0.04492330724734996,0.0081291791277438,2.4558933568025796,-0.3958499375049204
489.90000000000003,7.195562033534265,-0.14595932369606243,-0.04845627771132835,0.00813266417958201,2.4573476805934162,-0.3959419330926705
490.0,7.19130068513291,-0.14584604299529058,-0.051847683156715264,0.008145055475006758,2.4585019058242383,-0.3960410052640937
490.1,7.186775748170646,-0.14573276229451876,-0.05508521358189406,0.008165965786036017,2.459332947990431,-0.3961330008518438
490.20000000000005,7.1821190169279285,-0.14562238622710003,-0.058150403984439776,0.008194620656705743,2.4598408070919926,-0.39621791985592075
490.3,7.177330491404756,-0.14551201015968132,-0.06103709936354407,0.008229083947105819,2.4600716521381574,-0.39630991544367083
490.40000000000003,7.17241017160113,-0.1454016340922626,-0.06372683471678196,0.008268581201272199,2.4599793141196913,-0.3964019110314209
490.5,7.167445920370685,-0.14529125802484388,-0.06620730004253683,0.008310789051312741,2.4596099620458283,-0.3965009832028441
490.6,7.1624377377134225,-0.14518088195742515,-0.06846618533919199,0.008350286305479121,2.4589635959165674,-0.39660713195794034
490.70000000000005,7.15742955505616,-0.14506469662330018,-0.07049733560593915,0.008388234647717407,2.458063300236526,-0.39670620412936347
490.8,7.152465303825715,-0.1449485112891752,-0.07228844084116165,0.008423085166099506,2.456885990501087,-0.39680527630078666
490.90000000000003,7.147544984022089,-0.14482942132169713,-0.07383334604405115,0.008455225088607443,2.4554778357194835,-0.3969114250558829
491.0,7.142712527072098,-0.14471033135421904,-0.07512589621379934,0.008485428871205262,2.453861920396332,-0.39701757381097913
491.1,7.137967932975744,-0.14458833675338784,-0.07615993634959789,0.008511760373982848,2.452061329036249,-0.39712372256607537
491.20000000000005,7.133399064586662,-0.14446343751920349,-0.0769354664514468,0.00853499405290425,2.450052977134618,-0.39721571815382545
491.3,7.129005921904853,-0.14433563365166602,-0.07744017651772943,0.008556291591915531,2.447952287214521,-0.39731479032524863
491.40000000000003,7.124832436357134,-0.14420782978412855,-0.07768637655006241,0.008579138042854907,2.4457130902667252,-0.3974138624966718
491.5,7.120922539370324,-0.14408293054994423,-0.07766791154763744,0.008604695089668447,2.44340463980508,-0.39752001125176806
491.6,7.117232299517604,-0.14395512668240676,-0.07738478151045451,0.008631413820428058,2.4410269358295857,-0.3976190834231912
491.70000000000005,7.113893511079429,-0.1438302274482224,-0.07684929644013026,0.0086620048310079,2.4386030628448587,-0.3977252321782874
491.8,7.110818311202162,-0.14370532821403809,-0.0760614563366647,0.00869685534939,2.4361791898601313,-0.39783845751705676
491.90000000000003,7.108138494166258,-0.14358333361320685,-0.07503357120167446,0.008736739831538403,2.4337322323707875,-0.397944606272153
492.0,7.105810128544899,-0.14346133901237565,-0.07377795103677623,0.008782819961399178,2.431331443890677,-0.39805783161092234
492.1,7.103877145764903,-0.14334224904489756,-0.07229459584196997,0.008835095738972327,2.4289537399151824,-0.39815690378234553
492.20000000000005,7.10233954582627,-0.14322315907741945,-0.070608125620489,0.008893179936275827,2.426668373958154,-0.39825597595376866
492.3,7.101285191582636,-0.1431069737432945,-0.06872469537314163,0.008957459781291699,2.4244753460195914,-0.39835504812519185
492.40000000000003,7.100670151607182,-0.14299369304252266,-0.06666277010235286,0.009028322502001968,2.422420825108727,-0.398454120296615
492.5,7.10049442589991,-0.1428804123417508,-0.06444696981135596,0.009103057502532472,2.4205278957301783,-0.39856026905171127
492.6,7.1008458773144545,-0.14276713164097896,-0.062083449500959266,0.00917740527508095,2.4187965578839443,-0.3986664178068075
492.70000000000005,7.10163664299718,-0.14265385094020713,-0.059602984175204404,0.009251365819647406,2.4172037270654094,-0.39877256656190374
492.8,7.102954585801723,-0.14254057023943528,-0.05701788383570803,0.009322228540357675,2.415841741293039,-0.398878715317
492.90000000000003,7.104711842874447,-0.14242438490531031,-0.054352768485703425,0.009391155121157827,2.4146644315576,-0.3989848640720962
493.0,7.106996277068988,-0.14231110420453846,-0.05163841312923222,0.00945659665011977,2.4137179668683255,-0.39909808941086555
493.1,7.109763956958528,-0.14219201423706038,-0.04888097276710275,0.009516616987333385,2.4129561782159827,-0.39919716158228874
493.20000000000005,7.1129270196894305,-0.1420729242695823,-0.04611737740416495,0.009570441676834627,2.412402150105188,-0.39929623375371187
493.3,7.11661725954215,-0.14195092966875109,-0.04335993704203548,0.00961729626265945,2.412102051545174,-0.39938822934146195
493.40000000000003,7.120658950809415,-0.14182603043456674,-0.04063942668475596,0.009658729656735946,2.4120327980313245,-0.3994943780965582
493.5,7.125139956344861,-0.14170113120038239,-0.03798046633555968,0.009695516315028163,2.41219438956364,-0.3996005268516545
493.6,7.130016344721669,-0.14157332733284494,-0.0353953659960633,0.009724945641661936,2.412563741637503,-0.3996995990230776
493.70000000000005,7.1351563216593865,-0.14144552346530748,-0.03290874566950012,0.009750115460493453,2.413140854252914,-0.39980574777817385
493.8,7.140647750011648,-0.1413148149644169,-0.030532915357486774,0.009771412999504736,2.4139257274098735,-0.39991189653327014
493.90000000000003,7.146358835498,-0.1411841064635263,-0.028298650064064904,0.009791548854569948,2.4148952766037644,-0.4000180452883664
494.0,7.152245646691624,-0.14105630259598884,-0.02621825979085115,0.009812071937617186,2.4160264173299706,-0.4001241940434626
494.1,7.1583081835925215,-0.14092849872845137,-0.02430405453946216,0.009833369476628467,2.417296065083875,-0.40023034279855885
494.20000000000005,7.164414651920237,-0.1408006948609139,-0.022568344311514592,0.009858539295459984,2.418727304370095,-0.40032233838630893
494.3,7.170608983101588,-0.14067289099337643,-0.02102343910862509,0.00988835585007578,2.4203201351886303,-0.4004214105577321
494.40000000000003,7.176803314282939,-0.14055089639254523,-0.019675493931601975,0.009927078648278114,2.4220283885302476,-0.40052048272915525
494.5,7.182909782610654,-0.14043180642506714,-0.018536818782061905,0.009970835410246749,2.423852064394947,-0.4006266314842515
494.6,7.188928388084733,-0.14031271645758903,-0.017607413660004873,0.010017689996071572,2.425791162782729,-0.40072570365567467
494.70000000000005,7.194771267851539,-0.14019362649011094,-0.016893433566239204,0.01006764240575258,2.4277764301797435,-0.4008318524107709
494.8,7.200350559057438,-0.14007744115598597,-0.016382568499148254,0.01011991818332573,2.4298309510906075,-0.4009309245821941
494.90000000000003,7.205666261702427,-0.139961255821861,-0.016087128460348668,0.010175291784755066,2.4319316410107046,-0.4010299967536172
495.0,7.210630512932871,-0.13984507048773606,-0.015994803448223797,0.010233763210040589,2.4340784999400342,-0.40113614550871346
495.1,7.215243312748771,-0.1397288851536111,-0.01609328346115699,0.010292621863308135,2.4362484433739806,-0.40123521768013665
495.20000000000005,7.21941679829649,-0.13961269981948612,-0.016376413498339928,0.010351093288593658,2.438418386807927,-0.40132721326788673
495.3,7.223150969576028,-0.139493609852008,-0.016838038558964284,0.01040840302993311,2.4406114147464897,-0.4014262854393099
495.40000000000003,7.226401895160567,-0.13937742451788307,-0.017453538639796755,0.010465712771272563,2.4428044426850524,-0.40153243419440615
495.5,7.229125643623289,-0.13925833455040496,-0.01821675874002902,0.010519537460773805,2.4449743861189988,-0.4016385829495024
495.6,7.2312782835373755,-0.13913633994957375,-0.0191092338572361,0.010568328186508744,2.447121245048329,-0.4017376551209255
495.70000000000005,7.2329037463296455,-0.1390114407153894,-0.020112498988993033,0.010612472176459404,2.4492219349684254,-0.4018367272923487
495.8,7.233914169146462,-0.13888654148120508,-0.021201934132066506,0.010654292798517923,2.45127645587929,-0.40194287604744494
495.90000000000003,7.23439741484146,-0.13876164224702073,-0.0223713842856482,0.010694951736630372,2.453284807780921,-0.40204194821886813
496.0,7.234265620561006,-0.1386367430128364,-0.02358391944488817,0.01073406176281473,2.4552239061687025,-0.40214809697396436
496.1,7.233562717731917,-0.13850893914529894,-0.024827229608169764,0.010771622877070992,2.457070666538019,-0.40224716914538755
496.20000000000005,7.23233263778101,-0.13837823064440835,-0.026082849773068004,0.010808796763345231,2.458871257898102,-0.4023462413168107
496.3,7.230531449281468,-0.13825042677687088,-0.027326159936349598,0.010846357877601494,2.4606025957443354,-0.40244531348823387
496.40000000000003,7.228290946513745,-0.13812552754268653,-0.028544850096397893,0.010889340183606084,2.4622877645813364,-0.4025585388270032
496.5,7.225567198051023,-0.13799772367514906,-0.029708145249171262,0.010933871401538767,2.463903679904488,-0.40266468758209945
496.6,7.2224041353201205,-0.13787282444096474,-0.030809890393861387,0.010979177075435496,2.4654272572091736,-0.4027708363371957
496.70000000000005,7.218845689747855,-0.13774502057342727,-0.03182546552723497,0.011027580573188412,2.4668815810000098,-0.402884061675965
496.8,7.214979724187863,-0.13762012133924292,-0.032748715648483674,0.011078307438833469,2.468266651276997,-0.40299021043106126
496.90000000000003,7.210850170066962,-0.13749812673841172,-0.03355502075437421,0.011133681040262805,2.4695593835355183,-0.4031034357698306
497.0,7.206457027385152,-0.13737322750422737,-0.03424438084490658,0.011192539693530349,2.47078286228019,-0.40320958452492683
497.1,7.201888158996071,-0.13725123290339616,-0.0347983309176558,0.011254108942672059,2.471914003006396,-0.40331573328002307
497.20000000000005,7.197275359180171,-0.13712923830256493,-0.03521687097262188,0.011318776015669954,2.472998974723369,-0.40341480545144626
497.3,7.1925746965106345,-0.13701014833508685,-0.035493846008996494,0.01138460477261392,2.4740377774311093,-0.4035209542065425
497.40000000000003,7.187917965267917,-0.13688815373425564,-0.03562310102597131,0.01145198244148598,2.4750073266250006,-0.40362710296163873
497.5,7.183349096878835,-0.13676615913342444,-0.03560463602354634,0.011516262286501853,2.4759307068096583,-0.40374032830040807
497.6,7.1789120227702075,-0.1366412598992401,-0.035444606002529896,0.011575508167751422,2.476784833480467,-0.4038464770555043
497.70000000000005,7.174694605795671,-0.13651636066505574,-0.03514301096292199,0.011630881769180756,2.4775927911420426,-0.40395262581060054
497.8,7.170740777382043,-0.13638855679751827,-0.03470600590553093,0.011682770318771882,2.478331495289769,-0.4040658511493699
497.90000000000003,7.167050537529322,-0.13626075292998083,-0.03413974583116506,0.01173233550047087,2.479000945923646,-0.4041719999044661
498.0,7.163799611944784,-0.13613294906244336,-0.03346269574224934,0.011779577314277716,2.479601143043674,-0.40428522524323546
498.1,7.160900137774789,-0.13600224056155277,-0.03267485563878378,0.011824108532210399,2.4801320866498524,-0.4043842974146586
498.20000000000005,7.158439977872976,-0.1358715320606622,-0.03179469052319334,0.011867090838214987,2.480616861246798,-0.4044833695860818
498.3,7.156463063666162,-0.1357408235597716,-0.030846820398711335,0.011908911460273506,2.48105546683451,-0.40458244175750496
498.40000000000003,7.155057258007982,-0.13561011505888101,-0.029831245265337758,0.011954217134170237,2.48144790341299,-0.4046815139289281
498.5,7.154134698044802,-0.13548231119134355,-0.028772585126305907,0.011999522808066966,2.4817941709822366,-0.40478766268402433
498.6,7.153827178057076,-0.13535160269045296,-0.027689304984040757,0.01204676462187381,2.4820942695422503,-0.4048867348554475
498.70000000000005,7.154046835191166,-0.1352237988229155,-0.026593714840158957,0.012095555347608752,2.4823020300837983,-0.40499288361054375
498.8,7.1548376008738925,-0.13509599495537802,-0.025510434697893807,0.012145894985271783,2.48248670612073,-0.40509903236564
498.90000000000003,7.156155543678435,-0.13497109572119367,-0.024457929559670282,0.012198945218808979,2.482579044139196,-0.4052051811207362
499.0,7.158088526458431,-0.13484329185365623,-0.023448509427105028,0.012254706048220338,2.4826482976530455,-0.4053042532921594
499.1,7.160504754933426,-0.13471839261947188,-0.02250063930262302,0.012312790245523838,2.4826021286438125,-0.4054033254635826
499.20000000000005,7.163448160530239,-0.13459639801864068,-0.02162662918784091,0.012373585038701502,2.482532875129963,-0.4054953210513327
499.3,7.166918743248868,-0.13447149878445633,-0.020851099085991996,0.012436315971789279,2.4823943681022644,-0.4055873166390827
499.40000000000003,7.17078470880886,-0.13435240881697824,-0.02018635899869293,0.012502531956715269,2.4821866075607164,-0.405693465394179
499.5,7.175046057210215,-0.134230414216147,-0.019632408925943704,0.012566037345767094,2.4819326780099353,-0.40579253756560213
499.6,7.179658857026115,-0.1341055149819627,-0.019213868870977622,0.012626832138944758,2.4815864104406886,-0.4058916097370253
499.70000000000005,7.184579176829741,-0.13398061574777834,-0.018930738833794685,0.012683754652302186,2.4811478048529763,-0.40599068190844845
499.8,7.1897191537674585,-0.13385571651359401,-0.018801483816819866,0.012736804885839382,2.480639945751414,-0.40609683066354474
499.90000000000003,7.19499092498563,-0.13372791264605655,-0.018813793818436515,0.012786370067538369,2.4800397486313863,-0.40619590283496787
500.0,7.200394490484255,-0.13360010877851908,-0.018979978840261282,0.012832062969417121,2.479347213492893,-0.4063020515900641
500.1,7.205798055982881,-0.1334694002776285,-0.01930003888229417,0.012872334679547548,2.478562340335934,-0.4063940471778142
500.20000000000005,7.211157690054689,-0.1333357871433848,-0.019767818943726846,0.012908346881875718,2.4776851291605086,-0.40648604276556427
500.3,7.2163855298460415,-0.13320217400914106,-0.020389474025367643,0.01294009957640163,2.476738664471234,-0.40657803835331435
500.40000000000003,7.221481575356941,-0.13306856087489735,-0.021146539124791582,0.01297146504294552,2.4757229462681103,-0.4066841871084106
500.5,7.226314032306931,-0.1329320431073005,-0.022032859241190344,0.01299818377370513,2.474637974551137,-0.4067832592798338
500.6,7.230838969269195,-0.1327984299730568,-0.02304843437456392,0.01302374082051867,2.4734606648156983,-0.4068823314512569
500.70000000000005,7.234968523390095,-0.13266191220545998,-0.02416864452167902,0.013048523411368161,2.4722371860710264,-0.4069814036226801
500.8,7.238702694669634,-0.13252539443786313,-0.025393489682535637,0.01307524214212777,2.4709675383171215,-0.40708755237777633
500.90000000000003,7.241953620254172,-0.13239178130361942,-0.026698349853900478,0.013105445924725592,2.469651721553984,-0.40719370113287257
501.0,7.244677368716895,-0.13225816816937572,-0.028070915034156887,0.013138747531179598,2.4683128202862297,-0.40729277330429575
501.1,7.2468300086309805,-0.13212745966848513,-0.029498875221688224,0.013175921417453837,2.466973919018476,-0.40739184547571894
501.20000000000005,7.248411539996432,-0.13199675116759452,-0.03095761041326118,0.013217354811530333,2.465658102255338,-0.407483841063469
501.3,7.24937803138643,-0.13186894730005708,-0.032428655606450786,0.013263822169373132,2.4643884545014334,-0.40758291323489215
501.40000000000003,7.2497294828009755,-0.13174404806587273,-0.03390585580044872,0.013316485174928304,2.4631649757567615,-0.4076890619899884
501.5,7.249421962813249,-0.13162205346504152,-0.03535228099040503,0.013368760952501455,2.4620338350305553,-0.4077952107450846
501.6,7.248499402850069,-0.13149715423085717,-0.03676793117631971,0.013421036730074604,2.460995032322815,-0.4079013595001809
501.70000000000005,7.246917871484617,-0.13137225499667282,-0.03812818635495947,0.013470989139755613,2.4600485676335406,-0.40800043167160405
501.8,7.244721300143713,-0.1312473557624885,-0.039420736524707664,0.013519005409526505,2.459240609971965,-0.4081136570103734
501.90000000000003,7.241909688827354,-0.13112245652830415,-0.04062096168233098,0.013563923855441211,2.4585942438427044,-0.4082198057654696
502.0,7.238526968962361,-0.13099465266076668,-0.04172270682702111,0.013603808337589614,2.4580863847411423,-0.4083188779368928
502.1,7.234573140548733,-0.13086684879322924,-0.042707506956353065,0.01363827162798969,2.4577632016765123,-0.40842502669198905
502.20000000000005,7.230136066440105,-0.13073614029233863,-0.04356920706951852,0.013665764814713348,2.45764777915343,-0.4085240988634122
502.3,7.225215746636478,-0.13060543179144804,-0.04429549716490084,0.013685513441796537,2.4577862861811286,-0.40862317103483536
502.40000000000003,7.2199000439914895,-0.13047181865720434,-0.04487406724088336,0.013698291965203306,2.4581556382549916,-0.4087293197899316
502.5,7.2141889585051375,-0.1303353008896075,-0.045304917297466094,0.0136998408771314,2.4588020043842524,-0.40883546854502784
502.6,7.208214284457877,-0.13019878312201066,-0.04558804733464903,0.013692096317490934,2.459702300064294,-0.4089486938837972
502.70000000000005,7.201932090422889,-0.13005645608770758,-0.04571114735081552,0.013676219970227976,2.4608796097997327,-0.4090548426388934
502.8,7.195518102107447,-0.1299170336867576,-0.04567421734596557,0.0136533735192886,2.4623570180951857,-0.4091609913939897
502.90000000000003,7.188928388084733,-0.12977470665245452,-0.045489567321715836,0.013626267560546967,2.4641345249506523,-0.409274216732759
503.0,7.182294742635201,-0.12963237961815147,-0.045151042277257976,0.013593353182074984,2.466212130366133,-0.4093803654878553
503.1,7.175661097185669,-0.12949005258384838,-0.044664797213400324,0.013557728207728837,2.468589834341627,-0.40947236107560536
503.20000000000005,7.169115314589773,-0.1293477255495453,-0.04404314213175953,0.013520554321454598,2.471313805886368,-0.4095714332470285
503.3,7.1627452577011494,-0.12920830314859533,-0.04329223203314391,0.01348454211912643,2.4743609604957397,-0.4096705054184517
503.40000000000003,7.15650699509298,-0.12907178538099848,-0.04242437691917012,0.01345201496863647,2.4777312981697412,-0.4097766541735479
503.5,7.150576252472537,-0.12893817224675477,-0.04144573179064649,0.013419100590164487,2.481401734403757,-0.40988280292864415
503.6,7.144909098413003,-0.12880455911251107,-0.040374761649997995,0.01338812235160262,2.485372269197786,-0.4099889516837404
503.70000000000005,7.139637327194832,-0.12867094597826736,-0.039229931499649595,0.013357531341022778,2.4896198180472133,-0.4100880238551636
503.8,7.134760938818023,-0.12854023747737675,-0.038017396340409626,0.013328489242371028,2.494121296447421,-0.4101941726102598
503.90000000000003,7.130279933282577,-0.1284124336098393,-0.03675562117470306,0.013300996055647371,2.4988767043984095,-0.41030032136535605
504.0,7.1262821734421316,-0.12828462974230184,-0.03546307100495487,0.013274277324887762,2.5037937038817137,-0.41039939353677923
504.1,7.122811590723502,-0.12815682587476437,-0.03415821083359003,0.01324717136614613,2.508895379401949,-0.4104843125408562
504.20000000000005,7.119824253699871,-0.12803192664058002,-0.03284719566141687,0.013218903723458426,2.514135561949883,-0.4105763081286063
504.3,7.1173640937980585,-0.1279070274063957,-0.03155464549166868,0.013190248852788699,2.5194911670208997,-0.4106683037163564
504.40000000000003,7.1154311110180615,-0.12777922353885823,-0.030286715325153785,0.01315888338624481,2.5249160256057652,-0.41076737588777956
504.5,7.114025305359883,-0.12765141967132076,-0.029074180165913815,0.013120935044006524,2.5303639686952475,-0.4108593714755296
504.6,7.113146676823521,-0.1275236158037833,-0.02791704001394877,0.01307872719396598,2.5357657427754967,-0.41095136706327967
504.70000000000005,7.112751293982158,-0.1273929073028927,-0.02683375987168362,0.013030323696213065,2.541098263341897,-0.41104336265102975
504.8,7.112839156835794,-0.12726219880200212,-0.025830494739926692,0.012978435146621939,2.5463153613852145,-0.41114243482245294
504.90000000000003,7.113366333957612,-0.12712858566775842,-0.024931864621911284,0.012924223229138674,2.551370867896217,-0.411234430410203
505.0,7.114288893920792,-0.12699497253351472,-0.02413171451682907,0.01286691348779922,2.556195529361055,-0.41131934941428
505.1,7.115606836725334,-0.12685845476591787,-0.0234423544262967,0.01280766760654965,2.5607893457797286,-0.41139719183468393
505.20000000000005,7.117276230944422,-0.12672193699832104,-0.022869939351122505,0.012747647269336035,2.565106148143005,-0.4114821108387609
505.3,7.119253145151236,-0.1265883238640773,-0.0224206242921148,0.01268995030001456,2.569122851946267,-0.41156702984283794
505.40000000000003,7.121493647918959,-0.1264547107298336,-0.022100564250081913,0.012634963926567247,2.5727702036756663,-0.4116519488469149
505.5,7.123909876393954,-0.12631819296223676,-0.021903604224215525,0.01258075200908398,2.576025118826586,-0.411743944434665
505.6,7.126501830576221,-0.12618457982799305,-0.021835899215323952,0.012528863459492855,2.5788414283897927,-0.4118217868550689
505.70000000000005,7.129225579038944,-0.12604806206039623,-0.02188513922179055,0.012480847189721962,2.581196047860671,-0.4119067058591459
505.8,7.131993258928484,-0.1259144489261525,-0.022057479244423642,0.012437864883717373,2.583065892734603,-0.4119916248632229
505.90000000000003,7.134760938818023,-0.12578374042526191,-0.022346764282414902,0.01240146545340718,2.5844278785069736,-0.4120765438672999
506.0,7.137484687280745,-0.12565303192437133,-0.022740684334147686,0.012370487214845315,2.5852589206731658,-0.4121614628713769
506.1,7.14012057288983,-0.12552232342348074,-0.023233084398813664,0.012344930168031775,2.585535934728563,-0.4122393052917808
506.20000000000005,7.142624664218462,-0.12539161492259016,-0.02381780947560451,0.012325181540948584,2.585282005177782,-0.41231714771218475
506.3,7.1449969612666395,-0.1252638110550527,-0.02448254956290358,0.012312790245523838,2.58445096301159,-0.41240914329993483
506.40000000000003,7.147105669753907,-0.12513600718751522,-0.025221149659902544,0.012304271229919325,2.5830428082299868,-0.41250113888768486
506.5,7.148994721107086,-0.12500820331997778,-0.026008989763368108,0.012296139442296836,2.5810575408329717,-0.4125860578917619
506.6,7.150576252472537,-0.12487749481908718,-0.02684606987330027,0.012289169338620416,2.5784720763159297,-0.412678053479512
506.70000000000005,7.151806332423444,-0.12474678631819659,-0.027713924987274055,0.012282973690908042,2.5753325836880925,-0.41276297248358895
506.8,7.152728892386624,-0.12461898245065912,-0.02860640010448114,0.012279488639069832,2.57163906294946,-0.41285496807133903
506.90000000000003,7.1532121380816225,-0.12448827394976854,-0.029498875221688224,0.012278326955123762,2.5673915141000334,-0.4129469636590891
507.0,7.153343932362077,-0.12435466081552483,-0.030385195338086982,0.012276778043195668,2.5626130216444283,-0.4130318826631661
507.1,7.152992480947532,-0.12422395231463425,-0.03125305045206077,0.012276778043195668,2.5573497545918777,-0.4131168016672431
507.20000000000005,7.152245646691624,-0.12409033918039053,-0.032090130561992926,0.012277165271177693,2.551670966456231,-0.4132017206713201
507.3,7.151059498167536,-0.12395672604614681,-0.03288412566626681,0.012280650323015901,2.5455535727328717,-0.4132937162590702
507.40000000000003,7.149390103948448,-0.12382601754525623,-0.03361657076245746,0.012285297058800182,2.5390668269356493,-0.41338571184682027
507.5,7.147325326887998,-0.12369240441101252,-0.03429362085137318,0.012290331022566485,2.532279982578413,-0.41347770743457035
507.6,7.144777304132549,-0.1235587912767688,-0.034890655929780676,0.012297301126242905,2.5251930396611626,-0.41357677960599354
507.70000000000005,7.141833898535737,-0.12342808277587822,-0.03540767599767995,0.012306981825793489,2.5178983362023644,-0.41366877519374357
507.8,7.138407247243925,-0.12329737427498763,-0.035832371053454354,0.012318985893236212,2.510418956706635,-0.41376784736516675
507.90000000000003,7.134629144537569,-0.12316666577409704,-0.03616474109710389,0.012334087784535121,2.5028472391924392,-0.41385984295291683
508.0,7.130499590416668,-0.12303595727320646,-0.03639863112782023,0.012349576903816054,2.4952062681643943,-0.4139518385406669
508.1,7.125974653454405,-0.12290815340566899,-0.03652173114398672,0.012366614935025081,2.4875883816409656,-0.4140367575447439
508.20000000000005,7.1211861279312325,-0.12278034953813152,-0.03654635114722002,0.012384814650180178,2.480062833136003,-0.4141216765488209
508.3,7.1160900824203335,-0.12265545030394719,-0.03646018113590348,0.012405724961209437,2.4726988761633555,-0.4142065955528979
508.40000000000003,7.110774379775344,-0.12253055106976285,-0.03626937611084541,0.012423924676364533,2.465542679732256,-0.414298591140648
508.5,7.1053268828499005,-0.12240565183557851,-0.035973936072045826,0.01243747765573535,2.4586634973565538,-0.41439058672839807
508.6,7.099703660217184,-0.12227784796804105,-0.03558001602031304,0.012444834987393794,2.452107498045482,-0.41448258231614815
508.70000000000005,7.093992574730832,-0.12215004410050358,-0.03508146095483874,0.01244560944335784,2.4459439353128896,-0.4145816544875713
508.8,7.088237557817662,-0.12202224023296612,-0.03449673587804789,0.01243980102362749,2.44021897816801,-0.41467365007532137
508.90000000000003,7.082482540904492,-0.12189443636542865,-0.0338258407899405,0.01242586081627465,2.4349557111154594,-0.41476564566307145
509.0,7.076815386844958,-0.12176372786453807,-0.03308108569213321,0.01240262713735325,2.4302233876690873,-0.4148505646671485
509.1,7.071236095639059,-0.12163011473029435,-0.032256315583817696,0.012371261670809361,2.42604509233351,-0.41492840708755235
509.20000000000005,7.065788598713616,-0.12149940622940376,-0.03138230546903559,0.012330602732696911,2.4224900786225763,-0.4150062495079563
509.3,7.060604690349081,-0.12136579309516006,-0.030452900346978555,0.012285297058800182,2.41960451554552,-0.4150911685120333
509.40000000000003,7.055640439118636,-0.12123217996091634,-0.02948656522007157,0.012231472369298939,2.4173653185977244,-0.41518316409978334
509.5,7.050983707875918,-0.12110147146002576,-0.028495610089931293,0.012169515892175208,2.415841741293039,-0.4152680831038604
509.6,7.046634496620927,-0.12096785832578204,-0.027492344958174365,0.012101750995321124,2.4150106991268467,-0.41535300210793735
509.70000000000005,7.042680668207298,-0.12083424519153833,-0.02648292482560911,0.012029339362682762,2.4149183611083807,-0.4154379211120144
509.8,7.039078291208215,-0.12070353669064775,-0.02549196969546883,0.011953442678206189,2.415541642733025,-0.4155299166997644
509.90000000000003,7.035915228477312,-0.12057573282311028,-0.02452563456856185,0.011874835397855454,2.4168574594961627,-0.41560775912016834
510.0,7.03319148001459,-0.1204450243222197,-0.02359622944650482,0.011793130293648531,2.4188888959024104,-0.41567852495689916
510.1,7.030907045820049,-0.12032012508803536,-0.022728374332531037,0.011711812417423632,2.4216128674471515,-0.41574221420995694
510.20000000000005,7.029105857320507,-0.120195225853851,-0.021922069226640497,0.011630881769180756,2.425029374130386,-0.41581298004668776
510.3,7.027743983089146,-0.1200732312530198,-0.021201934132066506,0.011553048944794067,2.429092246942881,-0.4158837458834186
510.40000000000003,7.0269092859796025,-0.1199541412855417,-0.020574124049617386,0.011474441664443332,2.4337784013800206,-0.4159545117201494
510.5,7.02651390313824,-0.11983795595141673,-0.020050948980909783,0.011394285472164504,2.4390647529371874,-0.4160182009732072
510.6,7.026601765991876,-0.11971886598393865,-0.019657028929177003,0.011312193139975559,2.4449051326051494,-0.416088966809938
510.70000000000005,7.027128943113693,-0.11960268064981368,-0.019386208893610715,0.011227777439894473,2.451253371374673,-0.41615265606299573
510.8,7.028095434503691,-0.11948649531568871,-0.01926310887744422,0.0111402639159572,2.4580402157319097,-0.41622342189972655
510.90000000000003,7.02950124016187,-0.11937030998156374,-0.019293883881485844,0.011049265340181719,2.465242581172242,-0.4162800345691112
511.0,7.031302428661412,-0.1192570292807919,-0.019478533905735586,0.010954781712568026,2.472791214181821,-0.4163366472384959
511.1,7.033499000002316,-0.11913793931331382,-0.019829368951810096,0.010855264121188032,2.4806630302560304,-0.4163861833242075
511.20000000000005,7.036047022757766,-0.11902175397918885,-0.020352544020517695,0.010751874249987803,2.488788775881021,-0.41644279599359213
511.3,7.038902565500942,-0.11890556864506388,-0.021054214112666714,0.01064577378291341,2.497099197542943,-0.4165064852466499
511.40000000000003,7.042065628231845,-0.1187864786775858,-0.021928224227448823,0.010532315984180576,2.5055250417279473,-0.4165630979160346
511.5,7.045448348096838,-0.11866448407675458,-0.022986884366480675,0.010412275309753343,2.514020139426801,-0.4166267871690923
511.6,7.049050725095922,-0.11854248947592336,-0.024217884528145616,0.010287587899541832,2.5225152371256545,-0.41668339983847696
511.70000000000005,7.05278489637546,-0.11842049487509214,-0.02562122471244365,0.010160964349420204,2.530941081310659,-0.41674001250786163
511.8,7.056562999081816,-0.11829850027426093,-0.027190749918566456,0.010035889711226669,2.5392284184679643,-0.4168037017609194
511.90000000000003,7.06038503321499,-0.11817650567342972,-0.028920305145705698,0.009913138440925274,2.5473310795883384,-0.4168603144303041
512.0,7.064207067348164,-0.1180545110725985,-0.030797580392244738,0.009792323310533995,2.555156726653315,-0.4169169270996887
512.1,7.0678533757740665,-0.11793542110512041,-0.03281026565656692,0.00967654214390902,2.5626822751582776,-0.41697353976907336
512.2,7.071367889919514,-0.11781923577099544,-0.0349460509370556,0.009568892764906535,2.5698615560939935,-0.41703722902213114
512.3000000000001,7.074618815504053,-0.11770595507022359,-0.037186471231285795,0.009470149629490585,2.576602231441997,-0.41710091827518886
512.4,7.077518289674047,-0.11759267436945176,-0.03951921653764086,0.009377989369769035,2.5828812166976713,-0.41716460752824663
512.5,7.07997844957586,-0.11748229830203304,-0.0419196668528875,0.009293960897669972,2.5886292583471673,-0.41722829678130435
512.6,7.081955363782674,-0.11737192223461432,-0.04437551217540906,0.009219613125121493,2.593800187381252,-0.417284909450689
512.7,7.083361169440853,-0.11726445080054872,-0.0468498225003556,0.00915533328010562,2.598394003799926,-0.4173485987037468
512.8000000000001,7.084064072269943,-0.11716278863318938,-0.04933028782611046,0.009103831958496518,2.602341454089339,-0.4174193645404776
512.9,7.084064072269943,-0.11706112646583003,-0.051786133148632015,0.009062398564420022,2.605642538249491,-0.41749013037720845
513.0,7.083273306587217,-0.11696236893182381,-0.05419273846468698,0.009029096957966016,2.60825108727115,-0.4175538196302662
513.1,7.08160391236813,-0.11686361139781759,-0.05652548377104205,0.009005476051062592,2.610190185658932,-0.41762458546699704
513.2,7.079011958185862,-0.11676775849716449,-0.05875974906446392,0.008990374159763682,2.6114598334128365,-0.4177024278874009
513.3000000000001,7.0754535126135965,-0.11667481022986452,-0.06086475934091097,0.00898185514415917,2.612036946028248,-0.41778027030780485
513.4,7.070884644224515,-0.11657895732921142,-0.06280973959634158,0.008976821180392867,2.6119676925143986,-0.4178651893118818
513.5,7.0653053530186165,-0.11648310442855832,-0.06457622482833078,0.008974110584518703,2.611205903862056,-0.41794303173228575
513.6,7.058671707569085,-0.11638725152790522,-0.06613959503364525,0.008974497812500726,2.6098208335850686,-0.4180279507363628
513.7,7.0510276393027365,-0.116288493993899,-0.0674690752082434,0.00897837009232096,2.607835566188054,-0.41811286974043976
513.8000000000001,7.042373148219571,-0.11619554572659903,-0.06855235535050855,0.008987276335907495,2.6052501016710115,-0.41819778874451674
513.9,7.032708234319591,-0.11609969282594593,-0.06935866045639907,0.00899928040335022,2.6021567780524073,-0.4182827077485938
514.0,7.02212076045643,-0.11600383992529283,-0.06986952552349003,0.00901438229464913,2.5985325108276247,-0.41836762675267075
514.1,7.010654658056908,-0.11590798702463974,-0.07006648554935642,0.009031807553840178,2.5945158070243624,-0.4184454691730747
514.2,6.99839778997466,-0.11581213412398664,-0.06994338553318993,0.009053879548815508,2.5901066666426202,-0.41853746476082476
514.3000000000001,6.985394087636504,-0.11571918585668665,-0.06948791547337389,0.009080598279575119,2.585328174187015,-0.41862946034857484
514.4,6.971775345322895,-0.11562623758938669,-0.06868776536829169,0.009109640378226867,2.5802726676760126,-0.4187214559363249
514.5,6.957629425887468,-0.11553328932208672,-0.06753062521632663,0.00914255475669885,2.5749863161188453,-0.41882052810774806
514.6,6.943088123610679,-0.11544324568813986,-0.06602880501909542,0.009178954187009043,2.5694922040201305,-0.41891960027917124
514.7,6.928239301346164,-0.11535320205419301,-0.06416999477498135,0.009220000353103516,2.5638595848937165,-0.4190186724505944
514.8000000000001,6.913214753374375,-0.11526315842024616,-0.06196034948479277,0.009264918799018222,2.5581577122534536,-0.4191248212056906
514.9,6.898190205402587,-0.11517601941965244,-0.05941217915014634,0.009312547840807091,2.552386586099341,-0.4192168167934407
515.0,6.883297451711253,-0.11509178505241184,-0.0565377937726587,0.009363274706452148,2.546638544449845,-0.4193017357975177
515.1,6.86862435515401,-0.11500464605181812,-0.05334334835313817,0.009416324939989344,2.541005925323431,-0.4193795782179216
515.2,6.854390572864948,-0.11492331631793064,-0.049853462894818054,0.009473634681328795,2.535511813224716,-0.4194715738056717
515.3000000000001,6.840683967697703,-0.11484198658404315,-0.04608660240012333,0.009533267790560388,2.5301792926583158,-0.41956356939342176
515.4,6.827680265359547,-0.11476065685015568,-0.04206738687228729,0.009590190303917818,2.5251237861473133,-0.4196484883974988
515.5,6.815467328704116,-0.1146793271162682,-0.037826591315351564,0.009645176677365131,2.520345293691708,-0.4197404839852489
515.6,6.804220883438685,-0.11459799738238073,-0.03338883573254944,0.009696290770992209,2.5158899843007334,-0.41983247957299896
515.7,6.794028792416887,-0.11451666764849325,-0.028784895127922556,0.009744307040763102,2.5118040269836217,-0.41992447516074904
515.8000000000001,6.785022849919177,-0.11443533791460578,-0.02405169950632085,0.009789225486677808,2.508133590749606,-0.420009394164826
515.9,6.777290918799193,-0.1143540081807183,-0.019232333873402598,0.009828335512862165,2.5048786755986865,-0.42008723658522995
516.0,6.770920861910569,-0.11427267844683082,-0.014351418232401098,0.009862411575280217,2.5020623660354797,-0.4201580024219608
516.1,6.7660005421069425,-0.11418844407959022,-0.009464347590591273,0.009892615357878037,2.4997770000784514,-0.4202216916750185
516.2,6.76261782224195,-0.11411001897905587,-0.004595741951206423,0.00992088300056574,2.4979994932229848,-0.42028538092807627
516.3000000000001,6.76077270231559,-0.11402868924516839,0.00020515867928685467,0.009946827275361303,2.49672984546908,-0.4203561467648071
516.4,6.760509113754681,-0.11395026414463404,0.004895269295230288,0.009967350358408539,2.4959911413213534,-0.4204269126015379
516.5,6.7618709879860415,-0.11386893441074657,0.009443814892582253,0.009984388389617566,2.4957833807798053,-0.4204906018545957
516.6,6.764814393582854,-0.11379050931021222,0.013807710465684476,0.00999871582495243,2.4960603948352027,-0.4205542911076534
516.7,6.7692953991183,-0.11371208420967786,0.017943871008878686,0.010010719892395152,2.4968221834875455,-0.4206109037770381
516.8000000000001,6.775357936019197,-0.11363656374249663,0.02181536651731493,0.010020013363963713,2.4980456622322174,-0.4206745930300958
516.9,6.7828262785782725,-0.1135610432753154,0.025397576987759914,0.010026596239658108,2.4996846620599853,-0.4207170525321343
517.0,6.791656495368709,-0.11348552280813418,0.02865357241536369,0.010032017431406436,2.501716098466233,-0.42075951203417283
517.1,6.801804654963689,-0.11341000234095294,0.031552577796084634,0.010036664167190715,2.5041399714509605,-0.42079489495253825
517.2,6.813138963082757,-0.11334029114047796,0.03406997312668944,0.010042859814903089,2.5068639429957016,-0.42083735445457676
517.3000000000001,6.825483694018642,-0.11326767530664986,0.03618113840394482,0.010048281006651415,2.5098880131004564,-0.4208798139566152
517.4,6.838794916344525,-0.11319796410617487,0.03786760862542579,0.010050604374543555,2.513142928251376,-0.42092227345865374
517.5,6.852809041499496,-0.1131282529056999,0.039117073789515705,0.010050604374543555,2.516582519439227,-0.42095765637701915
517.6,6.867438206629922,-0.11305854170522492,0.03991106889378959,0.010047506550687368,2.52013753315016,-0.42098596271171146
517.7,6.882462754601709,-0.11298883050474993,0.040243438937439126,0.010042859814903089,2.5238079693841757,-0.42102134563007687
517.8000000000001,6.8977508911344065,-0.11291911930427495,0.040114183920464314,0.010038213079118808,2.5275014901228077,-0.42105672854844234
517.9,6.913126890520739,-0.1128523127371531,0.03952945884367346,0.010032017431406436,2.5311950108614396,-0.42108503488313465
518.0,6.928371095626618,-0.11278260153667811,0.03848310870625826,0.010025434555712039,2.534842362590839,-0.42111334121782695
518.1,6.943351712171588,-0.11271579496955626,0.03699359851064368,0.010019238907999665,2.5384435453110052,-0.4211416475525193
518.2,6.957849083021559,-0.11264898840243441,0.03506708325763804,0.010015753856161455,2.5419062210034724,-0.42117703047088473
518.3000000000001,6.971731413896077,-0.11258218183531256,0.032722027949666325,0.010011494348359198,2.5452303896682413,-0.42121241338925014
518.4,6.984779047661051,-0.11251537526819069,0.029989207590770152,0.010004911472664803,2.548323713286846,-0.42124071972394245
518.5,6.996904121462844,-0.11244566406771572,0.026874777181757847,0.009999103052934452,2.551209276363902,-0.4212619494749617
518.6,7.007886978167368,-0.11238176213394699,0.023421821728287683,0.009996005229078266,2.553817825385561,-0.42129025580965407
518.7,7.017639754920984,-0.11231495556682514,0.019654961233592956,0.00999871582495243,2.5561031913425896,-0.4213256387280195
518.8000000000001,7.026074588870059,-0.11225395826640952,0.015604970701715293,0.010007622068538965,2.5580653742349875,-0.4213610216463849
518.9,7.0329718228805,-0.11219005633264079,0.011314935138312967,0.010020787819927759,2.559635120548906,-0.4213893279810772
519.0,7.038331456952307,-0.1121319636655783,0.006815629547427599,0.010040923674992971,2.5608124302843454,-0.4214247108994426
519.1,7.042065628231845,-0.11207387099851582,0.0021501389347174647,0.010066867949788534,2.5615973034413044,-0.42146717040148113
519.2,7.044130405292296,-0.11201577833145333,-0.002644606694967489,0.010099782328260518,2.561966655515168,-0.4215167064871927
519.3000000000001,7.044437925280022,-0.11196059029774398,-0.007525522335968988,0.010139279582426898,2.5618512329920855,-0.4215662425729043
519.4,7.043032119621843,-0.11190830689738775,-0.01244952298262876,0.010182261888431486,2.5612972048812908,-0.4216087020749428
519.5,7.0399129883177585,-0.11185311886367838,-0.01737967863009686,0.01023143984214845,2.560281486678167,-0.4216582381606544
519.6,7.035080531367768,-0.11180083546332215,-0.022279059273523333,0.010286813443577784,2.5587809938780977,-0.42170777424636596
519.7,7.02857868019869,-0.11175145669631904,-0.027104579907249907,0.010349544376665564,2.5568418954903156,-0.42176438691575063
519.8000000000001,7.020495297664161,-0.11170207792931593,-0.031813155525618315,0.010417309273519648,2.554441107010205,-0.4218209995851353
519.9,7.010874315190998,-0.11165269916231282,-0.036380166125395255,0.010490108134140032,2.551624797446998,-0.42187053567084687
520.0,6.999847527059656,-0.11160622502866283,-0.04076252670092245,0.010566779274580652,2.5483929668006953,-0.42192714834023154
520.1,6.9875467275505905,-0.11155684626165972,-0.044941772249774935,0.01064693546685948,2.5448148685851453,-0.4219837610096162
520.2,6.974059779517436,-0.11151327676136286,-0.04888097276710275,0.010732512850886635,2.540890502800349,-0.42204745026267393
520.3000000000001,6.959474545813828,-0.11146680262771287,-0.05255550824967261,0.010818864690877839,2.536642953950922,-0.42211821609940475
520.4,6.944054615000677,-0.11142032849406289,-0.055946913695059525,0.010904829302887017,2.5320953065414815,-0.4221889819361356
520.5,6.9278439185048,-0.11137094972705977,-0.05903672410083853,0.010990793914896196,2.527316814085876,-0.42225974777286646
520.6,6.9110621134602885,-0.11132447559340979,-0.061806474464584656,0.011076371298923351,2.5223074765841065,-0.42233759019327033
520.7,6.893884925574414,-0.1112780014597598,-0.06426231978710621,0.01116233591093253,2.5171365475500216,-0.42241543261367426
520.8000000000001,6.876400217700812,-0.11122862269275668,-0.06637964006516991,0.011249074978905756,2.5118040269836217,-0.4224861984504051
520.9,6.858827646973575,-0.1111821485591067,-0.06815843529877576,0.011334652362932912,2.5063791683987557,-0.42254988770346286
521.0,6.841342939099974,-0.11113567442545672,-0.06960486048873207,0.01142177865888816,2.500931225309274,-0.4226065003728475
521.1,6.8240778883604625,-0.11108920029180673,-0.07072507063584717,0.011509679410807456,2.4954832822197917,-0.42267018962590525
521.2,6.807208220462314,-0.11104563079150986,-0.07151906574012105,0.011600677986582937,2.4900815081395424,-0.422733878878963
521.3000000000001,6.790865729685984,-0.11099915665785988,-0.07199915580317039,0.011690127650430326,2.484795156582375,-0.42280464471569384
521.4,6.775182210311924,-0.11095849179091614,-0.07218380582742012,0.011779190086295691,2.479647312052907,-0.42287541055242467
521.5,6.76028945662059,-0.11091492229061928,-0.07207917081367861,0.011867865294179034,2.47468414356037,-0.4229390998054824
521.6,6.746319262892436,-0.11087425742367554,-0.07171602576598744,0.011956927730044399,2.4699749046186144,-0.4230098656422132
521.7,6.733359491981099,-0.1108335925567318,-0.07111283568677162,0.012046377393891788,2.465542679732256,-0.4230806314789441
521.8000000000001,6.721498006740213,-0.11079583232314119,-0.07028806557845611,0.012134278145811084,2.4614336379105275,-0.4231443207320018
521.9,6.7107787385965985,-0.11075807208955057,-0.06926633544427421,0.012219468301856216,2.457670863658046,-0.4232009334013865
522.0,6.701333481830709,-0.11072321648931308,-0.06807226528745922,0.012302722317991231,2.4543466949932777,-0.42325046948709805
522.1,6.693118305015725,-0.11068545625572247,-0.06673663011205275,0.01238404019421613,2.451507300925454,-0.42329292898913656
522.2,6.686265002432102,-0.1106535052888381,-0.06528404992128811,0.012466132526405075,2.449175765959193,-0.42334954165852123
522.3000000000001,6.680729642653023,-0.11062155432195374,-0.06374529971920694,0.01254435257877379,2.4474213436083425,-0.4234061543279059
522.4,6.6765122256784855,-0.11058960335506937,-0.06213268950742586,0.01261676421141215,2.4462440338729037,-0.42345569041361747
522.5,6.673612751508491,-0.11056055702153812,-0.060489304291603166,0.01268414188028421,2.445666921257492,-0.42350522649932903
522.6,6.671987288716221,-0.11052860605465377,-0.05882745407335549,0.012744936673461873,2.4457592592759583,-0.42355476258504066
522.7,6.671547974448041,-0.11049955972112252,-0.057177913856724466,0.012798374134981092,2.446474878919068,-0.4236042986707522
522.8000000000001,6.672294808703948,-0.11046760875423815,-0.05555914864413507,0.012845228720805915,2.447859949196055,-0.42364675817279074
522.9,6.67409599720349,-0.11043856242070692,-0.053989623438012266,0.012883951519008247,2.4498913856023026,-0.42367506450748305
523.0,6.676907608519848,-0.11040661145382255,-0.052487803240781034,0.01291686589748023,2.4525922726424274,-0.42370337084217535
523.1,6.68055391694575,-0.1103775651202913,-0.05106599805405802,0.012943971856221863,2.455962610316429,-0.42373875376054077
523.2,6.684990991054377,-0.11034851878676007,-0.04973651787945989,0.01296565662321517,2.459956229615075,-0.42376706009523313
523.3000000000001,6.690043105138458,-0.11031947245322882,-0.04851782771941159,0.012978047918639915,2.4645500460337484,-0.42380244301359854
523.4,6.695622396344356,-0.11029042611969758,-0.047409927573913144,0.012982694654424197,2.4697209750678333,-0.42383074934829085
523.5,6.701553138964798,-0.11025847515281322,-0.04641897244377287,0.01297959683056801,2.4754228477080966,-0.4238590556829832
523.6,6.707703538719332,-0.11022942881928197,-0.04555111732979908,0.012971077814963495,2.481609494945305,-0.42388028543400247
523.7,6.713941801327501,-0.11020038248575073,-0.04480020723118346,0.012959073747520772,2.4882116632656097,-0.4239085917686948
523.8000000000001,6.720136132508853,-0.1101713361522195,-0.04416624214792602,0.012943971856221863,2.4952293526690106,-0.42392982151971403
523.9,6.726110806556114,-0.11014228981868825,-0.04363691207841009,0.012925384913084743,2.502547140632425,-0.4239510512707333
524.0,6.731821892042466,-0.11011614811851013,-0.043218372023444016,0.012904861830037508,2.5101650271558538,-0.42396520443807945
524.1,6.737049731833819,-0.11009000641833201,-0.04288600197979448,0.01288433874699027,2.51805992773468,-0.4239864341890987
524.2,6.741794325930173,-0.11006676935150701,-0.04263980194746149,0.01286575180385315,2.526116419845821,-0.42400766394011796
524.3000000000001,6.745879948624256,-0.11004353228468203,-0.0424674619248284,0.012844454264841867,2.534288334480044,-0.42403597027481027
524.4,6.749306599916067,-0.11002029521785703,-0.04234436190866191,0.012823156725830585,2.5425525871327332,-0.4240501234421564
524.5,6.751898554098334,-0.10999705815103204,-0.042264346898153685,0.012801859186819302,2.5508399242900386,-0.42406427660950263
524.6,6.753699742597877,-0.10997672571756018,-0.04221510689168709,0.012782110559736113,2.5591272614473444,-0.42408550636052184
524.7,6.754666233987875,-0.10995929791744143,-0.04217202188602881,0.012766621440455178,2.567322260586184,-0.4241138126952142
524.8000000000001,6.754710165414693,-0.10994187011732268,-0.042116626878753886,0.01275268123310234,2.575378752697325,-0.42413504244623346
524.9,6.753919399731966,-0.10992444231720394,-0.04204276686905399,0.012740677165659615,2.583227484266918,-0.4241491956135796
525.0,6.752206074086061,-0.10990701451708519,-0.04193197685450415,0.012732545378037126,2.5908915397995798,-0.4241775019482719
525.1,6.749614119903794,-0.10989249135031957,-0.041759636831871054,0.0127271241862888,2.5982324122676106,-0.4241987316992912
525.2,6.746187468611982,-0.10987796818355394,-0.041519591800346395,0.012724800818396659,2.605227017166395,-0.4242341146176566
525.3000000000001,6.741970051637446,-0.10986344501678832,-0.04119337675750518,0.012722090222522495,2.611806100982083,-0.42426242095234895
525.4,6.737005800407001,-0.10984601721666958,-0.0407748367025391,0.012720541310594403,2.6179234947054426,-0.4242836507033682
525.5,6.731294714920648,-0.10983149404990396,-0.040245506633023176,0.012722477450504519,2.6234868603180073,-0.4243119570380605
525.6,6.724924658032025,-0.10981697088313834,-0.03959923154814908,0.012728673098216892,2.6284731133151604,-0.4243402633727529
525.7,6.717983492594766,-0.10980535234972584,-0.038823701446300166,0.012740677165659615,2.6328130001830528,-0.4243685697074452
525.8000000000001,6.71051515003569,-0.10979082918296022,-0.03791891632747643,0.012757327968886619,2.636460351912452,-0.4244039526258106
525.9,6.702563561781615,-0.10977921064954772,-0.03687256619006123,0.012778625507897903,2.639345914989508,-0.4244322589605029
526.0,6.694260522112995,-0.1097646874827821,-0.03569080603486289,0.012804957010675489,2.6415158584234546,-0.42446056529519527
526.1,6.685649962456649,-0.10975597358272274,-0.03436748086107307,0.012837871389147472,2.642854759691209,-0.4244959482135607
526.2,6.6768197456662115,-0.10974435504931024,-0.03290874566950012,0.01287736864331385,2.6434087878020036,-0.4245313311319261
526.3000000000001,6.667901666022139,-0.10973273651589774,-0.03131460046014401,0.01291918926537237,2.6431086892419895,-0.4245667140502915
526.4,6.65889572352443,-0.10972402261583837,-0.029591200233813092,0.012966818307161239,2.6419775485157837,-0.4246020969686569
526.5,6.649977643880357,-0.10971530871577899,-0.027750854992124003,0.013019094084734388,2.6400384501280016,-0.42463747988702233
526.6,6.64114742708992,-0.10970659481571962,-0.025793564735076744,0.013077565510019911,2.637268309574028,-0.42467993938906085
526.7,6.632580798860391,-0.10969788091566025,-0.023743949465904614,0.013141845355035783,2.6337132958630947,-0.42471532230742626
526.8000000000001,6.624277759191772,-0.10968916701560087,-0.021602009184607612,0.013210384707853913,2.629396493499818,-0.42474362864211856
526.9,6.616414033791333,-0.10968335774889462,-0.019392363894419038,0.013284732480402392,2.624364071493432,-0.4247648583931378
527.0,6.609033554085893,-0.10967464384883525,-0.017115013595338895,0.013362952532771104,2.618662198853169,-0.4247860881441571
527.1,6.60218025150227,-0.10967173921548214,-0.014800733291408802,0.013446593776888144,2.6123370445882617,-0.42480731789517634
527.2,6.595985920320919,-0.10966592994877589,-0.012455677983437085,0.013534494528807438,2.605434777707943,-0.42483562422986865
527.3000000000001,6.590494491968657,-0.10966302531542275,-0.010104467674657044,0.013622008052744711,2.59797848271683,-0.4248568539808879
527.4,6.585705966445485,-0.1096572160487165,-0.007759412366685327,0.01371029603264603,2.5900143286241546,-0.42488516031558027
527.5,6.581664275178221,-0.10965140678201027,-0.005432822061138585,0.013798584012547348,2.58158848443915,-0.42490639006659947
527.6,6.578501212447318,-0.10964559751530402,-0.003149316761250115,0.01388725922043069,2.57274711917105,-0.42493469640129183
527.7,6.57612891539914,-0.10964269288195089,-0.0009273614694448929,0.013976321656296056,2.5635133173244697,-0.42496300273598414
527.8000000000001,6.5746352468873255,-0.10963688361524464,0.0012268888134687574,0.014064609636197375,2.55388707889941,-0.42497715590333035
527.9,6.573932344058236,-0.10962816971518527,0.003294969085065862,0.014152123160134648,2.543960741914337,-0.4249842324870034
528.0,6.574108069765508,-0.10962236044847902,0.005252259342113121,0.014239636684071919,2.533803559883099,-0.4249913090706765
528.1,6.575118492582324,-0.1096194558151259,0.007098759584610536,0.01432947357590133,2.5233924483010797,-0.42499838565434955
528.2,6.576919681081867,-0.10961655118177277,0.008809849809324807,0.01441892323974872,2.512842829691362,-0.42501253882169576
528.3000000000001,6.579511635264134,-0.10961074191506652,0.01037937501544761,0.014506049535703969,2.502154704053946,-0.4250266919890419
528.4,6.582806492275491,-0.1096078372817134,0.011801180202170618,0.01459240137569517,2.49139732490268,-0.42504084515638807
528.5,6.586848183542756,-0.10960493264836027,0.01305680036706886,0.014677591531740303,2.4806630302560304,-0.42506207490740733
528.6,6.591504914785474,-0.10960202801500715,0.014133925508525685,0.014761620003839366,2.4699518201139976,-0.4250762280747535
528.7,6.596776686003645,-0.10960202801500715,0.01503871062734942,0.014843712336028311,2.459356032495047,-0.42509038124209964
528.8000000000001,6.6025756343436335,-0.10959912338165402,0.01575884572192341,0.014921157932432977,2.4488987519037955,-0.42509038124209964
528.9,6.60885782837862,-0.1095962187483009,0.016294330792247663,0.01499473124901741,2.4387184853679407,-0.4250833046584266
529.0,6.6155793366817885,-0.1095962187483009,0.016626700835897196,0.015064432285781608,2.4288614018967167,-0.4250833046584266
529.1,6.62269622782632,-0.1095962187483009,0.016768265854488665,0.015132197182635691,2.419396755003972,-0.4250833046584266
529.2,6.63007670753176,-0.1095962187483009,0.01671287084721374,0.015193379203795376,2.4103707136989403,-0.4250833046584266
529.3000000000001,6.637764707224926,-0.10959331411494778,0.01646051581407243,0.015245654981368525,2.4018756160000865,-0.4250833046584266
529.4,6.645672364052183,-0.10959331411494778,0.0160050457542564,0.015289024515355139,2.393934546412028,-0.4250833046584266
529.5,6.6536678837330765,-0.10959040948159465,0.015358770669382304,0.015321551665845099,2.3865936739439966,-0.4250833046584266
529.6,6.661751266267606,-0.1095846002148884,0.014515535558641818,0.015344010888802452,2.379899167605226,-0.4250833046584266
529.7,6.669834648802135,-0.10958169558153529,0.013487650423651592,0.015355627728263151,2.373897196404949,-0.4250833046584266
529.8000000000001,6.677874099909846,-0.1095729816814759,0.012268960263603298,0.015355627728263151,2.3685646758385492,-0.42506915149108043
529.9,6.685825688163921,-0.10956717241476967,0.010871775080113586,0.015345947028712567,2.363993943924492,-0.4250549983237342
530.0,6.693601550710724,-0.10955845851471029,0.009302249873990785,0.015326198401629378,2.3601619161581615,-0.42504084515638807
530.1,6.701157756123436,-0.10954974461465092,0.00756038464523489,0.015299479670869769,2.3570916770441737,-0.425033768572715
530.2,6.708450372975239,-0.10954393534794467,0.005652334394654228,0.015262693012577553,2.3547832265825286,-0.4250266919890419
530.3000000000001,6.715391538412498,-0.1095352214478853,0.0035904091238654484,0.015216225654734752,2.3532596492778426,-0.4250196154053688
530.4,6.721981252435213,-0.10952650754782592,0.0013746088328685506,0.01516240096523351,2.3524978606255,-0.42501253882169576
530.5,6.728131652189746,-0.10951779364776655,-0.0009889114775281402,0.015101606172055847,2.3524978606255,-0.42499838565434955
530.6,6.733842737676098,-0.1095119843810603,-0.00348168680489965,0.015036551871075929,2.3532827337824593,-0.4249913090706765
530.7,6.739070577467451,-0.10950617511435405,-0.006109872150054304,0.01496685083431173,2.354852480096378,-0.42497715590333035
530.8000000000001,6.743771240136987,-0.1095003658476478,-0.008861157511375452,0.014892890289745274,2.3571840150626393,-0.42496300273598414
530.9,6.747900794257888,-0.10949746121429468,-0.011723232887246445,0.014816219149304654,2.36030042318586,-0.42493469640129183
531.0,6.751503171256972,-0.10949746121429468,-0.014696098277667281,0.01473645018500785,2.3642247889706565,-0.4249134666502726
531.1,6.75453443970742,-0.1095003658476478,-0.017767443681021313,0.014656681220711043,2.368957112417029,-0.4248922368992533
531.2,6.756950668182415,-0.10950327048100093,-0.020924959095691895,0.014573039976594005,2.37447430902036,-0.42487808373190716
531.3000000000001,6.7587518566819575,-0.10950907974770718,-0.02416864452167902,0.01448397754072864,2.3807532942760345,-0.42484977739721486
531.4,6.7599819366328635,-0.10951488901441343,-0.027480034956557715,0.014389106685132923,2.3878171526886685,-0.4248285476461956
531.5,6.760553045181499,-0.10952069828111967,-0.030846820398711335,0.014288814637788881,2.395596630744412,-0.42480024131150323
531.6,6.760553045181499,-0.10952650754782592,-0.03426900084813988,0.014183488626678536,2.404091728443266,-0.424779011560484
531.7,6.759894073779227,-0.1095352214478853,-0.03772811130241837,0.014072741423819864,2.4132562767759964,-0.4247577818094648
531.8000000000001,6.758576130974685,-0.10954103071459155,-0.04121184175993016,0.013954636889302749,2.4230441067333714,-0.42472239889109936
531.9,6.756643148194689,-0.10954974461465092,-0.04471403721986692,0.013830336707073261,2.4334090493061575,-0.424694092556407
532.0,6.754051194012421,-0.10955555388135717,-0.04821007767899536,0.013699453649149377,2.4442818509805053,-0.4246657862217147
532.1,6.750844199854701,-0.10956426778141654,-0.05168765313569882,0.013564311083423234,2.455593258242566,-0.42464455647069543
532.2,6.74693430286789,-0.10957007704812279,-0.055140608589168985,0.013419100590164487,2.467250933073873,-0.4246233267196762
532.3000000000001,6.742365434478808,-0.1095729816814759,-0.05854432403617255,0.013265371081301226,2.479208706465194,-0.42459502038498387
532.4,6.737093663260636,-0.10957879094818215,-0.06188648947509288,0.013105058696743568,2.491304986884214,-0.4245596374666184
532.5,6.731206852067012,-0.10958169558153529,-0.06514863990350497,0.012941648488329724,2.5035397743309327,-0.4245313311319261
532.6,6.724617138044298,-0.1095846002148884,-0.06831231031898388,0.012777851051933855,2.515774561777651,-0.42451010138090683
532.7,6.717368452619312,-0.10959040948159465,-0.07136519071991294,0.012614828071502033,2.5279631802151368,-0.4244817950462145
532.8000000000001,6.709416864365237,-0.1095962187483009,-0.07428881610386717,0.012451805091070214,2.539967122615691,-0.42445348871152216
532.9,6.700894167562527,-0.10960202801500715,-0.0770585664676133,0.01229187993449458,2.551763304474697,-0.42441810579315675
533.0,6.6917564307843636,-0.10961074191506652,-0.07965597680872633,0.012136988741685248,2.5633055567829217,-0.4243968760421375
533.1,6.682047585457565,-0.10962236044847902,-0.08207489212639794,0.011988680424570313,2.5745015415219,-0.4243756462911183
533.2,6.67181156300895,-0.10963397898189152,-0.08429069241739484,0.011845018843239657,2.585305089682399,-0.42434733995642593
533.3000000000001,6.661048363438516,-0.10964559751530402,-0.08628491267929204,0.011708714593567445,2.595623863245952,-0.4243190336217336
533.4,6.649889781026721,-0.10966302531542275,-0.08805139791128123,0.011579767675553678,2.6054809467171762,-0.42429072728704126
533.5,6.638335815773561,-0.1096804531155415,-0.08956552811012912,0.01146127591305454,2.6147840020776054,-0.424269497536022
533.6,6.626474330532676,-0.1097036901823665,-0.09081499327421903,0.011354013762034078,2.6235099448226236,-0.4242482677850028
533.7,6.614349256730883,-0.10972692724919149,-0.09178748340193435,0.0112564323105642,2.631635690447614,-0.42422703803398354
533.8000000000001,6.602092388648634,-0.1097530689493696,-0.09247068849165839,0.011167369874698834,2.639068900934111,-0.4241987316992912
533.9,6.589703726285932,-0.10977921064954772,-0.09285845354258285,0.011088375366366074,2.6458557452913474,-0.4241775019482719
534.0,6.577271132496411,-0.10980825698307897,-0.09294462355389939,0.011018674329601876,2.6519269700054737,-0.42416334878092576
534.1,6.564926401560527,-0.10984020794996334,-0.09271688852399138,0.01095749230844219,2.657236406067257,-0.4241491956135796
534.2,6.552669533478278,-0.10987215891684769,-0.09217524845285881,0.01090056979508476,2.6617378844674646,-0.4241421190299065
534.3000000000001,6.540588391103302,-0.10990120525037894,-0.09130739333888502,0.010847519561547564,2.665431405206097,-0.42412796586256035
534.4,6.528814768716053,-0.10993315621726331,-0.090131788184495,0.010797567151866555,2.668293883778537,-0.4241138126952142
534.5,6.517304734889713,-0.10996220255079454,-0.08862996798726376,0.010753423161915895,2.6702560666709347,-0.4241067361115411
534.6,6.506234015331553,-0.10999415351767891,-0.0868203977496163,0.01071431313573154,2.671341038387908,-0.42409965952786804
534.7,6.495646541468393,-0.11002319985121016,-0.08470307747155259,0.010679849845331463,2.671548798929456,-0.42408550636052184
534.8000000000001,6.485542313300231,-0.1100522461847414,-0.08228416215388099,0.01065042051869769,2.6708331792863462,-0.4240713531931757
534.9,6.476053125107523,-0.11008129251827264,-0.0795759617982181,0.010624476243902127,2.6692634329724276,-0.4240501234421564
535.0,6.467178976890268,-0.11011033885180388,-0.07659078640618062,0.010604340388836914,2.6668395599877,-0.42403597027481027
535.1,6.45905166292892,-0.11014228981868825,-0.07333479097857684,0.01059117463744812,2.6636077293413973,-0.4240288936911372
535.2,6.45167118322348,-0.1101713361522195,-0.0698387505194484,0.010580332253951467,2.6595679410335187,-0.4240218171074641
535.3000000000001,6.445081469200766,-0.11020328711910385,-0.06610882002960362,0.010574911062203141,2.654766364073297,-0.42400766394011796
535.4,6.439326452287596,-0.11023523808598822,-0.062169619512275814,0.010574911062203141,2.6492953364791982,-0.42400058735644486
535.5,6.43440613248397,-0.11026718905287258,-0.05803961396988993,0.010579945025969444,2.6431548582512225,-0.4239864341890987
535.6,6.430452304070341,-0.11029914001975695,-0.05374342340567928,0.01059117463744812,2.636460351912452,-0.4239793576054256
535.7,6.4273771041930745,-0.11033399561999445,-0.04929951282206883,0.01060627652874703,2.629211817462887,-0.42395812785440634
535.8000000000001,6.425224464278988,-0.11036885122023193,-0.04473865722310022,0.010626025155830221,2.621524677425609,-0.42392982151971403
535.9,6.424038315754899,-0.11040370682046942,-0.040079321611198405,0.010650807746679713,2.613468185314468,-0.4239015151850217
536.0,6.423774727193991,-0.11044146705406004,-0.03535228099040503,0.010681398757259557,2.6050885101386965,-0.42388028543400247
536.1,6.424433698596262,-0.11048213192100377,-0.030582155363953374,0.010715862047659633,2.596454905412144,-0.4238590556829832
536.2,6.426015229961713,-0.11052279678794752,-0.025799719735885067,0.010751099794023755,2.58763662464866,-0.42383074934829085
536.3000000000001,6.428431458436709,-0.11056346165489125,-0.021017284107816763,0.010786337540387879,2.5786798368574777,-0.42380951959727164
536.4,6.431682384021248,-0.11060122188848187,-0.016271778484598407,0.010820800830787954,2.569607626543213,-0.4237882898462524
536.5,6.435724075288513,-0.1106418867554256,-0.011587822869463301,0.010854876893206007,2.5604661627150986,-0.42376706009523313
536.6,6.440468669384867,-0.11068255162236934,-0.006990037265644738,0.010888178499660013,2.5513477833916007,-0.42374583034421387
536.7,6.445872234883492,-0.11072321648931308,-0.0024968866755676953,0.01091799505427581,2.5422063195634865,-0.42371044742584846
536.8000000000001,6.451890840357571,-0.11076388135625682,0.001867008897534528,0.010946649924945536,2.5331341092492217,-0.42367506450748305
536.9,6.458436622953467,-0.11080454622320056,0.006083184451236958,0.010971819743777053,2.5242004059626555,-0.42363260500544453
537.0,6.465465651244362,-0.1108452110901443,0.010127019982306296,0.01099698956260857,2.5154282942084043,-0.4235972220870791
537.1,6.472846130949802,-0.11088587595708804,0.013986205489125892,0.011020223241529969,2.5068639429957016,-0.4235618391687137
537.2,6.480578062069786,-0.11092654082403178,0.017642275969270774,0.011038422956685065,2.4985304368291628,-0.42351937966667524
537.3000000000001,6.488573581750679,-0.11096720569097551,0.021076766420315966,0.011053912075965998,2.4904739447180217,-0.4234839967483098
537.4,6.496788758565663,-0.11100787055791925,0.024277366840644816,0.011066303371390744,2.4827637201761275,-0.4234415372462713
537.5,6.5051357296611005,-0.11105144005821611,0.027237922229449006,0.011075984070941328,2.4754228477080966,-0.4234061543279059
537.6,6.513526632183357,-0.11109500955851298,0.029952277585920204,0.011082954174617748,2.468474411818545,-0.4233636948258674
537.7,6.5219614661324306,-0.11113567442545672,0.032401967907633444,0.011086439226455958,2.4619876660213227,-0.4233141587401558
537.8000000000001,6.530352368654687,-0.11117924392575358,0.03459314819539704,0.011086826454437981,2.4559856948210457,-0.42325046948709805
537.9,6.538699339750124,-0.11122571805940357,0.036507353446786024,0.011084115858563818,2.4505608362361797,-0.4231938568177134
538.0,6.546958447991926,-0.11127219219305355,0.03815689366341705,0.011080243578743584,2.445690005762109,-0.4231372441483287
538.1,6.555041830526456,-0.11131866632670354,0.03952945884367346,0.011072886247085141,2.4414193724080655,-0.42308770806261714
538.2,6.562993418780531,-0.11136514046035352,0.040625048987555264,0.011059333267714326,2.437795105183283,-0.42303109539323247
538.3000000000001,6.570769281327333,-0.1114116145940035,0.04144366409506245,0.011040359096595181,2.434771035078528,-0.4229744827238478
538.4,6.578325486740045,-0.1114580887276535,0.04199761416781167,0.011014027593817595,2.4323933311030337,-0.42291787005446313
538.5,6.585662035018667,-0.11150456286130349,0.04227458920418629,0.010982274899291683,2.430615824247567,-0.4228612573850785
538.6,6.5927349947363805,-0.11155103699495347,0.04228074420499461,0.010943939329071372,2.429484683521361,-0.42280464471569384
538.7,6.599588297320003,-0.11159460649525034,0.042028389171853295,0.010899020883156666,2.4289075709059498,-0.42274095546263607
538.8000000000001,6.606221942769535,-0.11164108062890032,0.04151136910395402,0.010848294017511612,2.428930655410566,-0.42267018962590525
538.9,6.612635931084976,-0.11168465012919718,0.040729684001296784,0.01079214596011823,2.429530852530594,-0.4226065003728475
539.0,6.61878633083951,-0.11173112426284718,0.03970179886630656,0.010733287306850683,2.4306619932567997,-0.42254281111978975
539.1,6.624717073459952,-0.11177759839649716,0.03842155869817501,0.010669394689816833,2.4322779085799513,-0.42247912186673203
539.2,6.6304720903731225,-0.11182116789679401,0.03688896349690216,0.010599306425070612,2.4343555139954316,-0.42241543261367426
539.3000000000001,6.636051381579021,-0.11186764203044401,0.03511632326410464,0.010525733108486179,2.4368717249986247,-0.42234466677694343
539.4,6.641454947077646,-0.11191121153074086,0.03309748299897414,0.01044906196804556,2.4397803725802976,-0.42228097752388566
539.5,6.6466827868689995,-0.11195768566439086,0.03084475270312729,0.01037239082760494,2.443035287731217,-0.42221021168715483
539.6,6.651822763806717,-0.11200415979804085,0.028358132376564104,0.010296494143128368,2.4466133859467667,-0.422139445850424
539.7,6.656874877890798,-0.11205353856504395,0.02563762201928458,0.01022098468663382,2.4504915827223304,-0.4220686800136932
539.8000000000001,6.661839129121242,-0.11210582196540018,0.022695531632905365,0.010148185826013434,2.454623709048675,-0.42199083759328926
539.9,6.666759448924869,-0.11215810536575642,0.01953186121742646,0.010077710333285188,2.459032849430417,-0.4219129951728854
540.0,6.671635837301677,-0.11221329339946579,0.016152765773656194,0.010013043260287293,2.4636728348583232,-0.42183515275248146
540.1,6.6765122256784855,-0.11226848143317514,0.01255824530159456,0.009950699555181537,2.4684513273139284,-0.42176438691575063
540.2,6.681344682628476,-0.11232657410023762,0.008754454802049885,0.009889130306039827,2.473391411301849,-0.4216865444953467
540.3000000000001,6.686177139578466,-0.11238757140065324,0.00475370427663882,0.009829109968826211,2.478423833308235,-0.4216087020749428
540.4,6.691009596528456,-0.11244856870106884,0.0005621487261696881,0.009771025771522713,2.4835255088284702,-0.4215308596545389
540.5,6.69575419062481,-0.11250956600148444,-0.0038140568485491846,0.0097160393980754,2.4886040998440895,-0.421453017234135
540.6,6.700454853294347,-0.11257346793525318,-0.00836260244590115,0.009664150848484274,2.493659606355092,-0.42138225139740415
540.7,6.705023721683428,-0.11263736986902191,-0.013071178064269556,0.009611875070911125,2.498576605838396,-0.4212973323933271
540.8000000000001,6.709460795792055,-0.11269836716943753,-0.017927473702037757,0.009560373749302022,2.5033781827986172,-0.42121948997292324
540.9,6.713722144193411,-0.11276517373655938,-0.022919179357589102,0.009510034111638989,2.5079950837219074,-0.4211416475525193
541.0,6.717675972607039,-0.11282907567032811,-0.028027830028498617,0.009461630613886073,2.5123349705898,-0.4210708817157885
541.1,6.721322281032941,-0.11289297760409683,-0.033234960712341326,0.009410516520258993,2.516374758897679,-0.42100011587905767
541.2,6.724617138044298,-0.11295397490451245,-0.03852210640669226,0.009357466286721797,2.5200682796363107,-0.42092227345865374
541.3000000000001,6.727384817933838,-0.11301497220492805,-0.04387080210912643,0.009303254369238532,2.5233462792918466,-0.4208444310382498
541.4,6.729625320701561,-0.11307596950534367,-0.049250272815602236,0.009250204135701335,2.52618567335967,-0.4207665886178459
541.5,6.731294714920648,-0.11313696680575927,-0.05464205352369469,0.009201026181984373,2.5285633773351646,-0.42070289936478816
541.6,6.732217274883828,-0.113200868739528,-0.06002152423017049,0.00915649496405169,2.530433222209097,-0.42063213352805734
541.7,6.732393000591101,-0.1132618660399436,-0.06535790993098801,0.009115448797957218,2.5317952079814674,-0.4205542911076534
541.8000000000001,6.731777960615648,-0.11332576797371234,-0.07062043562210564,0.009080985507557142,2.5326724191568926,-0.4204835252709226
541.9,6.730284292103832,-0.11339257454083419,-0.07577832629948175,0.009053492320833485,2.5330879402399886,-0.42041275943419176
542.0,6.727824132202019,-0.11345938110795606,-0.08080696195988304,0.009035292605678388,2.5330186867261393,-0.4203561467648071
542.1,6.7244414123370255,-0.11352909230843103,-0.08567556759926791,0.009022901310253642,2.5325108276245776,-0.4202924575117493
542.2,6.720092201082035,-0.11359880350890601,-0.09034105821197803,0.009017480118505316,2.5315874474399194,-0.4202358448423647
542.3000000000001,6.714688635583409,-0.11367141934273411,-0.09478496879558848,0.009019803486397455,2.530271630676782,-0.42017215558930693
542.4,6.708318578694786,-0.11374693980991535,-0.09896421434444096,0.009030645869894108,2.528609546344397,-0.42011554291992226
542.5,6.7009380989893454,-0.1138253649104497,-0.10285417485530218,0.009051168952941346,2.5266704479566156,-0.4200589302505376
542.6,6.69254719646709,-0.11390669464433718,-0.10642407532413052,0.009079436595629048,2.524477420018053,-0.4200023175811529
542.7,6.683233733981654,-0.11398802437822465,-0.10964314074688435,0.009113899886029125,2.5220535470333254,-0.4199386283280952
542.8000000000001,6.6729977115330374,-0.11407225874546525,-0.11248675112033037,0.009154558824141573,2.5195373360301323,-0.41988201565871053
542.9,6.6619269919748785,-0.11415649311270586,-0.11492413144042694,0.009200251726020327,2.5169057025038573,-0.41982540298932586
543.0,6.650065506733993,-0.11424653674665271,-0.11694297170555745,0.00925175304762943,2.5142509844729655,-0.41978294348728734
543.1,6.637501118664018,-0.11433367574724643,-0.11850634191087193,0.009303254369238532,2.5115731819374574,-0.4197334074015758
543.2,6.62432169061859,-0.11442081474784016,-0.11961424205637038,0.009353981234883587,2.508964632915798,-0.41969094789953726
543.3000000000001,6.610571154024527,-0.11450795374843388,-0.1202420521388195,0.009403546416582574,2.5064022529033725,-0.41965556498117185
543.4,6.5964252345891,-0.1145950927490276,-0.12038361715741097,0.009451562686353466,2.5040014644232618,-0.4196131054791334
543.5,6.581927863739129,-0.11468223174962133,-0.12002662711052814,0.009496868360250196,2.5017391829708493,-0.419577722560768
543.6,6.567210835755067,-0.11476646611686193,-0.119171081998171,0.009539076210290738,2.4996846620599853,-0.41953526305872946
543.7,6.5524059449173695,-0.11485070048410254,-0.11781698182033956,0.009577411780511047,2.497860986195286,-0.4194857269730179
543.8000000000001,6.53764498550649,-0.11493493485134314,-0.11597663657865047,0.009612262298893148,2.496360493395217,-0.4194291143036332
543.9,6.523015820376065,-0.11502207385193686,-0.1136438912722954,0.009645563905347154,2.4952062681643943,-0.4193795782179216
544.0,6.508694175233367,-0.11510630821917746,-0.11084952090531598,0.009677316599873066,2.4944213950074348,-0.41933711871588314
544.1,6.494767912932031,-0.11519054258641806,-0.10759352547771221,0.009703648102650652,2.4940520429335717,-0.4192875826301715
544.2,6.481368827752512,-0.11527477695365866,-0.10391283499433403,0.009726107325608005,2.494121296447421,-0.41924512312813306
544.3000000000001,6.4686287139752645,-0.11536191595425238,-0.0998197594567981,0.009745468724709173,2.494675324558216,-0.4191955870424215
544.4,6.456679365880743,-0.11544615032149298,-0.09535738387076267,0.009762119527936175,2.4957372117705723,-0.41914605095670987
544.5,6.445564714895766,-0.11553328932208672,-0.09054417323865276,0.009776834191253062,2.4972838735798746,-0.4190965148709983
544.6,6.435416555300786,-0.11562042832268044,-0.08542936756693491,0.009788063802731738,2.4993845634999716,-0.41903990220161363
544.7,6.42632274994944,-0.11570756732327417,-0.08003758685884246,0.009796970046318276,2.5019931125216304,-0.4189691363648828
544.8000000000001,6.418415093122183,-0.11579470632386789,-0.07441807112084199,0.009804714605958742,2.5051326051494676,-0.418898370528152
544.9,6.411737516245833,-0.11588474995781474,-0.06861390535859178,0.009812459165599209,2.5088492103927162,-0.4188346812750942
545.0,6.406333950747207,-0.11597769822511471,-0.06266201957694179,0.009820590953221698,2.51305059023291,-0.4187639154383634
545.1,6.4022922594799425,-0.11607064649241469,-0.056623963783975245,0.009825237689005978,2.5177367446700494,-0.41870022618530567
545.2,6.399612442444039,-0.11616359475971466,-0.050530512983733775,0.009827948284880142,2.522884589199518,-0.41862946034857484
545.3000000000001,6.398338431066314,-0.11625654302701463,-0.044430907182683985,0.009828722740844188,2.528447954812082,-0.41855869451184397
545.4,6.3984702253467685,-0.11635239592766773,-0.038380541388100785,0.009827173828916095,2.534334503489277,-0.4184808520914401
545.5,6.400007825285402,-0.11644824882832083,-0.03241634560483414,0.009825237689005978,2.540544235231102,-0.41841008625470927
545.6,6.402907299455396,-0.11654410172897392,-0.02658755983935063,0.009822139865149791,2.5469617275144754,-0.41832516725063223
545.7,6.407124716429933,-0.11663995462962702,-0.020931114096500218,0.009819042041293604,2.5535408113301634,-0.41823317166288215
545.8000000000001,6.412660076209013,-0.11673580753028012,-0.01549009338194117,0.009815556989455396,2.560235317668934,-0.41814117607513207
545.9,6.419381584512181,-0.11683456506428634,-0.01030758270133176,0.009814782533491348,2.566952908512321,-0.4180562570710551
546.0,6.42724530991262,-0.11693332259829256,-0.00541435705871361,0.009815944217437419,2.5736243303464748,-0.417964261483305
546.1,6.436163389556693,-0.1170320801322988,-0.0008350364573200223,0.009816331445419442,2.580180329657547,-0.41787934247922803
546.2,6.446047960590764,-0.11713083766630501,0.003387294097190733,0.00981865481331158,2.586551652931687,-0.41778734689147795
546.3000000000001,6.456767228734379,-0.11723249983366435,0.007240324603202004,0.009822139865149791,2.5926459621504296,-0.41768827472005476
546.4,6.468189399707084,-0.11733125736767058,0.01070559005828882,0.009829884424790257,2.5984401728091586,-0.4175962791323047
546.5,6.480182679228424,-0.11743582416838305,0.013758470459217879,0.009843824632143098,2.6038650313940246,-0.4175113601282277
546.6,6.492659204444762,-0.11753748633574239,0.016392810805180857,0.009862411575280217,2.6088281998865614,-0.4174122879568045
546.7,6.5054432496488275,-0.11764205313645486,0.01860245609536943,0.009886806938147688,2.613329678286769,-0.4173132157853814
546.8000000000001,6.518446951986983,-0.11774661993716734,0.020387406329783597,0.0099185596326736,2.617323297585415,-0.4172141436139582
546.9,6.531538517178776,-0.11785699600458606,0.02174766150842336,0.00995805688683998,2.6207398042686494,-0.4171221480262081
547.0,6.544542219516931,-0.11796446743865165,0.022689376632097042,0.010003362560736709,2.6235561138318566,-0.41703015243845803
547.1,6.557326264720996,-0.11807193887271725,0.023231016703229617,0.010050217146561532,2.6257722262750356,-0.4169310802670349
547.2,6.569758858510517,-0.11817941030678283,0.02337873672262941,0.010100556784224564,2.627295803579721,-0.4168249315119386
547.3000000000001,6.581796069458675,-0.11828688174084843,0.023163311694338044,0.01015476870170783,2.62814993025053,-0.4167258593405155
547.4,6.593218240431379,-0.11839435317491402,0.022590896619163844,0.010213627354975377,2.6282884372782287,-0.4166338637527654
547.5,6.603981440001812,-0.11850182460897962,0.021704576502765086,0.010277132744027202,2.6277113246628176,-0.4165418681650153
547.6,6.6139978053163375,-0.11860929604304521,0.020528971348375065,0.010341799817025097,2.6263955078996797,-0.41644987257726523
547.7,6.623135542094501,-0.11871386284375768,0.019088701159227082,0.010408790257915133,2.6243409869888157,-0.41635787698951515
547.8000000000001,6.631394650336302,-0.11881842964447016,0.01742685094097941,0.010477716838715286,2.621547761930225,-0.4162729579854382
547.9,6.638643335761288,-0.11892299644518263,0.01557419569767367,0.010550128471353648,2.6180158327239083,-0.41619511556503425
548.0,6.64483766694264,-0.1190275632458951,0.013573820434968136,0.01062486347188415,2.6137682838744816,-0.4161243497283034
548.1,6.650021575307175,-0.11912922541325444,0.011456500156904435,0.010699985700396677,2.6088281998865614,-0.4160465073078995
548.2,6.65406326657444,-0.11922798294726067,0.009259164868332512,0.010778205752765389,2.6031955807601475,-0.41596866488749557
548.3000000000001,6.657050603598069,-0.11932964511462,0.007018744574102315,0.01086107254091838,2.5968935109998568,-0.41589789905076474
548.4,6.658939654951248,-0.11943130728197936,0.004778324279872118,0.01095052220476577,2.589991244119538,-0.4158271332140339
548.5,6.659774352060792,-0.11953587408269183,0.0025686789896835456,0.011047716428253624,2.5825349491284246,-0.4157563673773031
548.6,6.659554694926701,-0.1196404408834043,0.00042058370757821974,0.011151493527435876,2.5745246260265167,-0.41568560154057227
548.7,6.658324614975794,-0.11974500768411676,-0.0016290315615939104,0.011262240730294549,2.566075697336896,-0.41561483570384145
548.8000000000001,6.656215906488526,-0.11985247911818236,-0.0035555468145995464,0.011379183580865595,2.557257416573412,-0.4155369932834375
548.9,6.653228569464895,-0.11996285518560108,-0.005328187047397064,0.011505032675023176,2.5481159527452975,-0.4154733040303798
549.0,6.649450466758539,-0.1200732312530198,-0.0069346422583698155,0.01163591573294706,2.538697474861786,-0.415409614777322
549.1,6.644969461223094,-0.12018360732043852,-0.008344137443476176,0.011769509386745109,2.529094320941343,-0.4153459255242643
549.2,6.639873415712195,-0.12029688802121036,-0.00955051760190782,0.011905813636417321,2.5193757444978173,-0.41528223627120653
549.3000000000001,6.634294124506297,-0.12041016872198221,-0.010535317731239774,0.012043279570035603,2.5095879145404427,-0.41522562360182186
549.4,6.628319450459037,-0.12052344942275404,-0.011292382830663713,0.012181132731635907,2.499823169087684,-0.4151690109324372
549.5,6.622037256424049,-0.12063673012352588,-0.011821712900179639,0.012317436981308117,2.4901507616533918,-0.41510532167937947
549.6,6.6155793366817885,-0.1207471061909446,-0.012117152938979225,0.01244909449519605,2.480593776742181,-0.4150416324263217
549.7,6.609033554085893,-0.12085748225836332,-0.012184857947870798,0.012575718045317678,2.4712676368771356,-0.41497086658959087
549.8000000000001,6.6025756343436335,-0.12096785832578204,-0.012037137928471005,0.012696533175708955,2.4622415955721033,-0.41490010075286005
549.9,6.596249508881828,-0.12107823439320076,-0.01168014788158817,0.012811927114351909,2.453561821836318,-0.41483641149980227
550.0,6.590274834834567,-0.12118570582726636,-0.011132352809647271,0.012917640353444277,2.445297569183629,-0.41477272224674455
550.1,6.584695543628669,-0.12129317726133194,-0.01041221771507328,0.013010962297111899,2.437541175632502,-0.4147090329936868
550.2,6.57959949811777,-0.1213948394286913,-0.009538207600291171,0.013093829085264892,2.4302695566783203,-0.41465242032430216
550.3000000000001,6.575162424009142,-0.12149650159605065,-0.008541097469342566,0.013166240717903253,2.4236212193487825,-0.4145958076549175
550.4,6.571428252729604,-0.12159816376340998,-0.0074455073254607665,0.013228971650991033,2.4175730791392724,-0.4145391949855328
550.5,6.56852877855961,-0.12169692129741622,-0.006276057171879071,0.0132831835684743,2.41219438956364,-0.41448258231614815
550.6,6.56646400149916,-0.12179567883142244,-0.005069677013447426,0.013327327558424957,2.4075313196311168,-0.4144118164794173
550.7,6.5654096472555254,-0.12189443636542865,-0.0038571418542074575,0.013365275900663245,2.4036069538463205,-0.4143410506426865
550.8000000000001,6.5654096472555254,-0.12199319389943487,-0.0026692266982007874,0.013398190279135226,2.4004905457230996,-0.4142632082222826
550.9,6.56646400149916,-0.12209485606679422,-0.0015428615502773644,0.013430717429625186,2.3981820952614545,-0.41419244238555175
551.0,6.568660572840065,-0.1221994228675067,-0.0005088214144788123,0.013459372300294913,2.3967277714706183,-0.414128753132494
551.1,6.571955429851422,-0.12230398966821916,0.00040211870515324556,0.01348454211912643,2.3961044898459742,-0.41405798729576315
551.2,6.576436435386867,-0.12240855646893163,0.0011530288037688609,0.013507388570065806,2.396358419396755,-0.41398722145903233
551.3000000000001,6.582015726592765,-0.12251893253635035,0.00171313387732641,0.013527524425131018,2.397443391113728,-0.4139235322059746
551.4,6.588737234895934,-0.12262640397041595,0.0020578139225925943,0.013543788000375999,2.39938248950151,-0.41385276636924373
551.5,6.596513097442736,-0.12273678003783467,0.0021562939355257893,0.013556953751764791,2.4021295455508676,-0.41377492394883986
551.6,6.605299382806355,-0.1228500607386065,0.0019901089137010224,0.013565472767369306,2.4056383902525678,-0.4136900049447628
551.7,6.615008228133154,-0.12296043680602523,0.001540793854693318,0.013570506731135608,2.4099551926158442,-0.41359800935701274
551.8000000000001,6.625595701996314,-0.12307371750679708,0.0007775737544610532,0.013570506731135608,2.41498761462223,-0.41350601376926266
551.9,6.636930010115383,-0.12318699820756891,-0.000299551386995772,0.013567408907279421,2.4206894872624933,-0.4134281713488588
552.0,6.6489232896367225,-0.12330027890834075,-0.0017152015729104567,0.013555017611854675,2.4270608105366334,-0.41334325234478175
552.1,6.661399814853061,-0.1234135596091126,-0.003463221802474676,0.013534107300825415,2.4339630774169523,-0.41325125675703167
552.2,6.674315654337581,-0.12352103104317819,-0.005549767076496754,0.013504290746209619,2.441396287903449,-0.4131663377529547
552.3000000000001,6.687451150956191,-0.1236314071105969,-0.007980992395785017,0.013466342403971333,2.449291188482275,-0.4130743421652046
552.4,6.700718441855255,-0.1237388785446625,-0.010744587758722814,0.01342181118603865,2.4575554411349643,-0.41298942316112763
552.5,6.7139857327543195,-0.12384634997872809,-0.013828243163693497,0.013371084320393594,2.4661428768522837,-0.4129045041570506
552.6,6.727033366519294,-0.12395091677944058,-0.017225803609888738,0.013313774579054142,2.4750073266250006,-0.41280543198562747
552.7,6.739817411723359,-0.12405548358015304,-0.02091880409488357,0.013252592557894455,2.4840564524346487,-0.41272051298155044
552.8000000000001,6.752162142659243,-0.12416005038086551,-0.024882624615444687,0.013188699940860606,2.493290254281229,-0.41263559397747346
552.9,6.763935765046492,-0.12426461718157798,-0.02909264516833879,0.01312287118391664,2.502570225137042,-0.4125506749733965
553.0,6.774962553177834,-0.12436918398229045,-0.03352424575033259,0.013052395691188394,2.511873280497471,-0.41246575596931945
553.1,6.785154644199632,-0.1244708461496498,-0.038140496356576126,0.012979209602585987,2.5211301668486676,-0.41237376038156937
553.2,6.794424175258249,-0.12457250831700914,-0.0429167769838361,0.012905636286001554,2.530271630676782,-0.41228176479381934
553.3000000000001,6.802595420646415,-0.12467707511772161,-0.04780384762564593,0.012835935249237354,2.5392745874771974,-0.4121968457897423
553.4,6.809580517510492,-0.12478164191843408,-0.052764778277155644,0.012770880948257436,2.548046699231448,-0.4121190033693384
553.5,6.815335534423662,-0.12488911335249968,-0.05776879393432364,0.01270969892709775,2.556541796930302,-0.4120411609489345
553.6,6.819728677105472,-0.12499368015321215,-0.06276049958987498,0.012652389185758298,2.5646906270599086,-0.4119703951122037
553.7,6.822716014129102,-0.12510115158727775,-0.06770296523895973,0.012598564496257054,2.5724701051156527,-0.4118996292754728
553.8000000000001,6.824253614067735,-0.12521152765469645,-0.07254695087511129,0.012547837630611998,2.5798571465929165,-0.411828863438742
553.9,6.824253614067735,-0.12531899908876207,-0.07725552649347969,0.012503306412679315,2.586759413473235,-0.4117722507693573
554.0,6.822672082702284,-0.12542647052282765,-0.08177329708679003,0.01245954965071068,2.593153821251992,-0.4117156380999727
554.1,6.819509019971381,-0.12553394195689324,-0.08606333265019236,0.012418116256634184,2.5989942009199534,-0.4116519488469149
554.2,6.814808357301845,-0.12564141339095883,-0.0900825481780284,0.01238055514237792,2.6042805524771206,-0.41159533617753025
554.3000000000001,6.808482231840039,-0.12575178945837756,-0.09378785866463987,0.012347253535923914,2.60896670691426,-0.4115387235081456
554.4,6.8006185064396005,-0.12585926089244315,-0.09714233410517685,0.012319760349200258,2.613029579726755,-0.4114962640061071
554.5,6.791173249673711,-0.12596963695986188,-0.10010904449478936,0.012296913898260882,2.6164922554192227,-0.4114467279203955
554.6,6.780278255822823,-0.12607710839392747,-0.1026572148294358,0.012277552499159716,2.619285480477813,-0.41139719183468393
554.7,6.768021387740575,-0.12618748446134617,-0.10475607010507453,0.012263999519788899,2.621478508416376,-0.4113547323326454
554.8000000000001,6.754402645426966,-0.1262978605287649,-0.10637483531766392,0.012256642188130456,2.623071339234911,-0.4113264259979531
554.9,6.73955382316245,-0.1264082365961836,-0.10749504546477902,0.012255480504184386,2.624040888428802,-0.41129811966326074
555.0,6.723606715227482,-0.12651861266360234,-0.10809823554399484,0.012257029416112479,2.6244333250072813,-0.41126981332856843
555.1,6.706693115902516,-0.12662898873102105,-0.10817825055450306,0.012262450607860806,2.6242717334749663,-0.4112415069938761
555.2,6.688944819468006,-0.1267422694317929,-0.10771662549387871,0.012271356851447342,2.623579198336473,-0.41122027724285687
555.3000000000001,6.670537551631225,-0.12685264549921163,-0.1067195153629301,0.012286458742746252,2.622401888601034,-0.4111990474918376
555.4,6.651647038099444,-0.12696592619998345,-0.10518692016165725,0.012307369053775512,2.6207859732778824,-0.41117781774081835
555.5,6.632449004579937,-0.12708211153410842,-0.10312499489086847,0.012332151644625004,2.6187545368716347,-0.4111565879897991
555.6,6.613163108206794,-0.12719539223488027,-0.10054604955218041,0.012361580971258777,2.616353748391524,-0.4111212050714337
555.7,6.593921143260468,-0.12731157756900524,-0.09746239414720974,0.01239333366578469,2.613652861351399,-0.4110928987367414
555.8000000000001,6.575030629728689,-0.1274248582697771,-0.09390480367999804,0.012427409728202743,2.61072112926511,-0.4110716689857221
555.9,6.556579430465089,-0.12754104360390206,-0.08989174315297033,0.012463809158512936,2.6075354676280402,-0.41105043923470286
556.0,6.538831134030579,-0.12765722893802703,-0.08545398757016821,0.012498272448913012,2.604188214458655,-0.4110292094836836
556.1,6.5219614661324306,-0.12777050963879885,-0.08062846693644163,0.012531186827384995,2.600656285252338,-0.41100797973266434
556.2,6.506146152477917,-0.1278837903395707,-0.07544595625583222,0.012562165065946861,2.5970089335229387,-0.4109938265653182
556.3000000000001,6.49156091877431,-0.1279941664069894,-0.06995569553480657,0.012589658252670518,2.5932461592704574,-0.41097967339797203
556.4,6.478337559302063,-0.12810454247440814,-0.06419461477821464,0.01261444084352001,2.5893910469995105,-0.4109655202306259
556.5,6.46665179976845,-0.12821491854182684,-0.05820579899171469,0.012633415014639153,2.5854435967100975,-0.4109372138959335
556.6,6.456591503027107,-0.1283194853425393,-0.05204464318258165,0.012647742449974016,2.581426892906835,-0.4109018309775681
556.7,6.448288463358487,-0.12842695677660493,-0.045754232356473794,0.01265858483347067,2.5773871045989565,-0.4108664480592027
556.8000000000001,6.441874475043045,-0.1285315235773174,-0.03937765151904939,0.01266787830503923,2.573324231786461,-0.4108310651408373
556.9,6.4373934695076,-0.12863609037802987,-0.03297645067839169,0.012675235636697674,2.5692382744693494,-0.410802758806145
557.0,6.434933309605786,-0.12874065717874233,-0.02659986984096728,0.01267833346055386,2.5651523171522377,-0.41076737588777956
557.1,6.434493995337606,-0.12884231934610169,-0.020284839011626123,0.012677946232571836,2.5610894443397427,-0.4107319929694141
557.2,6.436119458129875,-0.12894398151346104,-0.014086753197643135,0.01267601009266172,2.5570496560318636,-0.4106966100510487
557.3000000000001,6.439809697982595,-0.1290485483141735,-0.008054852405484914,0.012674073952751603,2.5530329522286017,-0.41066122713268327
557.4,6.445520783468948,-0.12915021048153283,-0.002226066640001408,0.012672137812841487,2.549062417434572,-0.41062584421431786
557.5,6.453252714588932,-0.1292547772822453,0.0033503640923407845,0.012669814444949346,2.545114967145159,-0.4105763081286063
557.6,6.462873697062094,-0.12935643944960465,0.00864366478750004,0.012669814444949346,2.5412367703695957,-0.4105126188755485
557.7,6.474383730888435,-0.12946391088367026,0.01360459543900976,0.01267252504082351,2.5374278271078814,-0.4104560062061639
557.8000000000001,6.4876949532143176,-0.12957138231773585,0.018214691044444974,0.01267949514449993,2.5336881373600164,-0.41039939353677923
557.9,6.50263163833247,-0.12967885375180144,0.022437021598955727,0.012688788616068489,2.5299946166213845,-0.41034278086739456
558.0,6.5191059233892545,-0.12978922981922017,0.02625312210011705,0.012696533175708955,2.526370349396602,-0.4102861681980099
558.1,6.536942082677401,-0.12989670125328576,0.02963221754388732,0.012703503279385376,2.5227691666764356,-0.4102295555286252
558.2,6.555964390489636,-0.13000707732070446,0.03256199792864988,0.012708150015169657,2.5191910684608856,-0.4101658662755675
558.3000000000001,6.576041052545505,-0.13011454875477008,0.03503630825359642,0.012711247839025842,2.5156360547499523,-0.41010925360618283
558.4,6.596952411710917,-0.13022202018883566,0.03703668351630195,0.012711635067007867,2.512034872029786,-0.41004556435312506
558.5,6.618478810851784,-0.13032658698954813,0.038569278717574804,0.012707762787187634,2.508364435795771,-0.40998187510006734
558.6,6.640488455687648,-0.1304311537902606,0.039627938856606655,0.012699630999565142,2.504647830552522,-0.40991110926333646
558.7,6.662717757657604,-0.13053281595761995,0.04021881893420583,0.01268646524817635,2.5008619717954246,-0.40984034342660564
558.8000000000001,6.684947059627559,-0.13063738275833242,0.040348073951180646,0.012670588900913394,2.496983775019861,-0.40978373075722097
558.9,6.7070006358902425,-0.13073614029233863,0.04003416890995609,0.01265045304584818,2.492990155721215,-0.40972004150416325
559.0,6.728702760738381,-0.13083489782634486,0.039283258811340475,0.012622572631142501,2.488904198404103,-0.4096634288347786
559.1,6.7498337770378845,-0.13093075072699795,0.03812611865937543,0.01258888379670647,2.4847028185639095,-0.40959266299804775
559.2,6.770174027654662,-0.13102369899429794,0.03658121345648593,0.012550160998504138,2.48040910070525,-0.40952897374499
559.3000000000001,6.789591718308259,-0.1311137426282448,0.03466700820509694,0.012507953148463596,2.476023044828124,-0.40946528449193226
559.4,6.8079111232914045,-0.13120669089554476,0.03242043291005842,0.01246419638649496,2.4715677354371492,-0.4094086718225476
559.5,6.825000448323642,-0.13129673452949162,0.029859952573795333,0.01241772902865216,2.467089341541558,-0.4093520591531629
559.6,6.840683967697703,-0.13138968279679158,0.027028652201965965,0.012370487214845315,2.4626109476459668,-0.4092883699001052
559.7,6.854961681413583,-0.13147972643073844,0.02395730679861193,0.012324019857002514,2.4582018072642247,-0.4092317572307205
559.8000000000001,6.867657863764012,-0.1315726746980384,0.020670536366966533,0.012279875867051855,2.4538850049009486,-0.4091822211450089
559.9,6.8786846518953535,-0.13166562296533837,0.01721758091349637,0.012235344649119172,2.4497067095653713,-0.40913268505929734
560.0,6.888085977234426,-0.13175857123263834,0.01362921544224306,0.01218849006329435,2.445690005762109,-0.4090831489735858
560.1,6.895730045500774,-0.1318515194999383,0.009936214957248229,0.01214086102150548,2.441904147005011,-0.4090265363042011
560.2,6.901660788121217,-0.13194446776723828,0.006175509463361829,0.012095168119626729,2.4383491332940777,-0.40897700021848954
560.3000000000001,6.905834273668936,-0.1320403206678914,0.002384028965433804,0.012051798585640115,2.4350711336385418,-0.408934540716451
560.4,6.908294433570749,-0.13213617356854448,-0.001401296531685896,0.01201036519156362,2.4320932325430196,-0.4088920812144125
560.5,6.909085199253474,-0.13223493110255072,-0.005143537023147323,0.011968157341523076,2.4294154300075115,-0.40884962171237405
560.6,6.908250502143931,-0.1323307840032038,-0.008824227506525503,0.011924787807536464,2.4271069795458664,-0.4088000856266624
560.7,6.905834273668936,-0.13242954153721004,-0.012400282976162164,0.011878707677675687,2.425144796653468,-0.40875762612462396
560.8000000000001,6.901968308108944,-0.13252829907121624,-0.015847083428824002,0.011833014775796935,2.423528881330317,-0.40872224320625855
560.9,6.89674046831759,-0.13262415197186936,-0.019146163862086053,0.011783062366115924,2.4222823180810282,-0.4086939368715662
561.0,6.890194685721694,-0.13272290950587556,-0.02226674927190668,0.01172768876468659,2.4213820224009868,-0.4086585539532008
561.1,6.882550617455346,-0.13281876240652868,-0.025190374655860923,0.011667668427472973,2.420827994290192,-0.40863024761850847
561.2,6.873852194945363,-0.13291171067382865,-0.02790473001233212,0.011602614126493055,2.420620233748644,-0.4086090178674892
561.3000000000001,6.864275143899019,-0.13300465894112862,-0.030391350338895305,0.011533300317710878,2.4207356562717264,-0.40858071153279685
561.4,6.853995190023585,-0.1330976072084286,-0.032644080634742154,0.011459727001126446,2.4211973463640555,-0.40855240519810454
561.5,6.8431441275995155,-0.13319055547572856,-0.03465061089825601,0.011381506948757733,2.422005304025631,-0.408509945696066
561.6,6.831941613760901,-0.1332805991096754,-0.0364170961302452,0.011300576300514857,2.4231595292564534,-0.4084745627777006
561.7,6.820563374215015,-0.13337354737697538,-0.03793738132990141,0.011218096740343889,2.4246831065611394,-0.40843210327566215
561.8000000000001,6.809141203242311,-0.13346359101092223,-0.03921146649722462,0.011134842724208874,2.426576035939688,-0.4083967203572967
561.9,6.797850826550061,-0.13355653927822222,-0.04025781663463983,0.011046941972289578,2.4288383173921004,-0.40836133743893127
562.0,6.786911901272355,-0.13364658291216905,-0.041076431742147014,0.010955168940550049,2.431446866413759,-0.40832595452056586
562.1,6.776456221689649,-0.1337366265461159,-0.04167962182136283,0.010859523628990288,2.434424767509281,-0.40829057160220045
562.2,6.7666595135092145,-0.13382667018006275,-0.042098161876328914,0.010761554949538385,2.4377258516694336,-0.40825518868383504
562.3000000000001,6.757653571011505,-0.1339167138140096,-0.042332051907045254,0.010661262902194343,2.4413732033988325,-0.4082198057654696
562.4,6.749614119903794,-0.13400385281460334,-0.04240591191674515,0.010559421942922208,2.4453206536882455,-0.4081844228471042
562.5,6.742585091612899,-0.1340938964485502,-0.042350516909470226,0.010455257615757933,2.4495220335284396,-0.40813488676139265
562.6,6.73678614327291,-0.13418394008249704,-0.04217202188602881,0.010349931604647587,2.4540004274240306,-0.4080853506756811
562.7,6.732217274883828,-0.13427107908309077,-0.04190735685127085,0.010243831137573196,2.45868658186117,-0.40803581458996946
562.8000000000001,6.72896634929929,-0.13436402735039074,-0.04157498680762131,0.010139279582426898,2.4635112433260082,-0.407993355087931
562.9,6.727077297946112,-0.1344540709843376,-0.04119953175831351,0.010033179115352505,2.4684974963231614,-0.4079508955858925
563.0,6.72663798367793,-0.13454411461828444,-0.04080561170658072,0.009927078648278114,2.4735299183295476,-0.40790843608385396
563.1,6.72756054364111,-0.13463415825223127,-0.040417846655656266,0.009821365409185745,2.478562340335934,-0.40787305316548855
563.2,6.729932840689288,-0.13472420188617812,-0.04006085660877343,0.00971720108202147,2.4835947623423196,-0.4078305936634501
563.3000000000001,6.7336670119688256,-0.13481424552012497,-0.03974695156754887,0.00961497289476731,2.48853484633024,-0.4077881341614116
563.4,6.738763057479725,-0.13490719378742494,-0.039500751535215886,0.009515455303387316,2.4933595077950783,-0.40774567465937306
563.5,6.745133114368348,-0.13500014205472494,-0.03934687651500777,0.00941942276384553,2.498022577727601,-0.4076961385736615
563.6,6.7526893197810605,-0.1350930903220249,-0.039291481507732845,0.009327262504123978,2.502524056127809,-0.4076395259042768
563.7,6.761387742291043,-0.13518603858932488,-0.039353031515816095,0.009240910664132776,2.5068639429957016,-0.40758998981856526
563.8000000000001,6.7710965876178415,-0.1352847961233311,-0.03953768154006583,0.009161916155800016,2.5109499003128133,-0.40754753031652674
563.9,6.78172799290782,-0.1353806490239842,-0.039863896582907045,0.009086406699305468,2.5148280970883765,-0.4075050708144882
564.0,6.793106232453707,-0.13547940655799043,-0.0403255216435314,0.009013607838685083,2.5184523643131596,-0.40745553472877666
564.1,6.805143443401865,-0.13557816409199663,-0.04093486672355554,0.008943906801920884,2.521822701987161,-0.40741307522673814
564.2,6.817707831471839,-0.13567401699264972,-0.04168577682217116,0.008877690816994894,2.524939110110382,-0.4073635391410266
564.3000000000001,6.830623670956359,-0.13577567916000907,-0.042578251939378246,0.008817283251799255,2.527801588682822,-0.40732107963898806
564.4,6.8437591675749685,-0.1358744366940153,-0.04360613707436847,0.008761135194405873,2.5303870531998642,-0.4072786201369496
564.5,6.856894664193579,-0.13597609886137466,-0.04476327722633352,0.008707697732886653,2.5326724191568926,-0.407229084051238
564.6,6.869942297958553,-0.13607485639538086,-0.04603736239365673,0.008658132551187667,2.5346807710585235,-0.4071795479655264
564.7,6.8826824117358,-0.1361765185627402,-0.047409927573913144,0.008611665193344867,2.5363890244001412,-0.407144165047161
564.8000000000001,6.895027142671685,-0.13627527609674644,-0.048874817766294425,0.008567521203394208,2.537774094677128,-0.4071087821287956
564.9,6.906712902205298,-0.13637403363075265,-0.05040741296756728,0.008520666617569386,2.5388128973848683,-0.4070733992104302
565.0,6.917651827483003,-0.13646988653140577,-0.051989248175306736,0.008473037575780516,2.539459263514129,-0.40703093970839166
565.1,6.927668192797529,-0.13656573943205885,-0.05359570338627948,0.008426182989955693,2.5397131930649097,-0.40699555679002625
565.2,6.936674135295237,-0.13666159233271194,-0.05521446859886888,0.008381264544040987,2.5395516015325947,-0.40696017387166084
565.3000000000001,6.944493929268859,-0.13675454060001194,-0.05681476880903331,0.008340218377946514,2.538951404412567,-0.40693186753696853
565.4,6.9510397118647544,-0.13685039350066502,-0.05836582901273114,0.008301882807726205,2.537912601704827,-0.40691063778594927
565.5,6.95622362022929,-0.136943341767965,-0.059855339208345716,0.008264708921451966,2.5363890244001412,-0.40687525486758386
565.6,6.9599577915088275,-0.13703629003526496,-0.06125252439183543,0.008231020087015936,2.5344730105169755,-0.4068540251165646
565.7,6.962242225703369,-0.13712923830256493,-0.0625389195607753,0.008203139672310256,2.5320953065414815,-0.40683987194921845
565.8000000000001,6.963032991386094,-0.13722218656986493,-0.0636837497111237,0.00818145490531695,2.529302081482891,-0.4068257187818723
565.9,6.962286157130187,-0.1373151348371649,-0.06467470484126397,0.008163642418143878,2.526139504350437,-0.4068186421981992
566.0,6.960089585789282,-0.13741098773781799,-0.06548100994715451,0.00815125112271913,2.522584490639504,-0.40680448903085303
566.1,6.956399345936561,-0.13750393600511795,-0.06608420002637033,0.00814428101904271,2.518729378368557,-0.4067903358635069
566.2,6.9513911632792995,-0.13759978890577107,-0.06647812007810311,0.008144668247024733,2.514597252042212,-0.4067832592798338
566.3000000000001,6.9450211063906755,-0.13769854643977728,-0.06663815009911955,0.008153187262629247,2.510211196165087,-0.40677618269616067
566.4,6.937464900977964,-0.1377973039737835,-0.06655198008780301,0.008168289153928157,2.5056404642510297,-0.4067691061124876
566.5,6.9288104098947985,-0.13789606150778974,-0.06621961004415347,0.008191135604867533,2.500931225309274,-0.4067549529451414
566.6,6.919233358848454,-0.13799772367514906,-0.0656287299665543,0.008220177703519283,2.496152732853669,-0.40674079977779526
566.7,6.9088655421193845,-0.13810229047586153,-0.06477318485419717,0.008256189905847451,2.491351155893447,-0.4067337231941222
566.8000000000001,6.897838753988043,-0.13820395264322088,-0.0636591297078904,0.008296848843959901,2.4865264944286087,-0.4067337231941222
566.9,6.886328720161702,-0.13830851944393335,-0.06228656452763398,0.00833750778207235,2.4817710864776203,-0.4067337231941222
567.0,6.874467234920816,-0.13841308624464582,-0.06066779931504458,0.0083781667201848,2.4770618475358646,-0.4067337231941222
567.1,6.8625178868262955,-0.13851474841200517,-0.05880283407012219,0.00841882565829725,2.4724449466125744,-0.4067337231941222
567.2,6.850568538731774,-0.13861641057936452,-0.05671628879610011,0.008457935684481607,2.467966552716983,-0.4067337231941222
567.3000000000001,6.838838847771342,-0.13871807274672387,-0.054420473494594994,0.00849549679873787,2.4636266658490906,-0.40674079977779526
567.4,6.827460608225456,-0.13881683028073008,-0.05193385316803181,0.00852802394922783,2.4594714550181296,-0.40674079977779526
567.5,6.816697408655023,-0.1389126831813832,-0.049274892818835535,0.008555904363933508,2.4554778357194835,-0.4067266466104491
567.6,6.8066371119136795,-0.13900853608203628,-0.046474367451047785,0.008578750814872884,2.4517612304762353,-0.40671249344310295
567.7,6.797455443708698,-0.13910148434933625,-0.043563052068710195,0.008598499441956075,2.4482985547837677,-0.40670541685942985
567.8000000000001,6.789328129747351,-0.13919733724998937,-0.04057172167586438,0.008614763017201054,2.445135977651314,-0.40670541685942985
567.9,6.782386964310092,-0.13928738088393622,-0.03751884127493533,0.008624830944733661,2.442319668088107,-0.4066983402757568
568.0,6.776763741677375,-0.1393803291512362,-0.034447495871581295,0.00863063936446401,2.439872710598763,-0.4066983402757568
568.1,6.772546324702839,-0.13947037278518304,-0.03139461547065223,0.00863296273235615,2.437818189687899,-0.4066983402757568
568.2,6.7698225762401165,-0.1395604164191299,-0.02838482007538145,0.00863296273235615,2.4362253588693643,-0.4066983402757568
568.3000000000001,6.768724290569664,-0.13965046005307674,-0.025455039690618884,0.00863063936446401,2.4350711336385418,-0.4066912636920837
568.4,6.7692075362646635,-0.13974050368702357,-0.022636049320406165,0.008625605400697707,2.4343785985000483,-0.40667711052473754
568.5,6.77136017617875,-0.13983054732097042,-0.019964778969593238,0.008620958664913428,2.4341939224631166,-0.4066488041900452
568.6,6.7752261417387425,-0.1399234955882704,-0.017472003642221727,0.008617086385093195,2.4345632745369796,-0.4066275744390259
568.7,6.780717570091004,-0.1400193484889235,-0.015188498342333259,0.008617086385093195,2.435440485712405,-0.4066063446880067
568.8000000000001,6.787834461235535,-0.1401152013895766,-0.013138883073161129,0.00861902252500331,2.4368717249986247,-0.40658511493698746
568.9,6.796532883745518,-0.1402110542902297,-0.011341622837130312,0.008619409752985334,2.4388108233864068,-0.4065638851859682
569.0,6.806681043340498,-0.1403098118242359,-0.009827492638282432,0.008619409752985334,2.4412116118665175,-0.40654265543494894
569.1,6.818191077166838,-0.14040856935824214,-0.008608802478234139,0.008617473613075218,2.4440971749435736,-0.40651434910025663
569.2,6.830887259517268,-0.14050732689224835,-0.007704017359410405,0.008613601333254985,2.4473751745991095,-0.4064931193492374
569.3000000000001,6.844681727538149,-0.14060608442625458,-0.007119292282619556,0.008609729053434751,2.451045610833125,-0.406464813014545
569.4,6.8593548240953925,-0.1407048419602608,-0.006866937249478244,0.008604695089668447,2.454993061122538,-0.4064294300961796
569.5,6.874774754908543,-0.14080359949426702,-0.00694079725917814,0.008597337758010004,2.459194440962732,-0.4063940471778142
569.6,6.8907657942703295,-0.14090235702827325,-0.007347027312527571,0.008588044286441445,2.463649750353707,-0.4063586642594488
569.7,6.907064353619842,-0.14100111456227946,-0.008079472408718213,0.008579525270836932,2.468220482267764,-0.40632328134108336
569.8000000000001,6.923538638676628,-0.14109696746293257,-0.009125822546133413,0.00856790843137623,2.4729066367049035,-0.40629497500639106
569.9,6.939968992306595,-0.14119282036358566,-0.010473767723156526,0.008552419312095298,2.4776389601512756,-0.40625959208802565
570.0,6.9561357573756535,-0.14128867326423877,-0.012104842937362576,0.008535381280886272,2.4823481990930314,-0.40622420916966023
570.1,6.971863208176531,-0.14138162153153874,-0.013994428185518264,0.008517181565731176,2.487034353530171,-0.4061888262512948
570.2,6.987019550428773,-0.1414745697988387,-0.01613021346600694,0.008500917990486195,2.4916281699488443,-0.40615344333292935
570.3000000000001,7.001341195571472,-0.1415704226994918,-0.01847526877397866,0.008486977783133356,2.4961065638444357,-0.40612513699823705
570.4,7.014784212177808,-0.14166337096679177,-0.021004974106200114,0.00847342480376254,2.5004464507123285,-0.40609683066354474
570.5,7.027128943113693,-0.14175922386744488,-0.02367624445701304,0.008463744104211956,2.504647830552522,-0.40606144774517927
570.6,7.038287525525489,-0.14185217213474485,-0.02647061482399246,0.008458710140445653,2.508687618860401,-0.40604021799416007
570.7,7.048128165132742,-0.14194802503539794,-0.029345000201480103,0.008457935684481607,2.512542731131348,-0.40602606482681386
570.8000000000001,7.056562999081816,-0.14204387793605106,-0.03226247058462602,0.008461033508337793,2.516190082860747,-0.40600483507579466
570.9,7.063548095945893,-0.14213973083670414,-0.03518609596858026,0.008464905788158027,2.5196296740485984,-0.4059836053247754
571.0,7.069039524298154,-0.1422326791040041,-0.03807279134768455,0.00847226311981647,2.522815335685668,-0.40596237557375614
571.1,7.072905489858147,-0.14232853200465723,-0.04089178171789727,0.008484267187259193,2.5257932367811904,-0.40594822240641
571.2,7.075233855479506,-0.14242438490531031,-0.04360613707436847,0.008503628586360359,2.528494123821315,-0.4059411458227369
571.3000000000001,7.075980689735413,-0.14252314243931655,-0.0461789274122482,0.00852802394922783,2.5309179968060422,-0.4059411458227369
571.4,7.075189924052688,-0.14261899533996963,-0.048573222726686516,0.008555517135951485,2.5330417712307556,-0.4059340692390638
571.5,7.072817627004511,-0.14271484824062272,-0.05075209301283347,0.008586882602495375,2.534842362590839,-0.4059340692390638
571.6,7.068995592871336,-0.14281360577462895,-0.05269091826745575,0.008621345892895451,2.536342855390908,-0.4059411458227369
571.7,7.063767753079984,-0.14290945867528204,-0.05435892348651175,0.008660455919079806,2.537520165126347,-0.40596237557375614
571.8000000000001,7.057221970484087,-0.14300531157593516,-0.055737643667576484,0.008701502085174279,2.538328122787923,-0.4059765287411023
571.9,7.049490039364103,-0.14310116447658824,-0.056796303806608335,0.008742548251268752,2.5388128973848683,-0.40599775849212155
572.0,7.040615891146848,-0.1431941127438882,-0.05752259390199065,0.008785143329291319,2.538951404412567,-0.4060189882431408
572.1,7.030775251539595,-0.14328706101118818,-0.057904203952106784,0.008830449003188048,2.538766728375635,-0.40604021799416007
572.2,7.020143846249616,-0.14338000927848818,-0.057922668954531756,0.008880788640851081,2.5382588692740735,-0.4060685243288524
572.3000000000001,7.0088095381305475,-0.14347295754578815,-0.0575841439100739,0.008935000558334346,2.5374970806217307,-0.40609683066354474
572.4,6.99699198431648,-0.14356590581308812,-0.05687016381630823,0.008993084755637846,2.536435193409374,-0.4061109838308909
572.5,6.984866910514687,-0.1436588540803881,-0.05579919367565973,0.009056977372671695,2.5351886301600857,-0.40613221358191015
572.6,6.97256611100562,-0.14375470698104117,-0.05437738848893672,0.009124355041543753,2.533780475378482,-0.4061463667492563
572.7,6.960309242923373,-0.1438505598816943,-0.05260474825613921,0.009198702814092232,2.5322568980737965,-0.40616759650027556
572.8000000000001,6.948272031975215,-0.14394641278234738,-0.050505892980500476,0.009276148410496898,2.5306178982460286,-0.40619590283496787
572.9,6.936586272441602,-0.1440422656830005,-0.04809313266363719,0.009356691830757751,2.5289096449044113,-0.40621713258598713
573.0,6.925427690029806,-0.1441410232170067,-0.045391087308782635,0.009440720302856814,2.527155222553561,-0.40624543892067944
573.1,6.914928079020281,-0.1442368761176598,-0.04242437691917012,0.009527072142848016,2.5253777156980943,-0.4062666686716987
573.2,6.905307096547118,-0.14433563365166602,-0.039229931499649595,0.009614585666785287,2.5236002088426277,-0.40629497500639106
573.3000000000001,6.896608674037136,-0.14443439118567225,-0.03582621605264603,0.00970326087466863,2.5217996174825448,-0.4063162047574103
573.4,6.889008537197606,-0.14453024408632534,-0.03225016058300937,0.009790387170623879,2.5199990261224614,-0.40633035792475647
573.5,6.882550617455346,-0.14462609698697843,-0.028544850096397893,0.009878287922543173,2.5181984347623785,-0.4063374345084295
573.6,6.877322777663993,-0.14472194988763154,-0.024734904596044893,0.009965414218498423,2.516397843402295,-0.4063515876757757
573.7,6.873456812104,-0.14481780278828463,-0.020857254086800323,0.010052540514453671,2.514597252042212,-0.40637281742679493
573.8000000000001,6.870908789348551,-0.1449107510555846,-0.01695498357432245,0.010134632846642616,2.512750491672896,-0.40638697059414114
573.9,6.86976657225128,-0.14500079468953145,-0.013065023063461231,0.010211303987083236,2.5108806467989635,-0.40640820034516034
574.0,6.870030160812189,-0.1450908383234783,-0.009218147558258285,0.010283328391739576,2.508964632915798,-0.40642235351250655
574.1,6.8716995550312765,-0.14517797732407203,-0.0054574420643718835,0.010351867744557704,2.5069793655187835,-0.4064365066798527
574.2,6.874730823481725,-0.14526511632466577,-0.001813681585843652,0.01041769650150167,2.5049248446079195,-0.40645773643087196
574.3000000000001,6.879123966163535,-0.14534935069190635,0.0016823588732847864,0.010480040206607425,2.502754901173973,-0.406464813014545
574.4,6.884835051649887,-0.14543358505914697,0.005006059309780133,0.01053967331583902,2.500515704226178,-0.406464813014545
574.5,6.891776217087146,-0.14551491479303444,0.008114334717984114,0.010598919197088589,2.498184169259916,-0.406464813014545
574.6,6.899903531048493,-0.14559914916027503,0.010988720095471756,0.010658939534302204,2.4958064652844216,-0.406464813014545
574.7,6.909129130680292,-0.14568338352751564,0.013610750439818084,0.010722832151336053,2.4933595077950783,-0.406464813014545
574.8000000000001,6.919365153128909,-0.14576761789475623,0.015955805747789802,0.010787111996351925,2.4908663812965015,-0.4064718895982181
574.9,6.930523735540705,-0.14585185226199684,0.018011576017770255,0.010853715209259937,2.4883040012840754,-0.4064789661818912
575.0,6.942473083635226,-0.14593608662923743,0.01975344124652615,0.010922254562078067,2.4856954522624166,-0.4064789661818912
575.1,6.955125334558837,-0.14602322562983117,0.02118755643486581,0.010993117282788336,2.4830638187361416,-0.40648604276556427
575.2,6.968348694031083,-0.1461103646304249,0.02229545658036426,0.011067465055336815,2.480386016200633,-0.40648604276556427
575.3000000000001,6.982011367771511,-0.1461975036310186,0.023083296683829822,0.011145297879723504,2.4776851291605086,-0.40648604276556427
575.4,6.996025492926482,-0.14628464263161234,0.023538766743645852,0.01122739021191245,2.4749380731111508,-0.40648604276556427
575.5,7.010215343788727,-0.1463746862655592,0.02368033176223732,0.011312193139975559,2.4721910170617933,-0.4064789661818912
575.6,7.024493057504608,-0.14646472989950604,0.023495681737987578,0.01139970666391283,2.4694208765078196,-0.4064789661818912
575.7,7.038682908366852,-0.146557678166806,0.023009436674129927,0.01149147969565236,2.466627651449229,-0.40648604276556427
575.8000000000001,7.052740964948642,-0.14664772180075286,0.022227751571472686,0.011581316587481771,2.463811341886022,-0.4064931193492374
575.9,7.066447570115887,-0.1467348608013466,0.02116293643163251,0.011668830111419044,2.460948863313582,-0.4065001959329104
576.0,7.079802723868588,-0.14682490443529345,0.019833456257034372,0.011753245811500128,2.4580402157319097,-0.4065001959329104
576.1,7.092586769072653,-0.14690913880253403,0.01825162104929492,0.011834176459743004,2.4551084836456205,-0.40651434910025663
576.2,7.104799705728083,-0.14699337316977465,0.01643589581083913,0.011913170968075763,2.4521305825500983,-0.4065214256839297
576.3000000000001,7.116265808127606,-0.14707470290366212,0.014410900544900298,0.011987905968606266,2.44912959694996,-0.40653557885127584
576.4,7.126941144844403,-0.1471560326375496,0.0121951002539034,0.012057219777388441,2.4461286113498213,-0.40653557885127584
576.5,7.136781784451656,-0.14723445773808394,0.009806959940273412,0.012121886850386338,2.443150710254299,-0.40654265543494894
576.6,7.145743795522547,-0.14730997820526517,0.007277254608051953,0.012182681643564,2.44021897816801,-0.4065568086022951
576.7,7.153695383776622,-0.1473854986724464,0.0046244492596640005,0.012239604156921428,2.437333415090954,-0.4065709617696413
576.8000000000001,7.160680480640699,-0.1474581145062745,0.0018731638983428525,0.012289943794584462,2.4345401900323633,-0.40658511493698746
576.9,7.16665515468796,-0.1475278257067495,-0.0009642914742948413,0.012334087784535121,2.4318854720014715,-0.4065992681043336
577.0,7.171575474491586,-0.14759463227387135,-0.0038571418542074575,0.012374359494665548,2.4293692609982784,-0.4066063446880067
577.1,7.175485371478397,-0.14766434347434632,-0.006780767238161698,0.012412307836903834,2.427037726032017,-0.40662049785535287
577.2,7.178340914221573,-0.14773115004146817,-0.009722857624540912,0.012449481723178073,2.4248908671026874,-0.4066417276063721
577.3000000000001,7.180142102721114,-0.14779795660859005,-0.0126587930101118,0.012483945013578149,2.422974853219522,-0.4066488041900452
577.4,7.18093286840384,-0.1478647631757119,-0.015576263393257716,0.012517246620032155,2.421289684382521,-0.4066558807737183
577.5,7.180801074123385,-0.14793156974283375,-0.018444493769937034,0.012549773770522115,2.4198815296009175,-0.4066629573573914
577.6,7.179702788452933,-0.14800128094330872,-0.021263484140149752,0.012583075376976121,2.418773473379328,-0.40667711052473754
577.7,7.177725874246119,-0.14806808751043057,-0.024008614500662575,0.01261792589535822,2.417942431213136,-0.4066983402757568
577.8000000000001,7.174870331502943,-0.14813779871090557,-0.02667372985066718,0.01264929136190211,2.417388403102341,-0.40671249344310295
577.9,7.171224023077041,-0.14820460527802742,-0.029240365187738586,0.012679107916517907,2.417111389046944,-0.4067266466104491
578.0,7.166830880395231,-0.14827141184514928,-0.03170236551106847,0.01270621387525954,2.417111389046944,-0.40674787636146836
578.1,7.161734834884333,-0.14834112304562425,-0.03405357581984851,0.012732158150055102,2.417342234093108,-0.4067620295288145
578.2,7.15602374939798,-0.14840792961274613,-0.03628784111327038,0.012757327968886619,2.417803924185437,-0.4067832592798338
578.3000000000001,7.149785486789812,-0.14847473617986798,-0.03839285138971744,0.012780174419825995,2.4184964593239306,-0.40679741244717993
578.4,7.143020047059825,-0.14854154274698983,-0.04038091665080632,0.012801859186819302,2.419396755003972,-0.40680448903085303
578.5,7.135947087342112,-0.14860834931411168,-0.042239726894920386,0.012821607813902491,2.4205048112255616,-0.4068186421981992
578.6,7.128522676209854,-0.14867225124788042,-0.04396928212205963,0.012839807529057588,2.4218206279886996,-0.4068257187818723
578.7,7.120878607943506,-0.14873905781500227,-0.04557573733303238,0.012856071104302567,2.423344205293385,-0.40683987194921845
578.8000000000001,7.113146676823521,-0.148802959748771,-0.047065247528646964,0.01286691348779922,2.425029374130386,-0.4068611017002377
578.9,7.1053268828499005,-0.14886395704918662,-0.04843781270890337,0.01287388359147564,2.4268992190043184,-0.40687525486758386
579.0,7.097594951729916,-0.1489249543496022,-0.049699587874609936,0.01287736864331385,2.428930655410566,-0.40688940803493
579.1,7.089994814890385,-0.14898595165001782,-0.05086288302738331,0.012877755871295873,2.4311236833491288,-0.40690356120227616
579.2,7.082570403758128,-0.14904694895043344,-0.051927698167223486,0.012875432503403735,2.433501387324623,-0.4069247909532954
579.3000000000001,7.075497444040415,-0.1491050416174959,-0.05290018829493879,0.012870011311655407,2.4359945138231995,-0.40693186753696853
579.4,7.068775935737246,-0.1491631342845584,-0.0537988184129542,0.01286226675201494,2.4386492318540913,-0.4069389441206416
579.5,7.062537673129077,-0.14922122695162088,-0.05462358852126971,0.01285181159650031,2.4414655414172985,-0.4069389441206416
579.6,7.056826587642725,-0.14927931961868338,-0.05538680862150198,0.012841743668967705,2.4444434425128203,-0.4069460207043147
579.7,7.051686610705008,-0.14933450765239273,-0.05610078871526764,0.012831288513453075,2.447536766131425,-0.40696017387166084
579.8000000000001,7.047161673742744,-0.1493926003194552,-0.05676552880256671,0.012817735534082258,2.4507685967777277,-0.40696725045533394
579.9,7.043339639609569,-0.14944778835316458,-0.05738718388420751,0.012803020870765371,2.4540696809378804,-0.4069814036226801
580.0,7.040176576878667,-0.14950297638687393,-0.057984218962615006,0.012785208383592298,2.457463103116498,-0.40699555679002625
580.1,7.037760348403672,-0.14955816442058328,-0.05855047903698088,0.012766234212473155,2.4609026943043495,-0.40700970995737246
580.2,7.036090954184584,-0.14961335245429264,-0.05909827410892178,0.012746485585389966,2.4643653699968167,-0.40703093970839166
580.3000000000001,7.0351683942214045,-0.14966854048800202,-0.0596276041784377,0.012725188046378682,2.467851130193901,-0.40703801629206476
580.4,7.034948737087314,-0.14972082388835825,-0.060150779247145306,0.012703503279385376,2.471290721381752,-0.40703801629206476
580.5,7.0354759142091305,-0.14977310728871449,-0.060661644314236256,0.012680269600463976,2.4747533970742195,-0.40704509287573787
580.6,7.036662062733219,-0.14982829532242384,-0.06116019937971056,0.012658197605488647,2.478169903757454,-0.4070521694594109
580.7,7.038551114086397,-0.14988057872278007,-0.06164644444356821,0.01263535115454927,2.4815402414314556,-0.40706632262675707
580.8000000000001,7.041099136841847,-0.1499328621231363,-0.06212653450661754,0.012610181335717754,2.484841325591608,-0.4070804757941033
580.9,7.044218268145932,-0.14998224089013942,-0.06259431456805022,0.012582688148994098,2.488073156237911,-0.40709462896144943
581.0,7.0478645765718335,-0.1500316196571425,-0.06304978462786624,0.012553646050342348,2.491189564361132,-0.4071087821287956
581.1,7.0519941306927345,-0.15008099842414563,-0.06348063468444898,0.012524991179672621,2.494236718970503,-0.40713001187981485
581.2,7.056519067654998,-0.15013037719114875,-0.06388686473779841,0.012497497992948966,2.497191535561409,-0.407144165047161
581.3000000000001,7.061439387458624,-0.15017975595815186,-0.06426231978710621,0.012470392034207333,2.5000540141338488,-0.4071512416308341
581.4,7.06662329582316,-0.15022913472515498,-0.06459468983075575,0.012444834987393794,2.502801070183206,-0.40715831821450715
581.5,7.072026861321785,-0.15027560885880495,-0.06488397486874702,0.0124200523965443,2.505501957223331,-0.40716539479818026
581.6,7.077562221100865,-0.15032789225916118,-0.06511786489946335,0.012399916541479088,2.5081105062449898,-0.4071795479655264
581.7,7.083097580879945,-0.1503772710261643,-0.06528404992128811,0.012380942370359943,2.510603632743566,-0.40720077771654567
581.8000000000001,7.088676872085843,-0.15042664979316742,-0.06537637493341299,0.012361193743276754,2.5130044212236773,-0.4072149308838918
581.9,7.094080437584468,-0.15047602856017053,-0.06538868493502964,0.012341832344175588,2.5152897871807056,-0.407229084051238
582.0,7.099308277375822,-0.1505225026938205,-0.06530866992452142,0.012322858173056445,2.517459730614652,-0.4072432372185842
582.1,7.104228597179448,-0.15057188146082362,-0.06512401990027168,0.012305820141847418,2.519468082516283,-0.40726446696960344
582.2,7.1087974655685295,-0.15061835559447362,-0.06482857986147209,0.012289943794584462,2.521314842885599,-0.40728569672062265
582.3000000000001,7.1129270196894305,-0.1506677343614767,-0.064410039806506,0.012273680219339483,2.5229769272179836,-0.40729984988796886
582.4,7.116573328115332,-0.1507113038617736,-0.06385608973375678,0.012257416644094502,2.524477420018053,-0.407314003055315
582.5,7.119648527992599,-0.15075777799542356,-0.06317288464403274,0.0122407658408675,2.5257932367811904,-0.40733523280633427
582.6,7.122152619321231,-0.15080425212907356,-0.06233580453410058,0.012225276721586567,2.52690129300278,-0.4073564625573535
582.7,7.123953807820772,-0.1508478216293704,-0.06135100440476862,0.012207464234413493,2.527778504178205,-0.40738476889204583
582.8000000000001,7.125139956344861,-0.15088848649631414,-0.060212329255228556,0.01218500501145614,2.528447954812082,-0.4074059986430651
582.9,7.125579270613041,-0.15092624672990476,-0.05890746908386371,0.012159060736660577,2.528840391390562,-0.40742722839408435
583.0,7.125359613478951,-0.15096400696349538,-0.05744873389229076,0.012130793093972874,2.5290250674274937,-0.40745553472877666
583.1,7.124437053515771,-0.151001767197086,-0.055817658678084706,0.0121013637673391,2.5289327294090276,-0.4074767644797959
583.2,7.122811590723502,-0.1510366227973235,-0.05402655344286222,0.012071547212723304,2.528609546344397,-0.4075050708144882
583.3000000000001,7.120571087955779,-0.15106857376420785,-0.05207541818662328,0.012040568974161439,2.5280555182336024,-0.40751922398183443
583.4,7.117715545212603,-0.15110052473109223,-0.04997040791017623,0.012009203507617548,2.5272475605720266,-0.40754045373285364
583.5,7.11433282534761,-0.15113247569797658,-0.04771152261352105,0.011977450813091636,2.526278011378136,-0.4075616834838729
583.6,7.110510791214435,-0.15116733129821408,-0.045304917297466094,0.011949570398385956,2.5250776171380807,-0.40758291323489215
583.7,7.1062494428130805,-0.15119637763174532,-0.04276905696443631,0.01192091552771623,2.5236925468610933,-0.4076112195695845
583.8000000000001,7.101724505850816,-0.1512283285986297,-0.04011009661524003,0.01189303511301055,2.5221228005471747,-0.4076395259042768
583.9,7.096979911754462,-0.15126027956551405,-0.03734034625149391,0.01186747806619701,2.520345293691708,-0.4076607556552961
584.0,7.092103523377654,-0.15128932589904528,-0.03447827087562292,0.011843857159293588,2.518429279808543,-0.4076890619899884
584.1,7.087271066427664,-0.15132127686592967,-0.03154233549005203,0.011824495760192422,2.5163285898884458,-0.40771736832468075
584.2,7.08252647233131,-0.15135613246616714,-0.028538695095589567,0.011808619412929464,2.5140432239314174,-0.40774567465937306
584.3000000000001,7.077957603942227,-0.15138808343305152,-0.025498124696277158,0.011795453661540672,2.5115962664420737,-0.4077669044103923
584.4,7.073784118394509,-0.15142003439993587,-0.02243293429373145,0.011785772961990088,2.5090108019250312,-0.40778105757773847
584.5,7.070006015688152,-0.15145198536682025,-0.019373898891994066,0.011779190086295691,2.50628683038029,-0.4077952107450846
584.6,7.066799021530432,-0.15148684096705772,-0.01633948349348998,0.011777253946385575,2.5034243518078503,-0.4078164404961039
584.7,7.064250998774982,-0.1515187919339421,-0.013354308101452494,0.011775317806475458,2.5004002817030955,-0.4078305936634501
584.8000000000001,7.062405878848622,-0.15155074290082646,-0.010436837718306578,0.011772219982619273,2.4972607890752583,-0.4078518234144693
584.9,7.061439387458624,-0.15158269386771084,-0.007617847348093859,0.011767573246834992,2.4939366204104894,-0.40787305316548855
585.0,7.061351524604988,-0.15161174020124207,-0.0049158019932393085,0.011760990371140596,2.4904970292226385,-0.4078872063328347
585.1,7.06223015314135,-0.1516378819014202,-0.0023614766577845516,0.011751696899572036,2.4869189310070885,-0.40790843608385396
585.2,7.064163135921346,-0.1516640236015983,2.6663655845437927e-05,0.011738918376165267,2.4831792412592235,-0.4079225892512001
585.3000000000001,7.067106541518158,-0.1516872606684233,0.0022301539452256863,0.01172188034495624,2.47930104448366,-0.4079296658348732
585.4,7.071192164212241,-0.15170759310189516,0.004212064205506245,0.011700582805944956,2.4753074251850142,-0.4079296658348732
585.5,7.076376072576776,-0.15172792553536704,0.005966239435878789,0.011676187443077487,2.4712214678679025,-0.4079367424185463
585.6,7.082658266611764,-0.15174535333548578,0.007461904632301695,0.011650243168281924,2.4670200880277084,-0.4079438190022194
585.7,7.089994814890385,-0.15176278113560454,0.008692904793966637,0.011619264929720057,2.4627494546736655,-0.4079508955858925
585.8000000000001,7.09842964883946,-0.15177730430237016,0.009640774918448643,0.011584027183355935,2.4583864833011564,-0.4079579721695656
585.9,7.10787490560535,-0.15178892283578266,0.010280895002514414,0.011546466069099672,2.4539311739101812,-0.40796504875323863
586.0,7.11824272233442,-0.15180054136919516,0.010619420046972273,0.011505807130987223,2.4494296955099735,-0.40797212533691174
586.1,7.129445236173034,-0.15181215990260766,0.010631730048588924,0.011465148192874773,2.4448589635959164,-0.4079792019205848
586.2,7.141394584267555,-0.151820873802667,0.010323980008172686,0.011423714798798277,2.44021897816801,-0.4079792019205848
586.3000000000001,7.154002903764348,-0.1518295877027264,0.009683859924106917,0.011382668632703805,2.435509739226254,-0.40797212533691174
586.4,7.1671823318097765,-0.1518412062361389,0.008717524797199937,0.01134394583450147,2.430777415779882,-0.40796504875323863
586.5,7.180757142696567,-0.1518528247695514,0.007424974627451746,0.011307159176209254,2.42604509233351,-0.40796504875323863
586.6,7.194551610717449,-0.1518644433029639,0.00581236441567067,0.011275406481683342,2.421266599877905,-0.40796504875323863
586.7,7.208521804445603,-0.15187606183637636,0.0038858491626650345,0.011244428243121475,2.4164881074222992,-0.40796504875323863
586.8000000000001,7.222491998173757,-0.151890585003142,0.0016577388700514876,0.011214611688505679,2.411686530462078,-0.40796504875323863
586.9,7.23624253476782,-0.15190220353655448,-0.0008596564605533212,0.01118556958985393,2.4068849535018564,-0.40797212533691174
587.0,7.2497294828009755,-0.15191382206996698,-0.0036478718267244172,0.01115768917514825,2.4020833765416345,-0.40797212533691174
587.1,7.262733185139131,-0.1519283452367326,-0.006688442226036827,0.011131357672370664,2.397327968590646,-0.4079792019205848
587.2,7.2751218475018335,-0.1519399637701451,-0.009962902656065576,0.011105413397575101,2.3926418141535066,-0.4079792019205848
587.3000000000001,7.286763675608628,-0.1519515823035576,-0.013446633113577364,0.011079081894797515,2.3880018287256,-0.40797212533691174
587.4,7.297570806605879,-0.1519632008369701,-0.01710885859453057,0.011052363164037906,2.3835003503253924,-0.40797212533691174
587.5,7.307367514786314,-0.1519748193703826,-0.020931114096500218,0.011024869977314248,2.379183547962116,-0.40797212533691174
587.6,7.316109868723115,-0.1519864379037951,-0.024882624615444687,0.010997764018572616,2.3750283371311554,-0.4079792019205848
587.7,7.3236660741358275,-0.1519980564372076,-0.028932615147322347,0.010965624096064679,2.3711039713463586,-0.4079862785042579
587.8000000000001,7.329948268170814,-0.15200677033726695,-0.03305646568889991,0.010927675753826393,2.3674566196169597,-0.407993355087931
587.9,7.334956450828077,-0.1520125796039732,-0.03721109123451909,0.010885080675803828,2.364086281942958,-0.40800043167160405
588.0,7.338558827827161,-0.15201838887067945,-0.04137802678175492,0.010837838861996981,2.3611083808474356,-0.40800750825527715
588.1,7.340755399168065,-0.1520241981373857,-0.045520342325757454,0.010787499224333948,2.3584767473211605,-0.4080145848389502
588.2,7.341546164850792,-0.15202710277073883,-0.04960726286248507,0.010732512850886635,2.356306803887214,-0.4080216614226233
588.3000000000001,7.34088719344852,-0.15202710277073883,-0.05360185838708781,0.010672879741655043,2.3545754660409806,-0.4080287380062964
588.4,7.338822416388069,-0.15203000740409195,-0.0574856638971407,0.01060859989663917,2.353375071800925,-0.4080287380062964
588.5,7.3353957650962585,-0.15203000740409195,-0.06122790438860213,0.010541222227767112,2.352751790176281,-0.40803581458996946
588.6,7.330607239573086,-0.15203291203744507,-0.06479780485743046,0.01047113396302089,2.3526825366624315,-0.4080499677573156
588.7,7.324544702672189,-0.15203291203744507,-0.06817074530039241,0.010395237278544318,2.3532365647732263,-0.4080641209246618
588.8000000000001,7.317252085820385,-0.15203000740409195,-0.07132210571425467,0.010315081086265488,2.354390790004049,-0.408078274092008
588.9,7.308773320444494,-0.15203000740409195,-0.07422726609578394,0.010231052614166425,2.3561913813641318,-0.40809242725935413
589.0,7.299284132251785,-0.15202710277073883,-0.07687391644336355,0.010143926318211177,2.358615254348859,-0.4081065804267003
589.1,7.288828452669079,-0.15202710277073883,-0.07924359175456858,0.010054089426381765,2.361685493462847,-0.4081207335940465
589.2,7.27749414455001,-0.1520241981373857,-0.081317827026974,0.009960767482714144,2.3654020987060953,-0.40813488676139265
589.3000000000001,7.265413002175035,-0.1520241981373857,-0.08309046725977152,0.009863960487208312,2.369741985573988,-0.4081419633450657
589.4,7.252760751251423,-0.1520212935040326,-0.08454920245134448,0.009764442895828316,2.3747513230757575,-0.4081419633450657
589.5,7.239581323205996,-0.15201838887067945,-0.08569403260169288,0.009663376392520228,2.380407026706788,-0.4081490399287388
589.6,7.226050443746023,-0.15201838887067945,-0.08651880271000839,0.009560760977284045,2.386662927457846,-0.40816319309608495
589.7,7.212343838578777,-0.15201548423732633,-0.08702966777709933,0.009452724370299537,2.393542109833548,-0.40817026967975806
589.8000000000001,7.198505439131077,-0.1520125796039732,-0.08722662780296572,0.009340815483494795,2.400975320320045,-0.40817734626343116
589.9,7.184667039683378,-0.1520096749706201,-0.08711583778841589,0.009224647088887795,2.4089625589173367,-0.4081914994307773
590.0,7.171048297369769,-0.15200677033726695,-0.08670960773506646,0.009106155326388657,2.417480741120807,-0.40819857601445036
590.1,7.1576931436170685,-0.15200096107056071,-0.08602024764453409,0.008985727423979403,2.4264836979212223,-0.4082127291817966
590.2,7.144733372705731,-0.1519980564372076,-0.08506622251924376,0.008863750609642054,2.43592526030935,-0.4082127291817966
590.3000000000001,7.13230077891621,-0.15199224717050133,-0.0838598423608121,0.008740999339340659,2.4457361747713415,-0.4082127291817966
590.4,7.120483225102142,-0.15198934253714821,-0.08241957217166412,0.008617473613075218,2.455962610316429,-0.40820565259812347
590.5,7.109412505543983,-0.15198353327044198,-0.08076387695422478,0.008496271254701915,2.4665122289261467,-0.40819857601445036
590.6,7.099088620241731,-0.15198062863708883,-0.07892968671334401,0.008376617808256707,2.477315777086645,-0.40820565259812347
590.7,7.089687294902659,-0.15197772400373571,-0.07692315644983015,0.008257351589793523,2.488327085788692,-0.40820565259812347
590.8000000000001,7.0811645980999485,-0.15197772400373571,-0.07477506116772482,0.00813963428325843,2.4994769015184373,-0.40820565259812347
590.9,7.073608392687237,-0.1519748193703826,-0.07251002087026133,0.008024240344615479,2.510695970762032,-0.40820565259812347
591.0,7.06706261009134,-0.15197191473702948,-0.07015265556067297,0.007911944229828714,2.5219381245102435,-0.40820565259812347
591.1,7.061571181739079,-0.15197191473702948,-0.0677214302413847,0.007804682078808252,2.5331341092492217,-0.40820565259812347
591.2,7.057046244776815,-0.15197191473702948,-0.06523480991482151,0.007702453891554093,2.544168502455885,-0.40819857601445036
591.3000000000001,7.053531730631367,-0.15197191473702948,-0.06272972458583337,0.007605259668066237,2.5550182196256164,-0.4081914994307773
591.4,7.050983707875918,-0.15197191473702948,-0.060212329255228556,0.007513099408344686,2.565637091749183,-0.4081844228471042
591.5,7.049402176510466,-0.1519748193703826,-0.057707243926240395,0.0074286837082636,2.5759096963035035,-0.40817734626343116
591.6,7.048699273681377,-0.15197772400373571,-0.055226778600485533,0.007350463655894888,2.5858129487839605,-0.40817734626343116
591.7,7.048831067961832,-0.15198062863708883,-0.05278939828038895,0.007273792515454269,2.595254511172089,-0.40817734626343116
591.8000000000001,7.049709696498193,-0.15198062863708883,-0.050401257966758956,0.0072009936548338834,2.6041651299540383,-0.40817026967975806
591.9,7.051291227863644,-0.15198353327044198,-0.04807466766121221,0.007131292618069684,2.6125448051298097,-0.40817026967975806
592.0,7.053399936350913,-0.15198353327044198,-0.04582193736536537,0.007066625545071788,2.620301198680937,-0.40817026967975806
592.1,7.056035821959999,-0.15198353327044198,-0.04363691207841009,0.007007766891804242,2.6274112261028035,-0.40817026967975806
592.2,7.059067090410448,-0.15198353327044198,-0.041525746801154714,0.006953167746338953,2.6338287183861766,-0.40816319309608495
592.3000000000001,7.062405878848622,-0.15198062863708883,-0.03948844153359923,0.0069028281086759204,2.6395536755310562,-0.4081561165124119
592.4,7.065876461567252,-0.15198062863708883,-0.03751884127493533,0.006858684118725261,2.6445399285282094,-0.4081490399287388
592.5,7.069478838566336,-0.15197772400373571,-0.03561079102435467,0.0068222846884150685,2.648810561882253,-0.4081561165124119
592.6,7.073037284138601,-0.15197772400373571,-0.03375813578104893,0.006791693677835225,2.6522963220793367,-0.40816319309608495
592.7,7.076507866857231,-0.1519748193703826,-0.03194856554340146,0.006764974947075616,2.6549972091194616,-0.40816319309608495
592.8000000000001,7.079714861014952,-0.15197191473702948,-0.03017592531060394,0.006744839092010403,2.656936307507243,-0.4081561165124119
592.9,7.082614335184946,-0.15196901010367636,-0.028415595079423074,0.006732447796585656,2.658113617242682,-0.40816319309608495
593.0,7.085162357940395,-0.15196610547032322,-0.02666141984905053,0.006730511656675539,2.658506053821162,-0.40816319309608495
593.1,7.087183203574027,-0.15196610547032322,-0.024894934617061337,0.006739805128244099,2.658159786251915,-0.40817734626343116
593.2,7.088720803512661,-0.15196610547032322,-0.023097674381030518,0.006757230387435149,2.657028645525709,-0.4081844228471042
593.3000000000001,7.089643363475841,-0.15196901010367636,-0.02125732913934143,0.006785110802140829,2.6551588006517766,-0.4081844228471042
593.4,7.089906952036749,-0.15196901010367636,-0.01935543388956909,0.0068218974604330445,2.652619505143967,-0.40819857601445036
593.5,7.089555500622205,-0.15197191473702948,-0.01737967863009686,0.0068706881861679845,2.649387674497664,-0.4082127291817966
593.6,7.088457214951752,-0.15197772400373571,-0.015305443357691429,0.006927610699525413,2.645486393217484,-0.4082339589328158
593.7,7.086699957879029,-0.15198062863708883,-0.01312657307154448,0.0069903416326131925,2.64096183031266,-0.40825518868383504
593.8000000000001,7.084239797977215,-0.15198353327044198,-0.01083075777003936,0.007060429897359415,2.635837070287808,-0.4082764184348543
593.9,7.08112066667313,-0.1519864379037951,-0.008405687451559422,0.007136713809818011,2.6301351976475447,-0.40830472476954666
594.0,7.077342563966774,-0.15198934253714821,-0.005839052114488016,0.007219193369988979,2.623948550410336,-0.40832595452056586
594.1,7.072993352711783,-0.15199224717050133,-0.003130851758825141,0.007307094121908275,2.617277128576182,-0.4083542608552582
594.2,7.068073032908156,-0.15199224717050133,-0.00027493138376247315,0.00739731824171971,2.6101671011543153,-0.4083754906062775
594.3000000000001,7.062669467409531,-0.15199224717050133,0.0027225540098916633,0.007491801869333402,2.602710806163202,-0.40838964377362363
594.4,7.056914450496361,-0.15199224717050133,0.005873914423753917,0.007587834408875188,2.5949544126120747,-0.4084108735246429
594.5,7.050851913595464,-0.15199224717050133,0.009160684855399316,0.007686190316309113,2.586967174014783,-0.40843210327566215
594.6,7.044613650987294,-0.15198934253714821,0.012582865304827858,0.007782610083832922,2.5788183438851764,-0.40845333302668135
594.7,7.038243594098671,-0.15198353327044198,0.01612199076961457,0.00787554479951852,2.5705079222232543,-0.4084745627777006
594.8000000000001,7.031917468636865,-0.15197772400373571,0.0197657512481428,0.007964220007401863,2.562151331552099,-0.40849579252871987
594.9,7.025679206028696,-0.15196901010367636,0.023501836738795905,0.008049797391429019,2.5537485718717114,-0.4085240988634122
595.0,7.019704531981435,-0.15195739157026386,0.027299472237532253,0.00813266417958201,2.5453919812005568,-0.40855240519810454
595.1,7.014125240775537,-0.15194577303685136,0.031140192741926875,0.008212433143878817,2.537104644043251,-0.40858071153279685
595.2,7.00898526383782,-0.15193124987008574,0.03499937824874647,0.008287168144409319,2.5289327294090276,-0.40859486470014306
595.3000000000001,7.004416395448739,-0.15191382206996698,0.038840098753141095,0.008359192549065657,2.520945490811736,-0.4086019412838161
595.4,7.000594361315565,-0.15189639426984824,0.042637734251877446,0.008428893585829857,2.5131890972606086,-0.40861609445116226
595.5,6.997563092865116,-0.15188187110308263,0.046361509740913895,0.008500143534522149,2.505709717764879,-0.40863024761850847
595.6,6.995454384377847,-0.151867347936317,0.04996834021459218,0.008571006255232418,2.4985304368291628,-0.4086514773695277
595.7,6.994356098707395,-0.15184992013619825,0.05342745066887067,0.008640320064014594,2.4916743389580773,-0.40867270712054693
595.8000000000001,6.994312167280577,-0.15183539696943263,0.05670191109889942,0.00870963387279677,2.485210677665471,-0.4086939368715662
595.9,6.995454384377847,-0.151820873802667,0.05975479149982848,0.008779722137542993,2.479139452951345,-0.40871516662258545
596.0,6.997826681426025,-0.1518092552692545,0.06254300686599958,0.008850972086235285,2.4735068338249313,-0.40874347295727775
596.1,7.001429058425108,-0.1517947321024889,0.0650419371941794,0.008922996490891623,2.4682897357816134,-0.40875762612462396
596.2,7.006305446801917,-0.1517831135690764,0.0672084974787097,0.008994246439583915,2.4635112433260082,-0.408764702708297
596.3000000000001,7.012499777983268,-0.1517714950356639,0.06900575771474053,0.009066658072222279,2.459194440962732,-0.4087717792919701
596.4,7.019968120542344,-0.1517598765022514,0.07040909789903856,0.009140231388806711,2.455408582205634,-0.4087717792919701
596.5,7.028754405905962,-0.15175406723554516,0.07138158802675386,0.009216515301265306,2.4520844135408653,-0.4087788558756432
596.6,7.038770771220488,-0.15174535333548578,0.07189860809465314,0.009290475845831762,2.4492681039776585,-0.40878593245931627
596.7,7.049973285059102,-0.15173373480207328,0.07192938309869476,0.009360176882595961,2.4469596535160134,-0.4087930090429894
596.8000000000001,7.062318015994986,-0.15172502090201392,0.07146775803807041,0.009425618411557903,2.4451128931466974,-0.4088000856266624
596.9,7.075673169747687,-0.15171340236860142,0.07047680290793013,0.009484864292807472,2.4437278228697106,-0.4088000856266624
597.0,7.089950883463567,-0.15170178383518892,0.06895651770827392,0.009538301754326692,2.4428044426850524,-0.40880716221033553
597.1,7.105019362862174,-0.1516872606684233,0.06689459243748515,0.00958476911216949,2.4422965835834907,-0.40880716221033553
597.2,7.120746813663051,-0.15166983286830457,0.0642910270955638,0.009623879138353848,2.442204245565025,-0.4088000856266624
597.3000000000001,7.1370453730125645,-0.1516495004348327,0.06113351168089321,0.009656406288843808,2.4424812596204224,-0.40878593245931627
597.4,7.153651452349804,-0.1516291680013608,0.05743435619509006,0.00968235056363937,2.443127625749683,-0.4087788558756432
597.5,7.170477188821134,-0.15160883556788896,0.05320587063977098,0.0097044225586147,2.4440971749435736,-0.4087788558756432
597.6,7.187346856719282,-0.15158559850106396,0.0484542100157443,0.00971952444991361,2.445389907202095,-0.4087788558756432
597.7,7.204040798910158,-0.15156236143423896,0.04320399432624332,0.009729205149464192,2.446913484506781,-0.4087788558756432
597.8000000000001,7.220427221113306,-0.15153621973406084,0.03746753357288468,0.009734239113230497,2.4486679068576307,-0.4087717792919701
597.9,7.236286466194638,-0.15151007803388272,0.03128791276132667,0.009737724165068707,2.450630089750029,-0.4087717792919701
598.0,7.251442808446881,-0.1514839363337046,0.02468359689399425,0.009743145356817032,2.4527538641747424,-0.4087717792919701
598.1,7.265720522162761,-0.1514577946335265,0.01770382597735402,0.009750502688475476,2.4550161456271544,-0.4087717792919701
598.2,7.278987813061826,-0.1514345575667015,0.010373220014639285,0.009758634476097965,2.4573707650980325,-0.4087717792919701
598.3000000000001,7.29111288686362,-0.15141132049987652,0.0027348640115083126,0.00977180022748676,2.4598408070919926,-0.4087717792919701
598.4,7.301876086434053,-0.15139098806640464,-0.005155847024763973,0.009790774398605902,2.462380102599802,-0.4087788558756432
598.5,7.31114561749267,-0.15137065563293278,-0.013255828088519299,0.009815556989455396,2.464988651621461,-0.4087930090429894
598.6,7.318877548612655,-0.15135322783281402,-0.02152199417409939,0.009841888492232982,2.4676202851477362,-0.40880716221033553
598.7,7.324940085513552,-0.15133289539934217,-0.029892795273421004,0.009869381678956637,2.470275003178628,-0.4088213153776817
598.8000000000001,7.329201433914907,-0.15131256296587028,-0.03832514638082586,0.00989881100559041,2.47292972120952,-0.4088283919613548
598.9,7.331661593816721,-0.15129513516575155,-0.04675749748823072,0.00993133815608037,2.4755844392404116,-0.40884254512870094
599.0,7.3322327023653555,-0.15127480273227967,-0.055140608589168985,0.009967350358408539,2.4782391572713034,-0.40887085146339325
599.1,7.330870828133994,-0.15125737493216093,-0.06341908467636573,0.010004911472664803,2.4808707907975784,-0.4088920812144125
599.2,7.327575971122638,-0.15123704249868905,-0.07154368574335436,0.010041698130957018,2.4834793398192376,-0.40892038754910487
599.3000000000001,7.322348131331284,-0.1512167100652172,-0.07945901678285994,0.010078484789249234,2.4860878888408964,-0.4089416173001241
599.4,7.315275171613571,-0.15119637763174532,-0.08712199278922421,0.010114496991577404,2.488673353357939,-0.4089840768021626
599.5,7.306269229115862,-0.15117314056492032,-0.09447721875517225,0.01015128364986962,2.4912357333703645,-0.4090265363042011
599.6,7.295506029545429,-0.15114990349809534,-0.10148160967504577,0.010184198028341604,2.4937750288781744,-0.4090689958062396
599.7,7.282985572902272,-0.15112376179791723,-0.10809208054318652,0.010214401810939423,2.4962912398813675,-0.4091185318919512
599.8000000000001,7.268839653466846,-0.1510976200977391,-0.11427785635555285,0.010243443909591173,2.49880745088456,-0.40916806797766275
599.9,7.253156134092786,-0.151071478397561,-0.1199896971056782,0.010272098780260898,2.5012774928785206,-0.4092246806470474
600.0,7.2360668090605476,-0.15104243206402973,-0.12520913779113754,0.010303077018822765,2.5037475348724807,-0.4092812933164321
